﻿카테고리,순위,품번,브랜드명,상품명(한글),판매가,비회원가,좋아요 수,URL
아우터,1,1111,LAFUDGESTORE,솔라노 에어플로우 윈드 자켓_Black,74900,37000,5057,https://www.musinsa.com/app/goods/3417474?loc=goods_rank
아우터,2,TAF-2WHZU01MG,TOFFEE,2WAY 스웻 후드 집업 (MELANGE GREY),45000,39000,199159,https://www.musinsa.com/app/goods/1778404?loc=goods_rank
아우터,3,IA4778,ADIDAS,베켄바우어 트랙탑 - 블랙,105000,90900,10509,https://www.musinsa.com/app/goods/3042936?loc=goods_rank
아우터,4,Pack_13,URBANDTYPE,[ 리뉴얼 ] UB 바람막이 쓰리피스 셋업_블랙,109000,54000,15968,https://www.musinsa.com/app/goods/2288426?loc=goods_rank
아우터,5,WBC3L04503GR,GENERALIDEA,GNRL 에센셜 가디건 [GREY],85000,49000,11329,https://www.musinsa.com/app/goods/3434621?loc=goods_rank
아우터,6,fudge,LAFUDGESTORE,[3M 신슐레이트]오리지널 M-1965 피쉬테일 파카_Original Khaki,138000,94900,75327,https://www.musinsa.com/app/goods/2064478?loc=goods_rank
아우터,7,MMJJK601-BK,MUSINSA STANDARD,릴렉스드 베이식 블레이저 [블랙],81900,73690,57266,https://www.musinsa.com/app/goods/1558197?loc=goods_rank
아우터,8,MG2300HZ01GR,WHATITISNT,엔젤 와펜 후드집업 그레이,79000,47400,8720,https://www.musinsa.com/app/goods/3029811?loc=goods_rank
아우터,9,MK2378JP039M0BB,MATIN KIM,MATIN CROP HOODY COATING JUMPER IN BLACK,"
                                                                                                                                                158000",158000,116,https://www.musinsa.com/app/goods/3573116?loc=goods_rank
아우터,10,Pack50,URBANDTYPE,[ 리뉴얼 ]린넨 쓰리피스 셋업_블랙,99000,33900,4356,https://www.musinsa.com/app/goods/2458191?loc=goods_rank
아우터,11,DBCSJK12BE,DIMITRI BLACK,해링턴 블루종 자켓_샌드베이지,99000,35000,1751,https://www.musinsa.com/app/goods/3029724?loc=goods_rank
아우터,12,20230119-11,ESPIONAGE,Ray Yacht Parka Carrot,129000,109000,3868,https://www.musinsa.com/app/goods/3034336?loc=goods_rank
아우터,13,OJ5JP11A,THE NORTH FACE,OJ5JP11A 2023 팀코리아 트레이닝 자켓,"
                                                                                                                                                168000",168000,295,https://www.musinsa.com/app/goods/3554627?loc=goods_rank
아우터,14,OL196,URBANDTYPE,OL196_발마칸 울 코트_네이비,239000,89000,7009,https://www.musinsa.com/app/goods/2172267?loc=goods_rank
아우터,15,MJT153A03377415FW23,THOM BROWNE,남성 샌터 백 스트라이프 루프백 집업 후드 - 네이비,1260000,709000,55,https://www.musinsa.com/app/goods/3437281?loc=goods_rank
아우터,16,MKC002AY1014001SS23,THOM BROWNE,남성 4바 클래식 브이넥 가디건 - 블랙,1830000,898000,42,https://www.musinsa.com/app/goods/3303780?loc=goods_rank
아우터,17,NBNAD32843_99,NEW BALANCE,NBNAD32843/ UNI 컬러블록 웜업자켓 (MIX),"
                                                                                                                                                179000",179000,3998,https://www.musinsa.com/app/goods/2699189?loc=goods_rank
아우터,18,5004509854,MARDI MERCREDI,RACCOON BLENDED CARDIGAN V NECK SPADE_MINT,158000,150100,5587,https://www.musinsa.com/app/goods/3556311?loc=goods_rank
아우터,19,JK044BK,NOT4NERD,Tribal Logo Nylon Racing Jacket - Black,111500,89000,14965,https://www.musinsa.com/app/goods/3209864?loc=goods_rank
아우터,20,2170225,FP142,유스풀 벌룬 후드집업 그레이 SJHD1327,57000,39800,36957,https://www.musinsa.com/app/goods/2122596?loc=goods_rank
아우터,21,OL209,URBANDTYPE,OL209_러닝클럽 트랙 자켓_네이비,129000,59000,17473,https://www.musinsa.com/app/goods/2353497?loc=goods_rank
아우터,22,IA4776,ADIDAS,베켄바우어 트랙탑 - 네이비,105000,90900,7158,https://www.musinsa.com/app/goods/3042935?loc=goods_rank
아우터,23,5000021243,SUARE,헤리티지 블레이저 시리즈,169000,109900,14731,https://www.musinsa.com/app/goods/2723772?loc=goods_rank
아우터,24,JK044WH,NOT4NERD,Tribal Logo Nylon Racing Jacket - White,111500,89000,7998,https://www.musinsa.com/app/goods/3209863?loc=goods_rank
아우터,25,TAF-2WHZU01BK,TOFFEE,2WAY 스웻 후드 집업 (BLACK),45000,39000,47864,https://www.musinsa.com/app/goods/1778408?loc=goods_rank
아우터,26,0NHN3PV00406,NOHANT,LONELY/LOVELY FLUFF HOODIE ZIP-UP GRAY,"
                                                                                                                                                158000",158000,5763,https://www.musinsa.com/app/goods/2747249?loc=goods_rank
아우터,27,DF22SS4011,DOFFJASON,오버핏 비건레더 싱글 자켓,129000,89000,59346,https://www.musinsa.com/app/goods/1576700?loc=goods_rank
아우터,28,C23SC02,CPGN STUDIO,크래킹 후드 윈드브레이커 그레이,110000,71500,21467,https://www.musinsa.com/app/goods/3212915?loc=goods_rank
아우터,29,N224MDW890/N224MDW290,NATIONALGEOGRAPHIC,카이만 프로 롱기장 구스 다운 점퍼 SMALL LOGO BLACK,439000,307300,3632,https://www.musinsa.com/app/goods/2685520?loc=goods_rank
아우터,30,2170224,FP142,유스풀 벌룬 후드집업 네이비 SJHD1327,57000,39800,23294,https://www.musinsa.com/app/goods/2122594?loc=goods_rank
아우터,31,SA23SSMK41NV,SATUR,파로 오버 사이즈 부클 가디건 네이비 피오니,149000,134100,1630,https://www.musinsa.com/app/goods/3105460?loc=goods_rank
아우터,32,MMCNJ901-CR,MUSINSA STANDARD,팀코리아 데님 트러커 재킷 [크림],"
                                                                                                                                                129900",129900,586,https://www.musinsa.com/app/goods/3504248?loc=goods_rank
아우터,33,UNION-JK02,UNION BLUE,TIPICO COTTON CHINO JACKET,244000,244000,300,https://www.musinsa.com/app/goods/2170147?loc=goods_rank
아우터,34,DBBF8jk10BK,DIMITRI BLACK,(올시즌) 2WAY 어센틱 후드 윈드브레이커 자켓_블랙,85900,66900,26908,https://www.musinsa.com/app/goods/2723218?loc=goods_rank
아우터,35,MMJJK101-BK,MUSINSA STANDARD,오버사이즈 블레이저 [블랙],83900,75490,42491,https://www.musinsa.com/app/goods/1283757?loc=goods_rank
아우터,36,SPMZD49U01,SPAO,[프렌치테리] 루즈핏 2-WAY 후드집업_SPMZD49U01,39900,35910,30769,https://www.musinsa.com/app/goods/2668986?loc=goods_rank
아우터,37,23F8870-4500,PLACE STUDIO,비건 레더 오버핏 블루종 [블랙],110000,48400,35738,https://www.musinsa.com/app/goods/2140335?loc=goods_rank
아우터,38,TD5-JP01_WIN,THOMASMORE,TD5-JP01 탱커블루종-와인,"
                                                                                                                                                107000",107000,536,https://www.musinsa.com/app/goods/3481697?loc=goods_rank
아우터,39,LN153CT071FW22,ENGINEERED GARMENTS,남성 베드포드 자켓 - 다크 네이비,548000,520000,174,https://www.musinsa.com/app/goods/3148269?loc=goods_rank
아우터,40,CBCS1JP010,CODEGRAPHY,테크 나일론 후드 바람막이 자켓_7color,74000,59900,15155,https://www.musinsa.com/app/goods/3033224?loc=goods_rank
아우터,41,SPJPD4TC01,SPAO,라이트 자켓_SPJPD4TC01,59900,53910,5396,https://www.musinsa.com/app/goods/3391590?loc=goods_rank
아우터,42,000413,SORANO,SORANO 11-SPORTY HOODIE ZIP-UP [3Color],98000,69000,13139,https://www.musinsa.com/app/goods/3426543?loc=goods_rank
아우터,43,Eco Leather Lacing Jacket-Black,BITTERCELLS,에코 레더 레이싱 자켓-블랙,109000,98100,12522,https://www.musinsa.com/app/goods/2749952?loc=goods_rank
아우터,44,ASJU233KR76-016,SAINT JAMES,Bon Bon Hoodie Zip-Up (016) ASJU233KR76-016,"
                                                                                                                                                228000",228000,5,https://www.musinsa.com/app/goods/3530705?loc=goods_rank
아우터,45,MA129822A012EBYECFW22,ISABEL MARANT,여성 폰티지 체크 코트 - 베이지,998000,469000,211,https://www.musinsa.com/app/goods/2930569?loc=goods_rank
아우터,46,MMJJK601-MR,MUSINSA STANDARD,릴렉스드 베이식 블레이저 [미디엄 그레이],81900,73690,10338,https://www.musinsa.com/app/goods/1558683?loc=goods_rank
아우터,47,2170223,FP142,유스풀 벌룬 후드집업 다크그레이 SJHD1327,57000,39800,7996,https://www.musinsa.com/app/goods/2122593?loc=goods_rank
아우터,48,KBCFUKC002BK,KIIMUIR,코튼 워셔블 하찌 2-WAY 집업니트 가디건_퓨어 블랙,79000,59900,14251,https://www.musinsa.com/app/goods/2702393?loc=goods_rank
아우터,49,1111,LAFUDGESTORE,솔라노 에어플로우 윈드 자켓_Ecru,74900,37000,834,https://www.musinsa.com/app/goods/3417478?loc=goods_rank
아우터,50,1111,LAFUDGESTORE,솔라노 에어플로우 윈드 자켓_Midnight Blue,74900,37000,532,https://www.musinsa.com/app/goods/3417476?loc=goods_rank
아우터,51,SLO15JK22501,SLOW RECORD HOUSE,파이핑 라인 나일론 자켓_네이비,138000,89000,48120,https://www.musinsa.com/app/goods/2471405?loc=goods_rank
아우터,52,CBCS1JP004BKCBCS1PL004BK,CODEGRAPHY,[SET] 2-WAY 테크 숏 자켓 셋업_블랙,112900,89900,34874,https://www.musinsa.com/app/goods/1571878?loc=goods_rank
아우터,53,UNION-JK03,UNION BLUE,LOUNGE JACKET (CHARCOAL),179000,179000,127,https://www.musinsa.com/app/goods/2170190?loc=goods_rank
아우터,54,NBNAD32843_62,NEW BALANCE,NBNAD32843/ UNI 컬러블록 웜업자켓 (HUNTER),"
                                                                                                                                                179000",179000,6664,https://www.musinsa.com/app/goods/3049849?loc=goods_rank
아우터,55,TS3-LWJP405,TOFFEE,라이트웨이트 윈드 점퍼 (BLACK),93000,59000,6719,https://www.musinsa.com/app/goods/3051559?loc=goods_rank
아우터,56,T12D0WOT740ML1DW5,TOMMY HILFIGER,코튼 하이넥 자켓 (T12D0WOT740ML1DW5),"
                                                                                                                                                379000",379000,26,https://www.musinsa.com/app/goods/3092568?loc=goods_rank
아우터,57,m1037_684872,LAFUDGESTORE,[매트블랙] 버핑레더 미니멀 포켓 블루종_Matt Black,94000,79800,82040,https://www.musinsa.com/app/goods/1758197?loc=goods_rank
아우터,58,m1037_685405,LAFUDGESTORE,드로잉 워싱 데님 레이서 자켓_Middle Blue,99800,79800,4954,https://www.musinsa.com/app/goods/3453035?loc=goods_rank
아우터,59,m1037_6854051,LAFUDGESTORE,버프워시 버핑레더 인시전 바이커 자켓_Washing Black&Ivory,113000,89800,19290,https://www.musinsa.com/app/goods/3036129?loc=goods_rank
아우터,60,22FWOUT023,LETTERCOMO,빅 어워드 스타디움 울 바시티자켓 블랙,105300,84200,55364,https://www.musinsa.com/app/goods/2752332?loc=goods_rank
아우터,61,CBCS1JP004GR,CODEGRAPHY,2-WAY 테크 숏 자켓_그레이,79000,74900,35063,https://www.musinsa.com/app/goods/1530517?loc=goods_rank
아우터,62,5001498229,SUARE,코듀로이 드리즐러 자켓 브라운,159000,109000,3971,https://www.musinsa.com/app/goods/3025200?loc=goods_rank
아우터,63,WBC3L04503BK,GENERALIDEA,GNRL 에센셜 가디건 [BLACK],85000,49000,8894,https://www.musinsa.com/app/goods/3434619?loc=goods_rank
아우터,64,LE2303HZ01GR,LEE,스몰 트위치 로고 후드 집업 그레이,89000,80100,369,https://www.musinsa.com/app/goods/3440699?loc=goods_rank
아우터,65,m1037_685405,LAFUDGESTORE,부클레 오버핏 케이블 후드 집업 니트_Oatmeal,94000,74800,797,https://www.musinsa.com/app/goods/3548481?loc=goods_rank
아우터,66,DFCT1001GRBE,DRAW FIT,오버사이즈 울 트렌치 코트 [GREYISH BEIGE],209000,156700,3596,https://www.musinsa.com/app/goods/1758438?loc=goods_rank
아우터,67,FW812056,CPGN STUDIO,헤비오버핏 램스울 가디건 챠콜,139000,69500,59959,https://www.musinsa.com/app/goods/918039?loc=goods_rank
아우터,68,20220207-19,ESPIONAGE,Ray Yacht Parka Charcoal,129000,109000,8504,https://www.musinsa.com/app/goods/2343199?loc=goods_rank
아우터,69,SPFZD4TU01,SPAO,베이직 퍼플리스 집업_SPFZD4TU01,"
                                                                                                                                                29900",29900,49507,https://www.musinsa.com/app/goods/2108160?loc=goods_rank
아우터,70,MMTS0003-MG,MELANGE MASTER,스탠다드 후드 스웨트 집업 - 멜란지 그레이,49900,37390,53153,https://www.musinsa.com/app/goods/640839?loc=goods_rank
아우터,71,YA2HD0011GR,YALE,EMBROIDERY UNIVERSITY DAN HOODIE ZIP UP GRAY,89000,71200,40440,https://www.musinsa.com/app/goods/1776365?loc=goods_rank
아우터,72,ABCSJK20CH,DIMITRI BLACK,(올시즌)2WAY 어센틱 후드 윈드브레이커 자켓_차콜그레이,85900,66900,5984,https://www.musinsa.com/app/goods/3037477?loc=goods_rank
아우터,73,COOSCD001SET,COSTUME O’CLOCK,[2PACK][코튼100]소프트 베이직 가디건  COOSCD001,118000,53100,739,https://www.musinsa.com/app/goods/3440440?loc=goods_rank
아우터,74,IM2C4JK01BK,INSILENCE,오버사이즈 울 블레이저 BLACK,172000,154000,16296,https://www.musinsa.com/app/goods/841230?loc=goods_rank
아우터,75,UO321CJK91_BLK0,UMBRO,클래식 웜업 자켓 블랙(UO321CJK91),"
                                                                                                                                                149000",149000,14075,https://www.musinsa.com/app/goods/1882525?loc=goods_rank
아우터,76,IEJU3F212B2,IL CORSO,[FW] 벌룬핏 플리츠 데님 점퍼 블루 IEJU3F212B2,169000,149000,3380,https://www.musinsa.com/app/goods/3058265?loc=goods_rank
아우터,77,MK2378JP039M0PK,MATIN KIM,MATIN CROP HOODY COATING JUMPER IN PINK,"
                                                                                                                                                158000",158000,21,https://www.musinsa.com/app/goods/3573108?loc=goods_rank
아우터,78,vvain_536,VERYVAIN,GAFF TEX CARDIGAN (BLACK),38000,29900,22398,https://www.musinsa.com/app/goods/2159724?loc=goods_rank
아우터,79,00ESJK01DB,TAILLE,WOOL VARSITY CLUB JACKET DARK BROWN,329000,312550,20,https://www.musinsa.com/app/goods/3542644?loc=goods_rank
아우터,80,WK23FWJK05NV,WKNDRS,RETRO FUTURE JK (NAVY),"
                                                                                                                                                298000",298000,647,https://www.musinsa.com/app/goods/3466968?loc=goods_rank
아우터,81,20230725-04,ESPIONAGE,Mountain Wind Parka Olive Multi,164000,139000,1781,https://www.musinsa.com/app/goods/3426632?loc=goods_rank
아우터,82,L06STDFCT10CH1,LOFI,오버핏 스테디 더플 코트 (차콜),328000,295200,2286,https://www.musinsa.com/app/goods/2161656?loc=goods_rank
아우터,83,UNION-JK01,UNION BLUE,STANDARD 3 BUTTON JACKET (NAVY),219000,219000,103,https://www.musinsa.com/app/goods/1840285?loc=goods_rank
아우터,84,MG2300HZ01BK,WHATITISNT,엔젤 와펜 후드집업 블랙,79000,47400,3375,https://www.musinsa.com/app/goods/3029809?loc=goods_rank
아우터,85,UTO-FB04,UNTAGE,메탈릭 버튼 부클레 트위드 자켓[Black(MAN)]_UTO-FB04,"
                                                                                                                                                285000",285000,1430,https://www.musinsa.com/app/goods/2096220?loc=goods_rank
아우터,86,Star Leather Jacket(Washed)(Overfit)-Brown,BITTERCELLS,스타 레더 자켓(워시드)(오버핏)-브라운,149000,134100,2314,https://www.musinsa.com/app/goods/3420576?loc=goods_rank
아우터,87,23fwouter00206,LEIRE,치트키 플리스 가디건 [세트],119000,59600,255,https://www.musinsa.com/app/goods/3488309?loc=goods_rank
아우터,88,UDJA3C207BK,DUNST FOR WOMEN,CLASSIC TWEED COLLAR JACKET BLACK_UDJA3C207BK,289000,274550,259,https://www.musinsa.com/app/goods/3491131?loc=goods_rank
아우터,89,MMBNJ107-LI,MUSINSA STANDARD,오버사이즈 데님 트러커 재킷 [라이트 인디고],"
                                                                                                                                                79900",79900,3003,https://www.musinsa.com/app/goods/2447784?loc=goods_rank
아우터,90,PCD1MCK301OL,POTTERY,Work Jacket Nylon Taslan Oxford Cloth Resilient Finish (Olive),"
                                                                                                                                                269000",269000,97,https://www.musinsa.com/app/goods/3048492?loc=goods_rank
아우터,91,1499684,NATIONALGEOGRAPHIC,N224MDW930 남성 타루가 퍼 트리밍 후디 구스다운 점퍼 LICHEN KHAKI,379000,265300,283,https://www.musinsa.com/app/goods/2685532?loc=goods_rank
아우터,92,Sheer Hood Vest Black,PARTIMENTO,시어 후드 베스트 블랙,47400,32900,18534,https://www.musinsa.com/app/goods/3349832?loc=goods_rank
아우터,93,GOZER23SS014,GOZER,PIERCED TWEED JACKET,"
                                                                                                                                                255000",255000,22,https://www.musinsa.com/app/goods/3361747?loc=goods_rank
아우터,94,23fw48,MIDNIGHT MOVE,rc jacket (red),282000,253800,96,https://www.musinsa.com/app/goods/3528674?loc=goods_rank
아우터,95,NJ3NP55C,THE NORTH FACE,NJ3NP55C 남성 눕시 온볼 자켓,"
                                                                                                                                                249000",249000,215,https://www.musinsa.com/app/goods/3411716?loc=goods_rank
아우터,96,RS2322141,ROUGHSIDE,Drape Denim Jacket Bleach,"
                                                                                                                                                248000",248000,30,https://www.musinsa.com/app/goods/3465139?loc=goods_rank
아우터,97,CBBW9IH010BK,CODEGRAPHY,[PRIMALOFT] 몬스터 숏패딩_블랙,139000,109000,12939,https://www.musinsa.com/app/goods/2154879?loc=goods_rank
아우터,98,MK2378JP039M0BE,MATIN KIM,MATIN CROP HOODY COATING JUMPER IN BEIGE,"
                                                                                                                                                158000",158000,36,https://www.musinsa.com/app/goods/3573110?loc=goods_rank
아우터,99,NJ1DN77B,THE NORTH FACE,NJ1DN77B 비 베러 다운 자켓,299000,239200,1141,https://www.musinsa.com/app/goods/2712607?loc=goods_rank
아우터,100,WMPOSWENDW20125-101,POLO RALPH LAUREN,코튼 블렌드 카디건 - 아이보리,"
                                                                                                                                                239000",239000,952,https://www.musinsa.com/app/goods/3010394?loc=goods_rank
