﻿카테고리,순위,품번,브랜드명,상품명(한글),판매가,비회원가,좋아요 수,URL
시계,1,3종 택1,LLOYD,어썸스퀘어 클래식 남성 가죽시계 (3종 택1),159000,99000,1885,https://www.musinsa.com/app/goods/1765855?loc=goods_rank
시계,2,D12536WWW,Disney,미키마우스 디지털 손목시계 D12536WWW,39000,24800,70,https://www.musinsa.com/app/goods/2920531?loc=goods_rank
시계,3,939822,CASIO,LA-670WA-7DF,"
                                                                                                                                                47000",47000,867,https://www.musinsa.com/app/goods/2422370?loc=goods_rank
시계,4,NL1AC02NVF,FENNEC,CNS APPLE WATCH 44mm STRAP - NAVY,28000,9900,78,https://www.musinsa.com/app/goods/2493787?loc=goods_rank
시계,5,VW-Beetle2-SV,VOLKSVAGEN WATCH,남여공용 디지털 메탈시계 VW-Beetle2-SV,80000,24900,311,https://www.musinsa.com/app/goods/925945?loc=goods_rank
시계,6,11376354,ST.SCOTT LONDON,STR-L01 애플워치 스트랩 프리미엄 소가죽 밴드,69000,22900,1213,https://www.musinsa.com/app/goods/2660733?loc=goods_rank
시계,7,788055,CASIO,A-158WA-1UWDF,"
                                                                                                                                                43000",43000,12147,https://www.musinsa.com/app/goods/1880626?loc=goods_rank
시계,8,Rococo VV005CMBK,VIVIENNE WESTWOOD,Rococo VV005CMBK,510000,169000,1269,https://www.musinsa.com/app/goods/2684503?loc=goods_rank
시계,9,3078567,VALENTINO RUDY,VRA205-WT 애플워치 스트랩 메탈밴드 6 5 4 3 2 1 SE 세대 38 40 42 44mm,49000,19900,6478,https://www.musinsa.com/app/goods/1990393?loc=goods_rank
시계,10,1711062,NIVADA,[나일론밴드 1개 증정] 애플워치 스트랩 5종 버클 루프밴드 5008 7 SE 6 5 4 3 2 1 세대 38 40 41mm,89000,89000,99,https://www.musinsa.com/app/goods/2353919?loc=goods_rank
시계,11,5000543717,VALENTINO RUDY,VRA253-WT 애플워치 호환 메탈 스트랩 여성용 7 6 5 4 3 2 1 SE,"
                                                                                                                                                69000",69000,85,https://www.musinsa.com/app/goods/2801465?loc=goods_rank
시계,12,11162719,ST.SCOTT LONDON,ST7011 그레인 클래식 워치 남녀 커플 시계,228000,57000,741,https://www.musinsa.com/app/goods/2330471?loc=goods_rank
시계,13,fW 프리미엄 체르마트 가죽 스트랩 7종 택1,LLOYD,[애플워치/갤럭시워치 호환] fW 프리미엄 체르마트 가죽 스트랩 7종 택1,79900,49900,119,https://www.musinsa.com/app/goods/2946679?loc=goods_rank
시계,14,sg001,SIARGO,SG-001-SB  세이지컬렉션 여자 스퀘어 가죽 손목 시계,"
                                                                                                                                                49800",49800,1273,https://www.musinsa.com/app/goods/1786295?loc=goods_rank
시계,15,5000100338,ST.SCOTT LONDON,ST5089RRBK 클래식 스퀘어 워치,218000,49000,1174,https://www.musinsa.com/app/goods/2746592?loc=goods_rank
시계,16,3078571,VALENTINO RUDY,VRA203-WT 애플워치 스트랩 메탈밴드 6 5 4 3 2 1 SE 세대 38 40 42 44mm,79000,39900,5376,https://www.musinsa.com/app/goods/1990388?loc=goods_rank
시계,17,11091087,ST.SCOTT LONDON,ST5502 세크레토 남여 커플 가죽 시계 8종,188000,39000,6357,https://www.musinsa.com/app/goods/1903616?loc=goods_rank
시계,18,5004277729,ST.SCOTT LONDON,ST5507M-SSS 빈티지 세이지 워치,298000,39000,57,https://www.musinsa.com/app/goods/3198309?loc=goods_rank
시계,19,VW-Whitestone,VOLKSVAGEN WATCH,스와로브스키 스톤 사용+메쉬밴드 여성 메탈시계 VW-Whitestone-RG,125000,32000,438,https://www.musinsa.com/app/goods/1653058?loc=goods_rank
시계,20,JA-1071,JULIUS1,JA-1071 여성시계+투링팔찌 증정,78000,31200,3249,https://www.musinsa.com/app/goods/1010859?loc=goods_rank
시계,21,3242769,VALENTINO RUDY,VRG105-BR 갤럭시워치 4 3 클래식 액티브 스포츠 기어 가죽밴드 스트랩 20mm,69000,29900,43,https://www.musinsa.com/app/goods/2226217?loc=goods_rank
시계,22,3579842,COQUAD,애플워치 SE 7 6 5 4 3 2 짱구 스트랩,29900,19900,296,https://www.musinsa.com/app/goods/2094317?loc=goods_rank
시계,23,3355100,VALENTINO RUDY,VRG111-WT 갤럭시워치 4 전용 메탈밴드 스트랩 20mm,69000,19900,157,https://www.musinsa.com/app/goods/2337835?loc=goods_rank
시계,24,AW_SB,SINJIMORU,애플워치 8·7·6·5·4·세대·울트라·38·40·41·42·44·45·49·mm 가죽 레더 버클 밴드 스트랩,"
                                                                                                                                                18900",18900,16,https://www.musinsa.com/app/goods/3444176?loc=goods_rank
시계,25,1711063,NIVADA,애플워치 스트랩 4종 가죽밴드 5007 7 SE 6 5 4 3 2 1 세대 42 44 45mm,89000,89000,480,https://www.musinsa.com/app/goods/2353920?loc=goods_rank
시계,26,AW_SWS,SINJIMORU,애플워치 전기종 8·울트라·7·6·5·4·SE·2 풀스테인리스 메탈 쥬빌레 밴드 스트랩(38-49mm),17900,14320,382,https://www.musinsa.com/app/goods/2850331?loc=goods_rank
시계,27,.,ROMANE,Romane 갤럭시 워치 실리콘 스트랩 for 20mm,"
                                                                                                                                                13000",13000,396,https://www.musinsa.com/app/goods/1757280?loc=goods_rank
시계,28,구스페리,MERCURY,[실버] 애플워치8 7 6 5 SE 전기종 호환 밀레니즈 루프 스트랩,17900,11700,27,https://www.musinsa.com/app/goods/2944607?loc=goods_rank
시계,29,구스페리,MERCURY,[스타라이트] 애플워치8 7 6 5 SE 전기종 호환 밀레니즈 루프 스트랩,17900,11700,28,https://www.musinsa.com/app/goods/2944724?loc=goods_rank
시계,30,AW_SB,SINJIMORU,애플워치 전기종 8/울트라/7/6/5/4/3/2/SE 세대 스포츠 루프 밴드 경량 스트랩 38/40/41/42/44/45/49mm,13900,9730,1897,https://www.musinsa.com/app/goods/2172526?loc=goods_rank
시계,31,5002982241,DEVERS,애플워치 8/7/6/5/4/3/2/SE 세대 밀레니즈 스트랩 투명 TPU밴드 41mm/40mm/38mm,16900,7900,98,https://www.musinsa.com/app/goods/3169483?loc=goods_rank
시계,32,ROTHCOWATCH001,ROTHCO,4314 SMITH & WESSON 밀리터리 와치셋 올리브다이얼,"
                                                                                                                                                55000",55000,232,https://www.musinsa.com/app/goods/121735?loc=goods_rank
시계,33,ROTHCOWATCH002,ROTHCO,4321 SMITH & WESSON 밀리터리 와치셋 블랙다이얼,"
                                                                                                                                                55000",55000,74,https://www.musinsa.com/app/goods/121736?loc=goods_rank
시계,34,DC4029,DC COMICS,[DC COMICS] 디씨코믹스 다크나이트 DC4029 시리즈,70000,29800,30,https://www.musinsa.com/app/goods/285297?loc=goods_rank
시계,35,Vowood Romeo-Golden Zebra,VOWOOD,로미오- 골든 지브라,"
                                                                                                                                                255000",255000,8,https://www.musinsa.com/app/goods/431713?loc=goods_rank
시계,36,VOWOOD Union - Gloroius Ivory M(Men),VOWOOD,유니온- 글로리어스 아이보리(남자),"
                                                                                                                                                355000",355000,12,https://www.musinsa.com/app/goods/680259?loc=goods_rank
시계,37,LE.111.21.137,CATERPILLAR WATCH,CAT 시계 LE.111.21.137,115000,92000,23,https://www.musinsa.com/app/goods/815424?loc=goods_rank
시계,38,VW-Beetle2B-SV,VOLKSVAGEN WATCH,남여공용 디지털 메탈시계 VW-Beetle2B-SV,80000,24900,2792,https://www.musinsa.com/app/goods/934747?loc=goods_rank
시계,39,932473,BOXY,박시 Cushion 워치쿠션,"
                                                                                                                                                7000",7000,4,https://www.musinsa.com/app/goods/1040274?loc=goods_rank
시계,40,2204853,CRONOUS,CRD88598B-RGBK 남자시계 메탈시계,"
                                                                                                                                                298000",298000,10,https://www.musinsa.com/app/goods/1057273?loc=goods_rank
시계,41,2210352,VALENTINO RUDY,발렌티노루디 VR1301B-WTWT 메쉬 남자시계 메탈시계,168000,39900,4008,https://www.musinsa.com/app/goods/1062070?loc=goods_rank
시계,42,2217431,VALENTINO RUDY,발렌티노루디 VR2533B-WTRG 여성시계 메쉬밴드시계,228000,228000,135,https://www.musinsa.com/app/goods/1069968?loc=goods_rank
시계,43,2217432,VALENTINO RUDY,VR2534A-RGWT 여성시계 가죽시계,198000,198000,170,https://www.musinsa.com/app/goods/1069969?loc=goods_rank
시계,44,2281884,VALENTINO RUDY,VR6538A-RGBR 남자시계 가죽시계,188000,188000,370,https://www.musinsa.com/app/goods/1100078?loc=goods_rank
시계,45,2281885,VALENTINO RUDY,VR6538A-RGBK 남자시계 가죽시계,188000,38900,2082,https://www.musinsa.com/app/goods/1100079?loc=goods_rank
시계,46,VW-Arteon,VOLKSVAGEN WATCH,커플메탈시계 VW-Arteon 2종 택1,110000,45000,400,https://www.musinsa.com/app/goods/1149211?loc=goods_rank
시계,47,VW-Ti,VOLKSVAGEN WATCH,커플메탈시계 여성용 VW-Ti-30SV,110000,45000,1851,https://www.musinsa.com/app/goods/1200100?loc=goods_rank
시계,48,VW-Ti,VOLKSVAGEN WATCH,커플메탈시계 VW-Ti 4종 택1,110000,45000,611,https://www.musinsa.com/app/goods/1203673?loc=goods_rank
시계,49,FM1929L-BK,FOCE LADY,23mm 여성 가죽시계 FM1929L-BK,118000,76700,8,https://www.musinsa.com/app/goods/1221176?loc=goods_rank
시계,50,MOCHA BLACK,WILS FABRIK,나무 남성 손목시계 -  MOCHA BLACK,"
                                                                                                                                                189000",189000,11,https://www.musinsa.com/app/goods/1230078?loc=goods_rank
시계,51,VW-BeetleNewtro,VOLKSVAGEN WATCH,VW-BeetleNewtro-WH,80000,24900,958,https://www.musinsa.com/app/goods/1230173?loc=goods_rank
시계,52,VW-BeetleNewtro,VOLKSVAGEN WATCH,VW-BeetleNewtro-BK,80000,24900,672,https://www.musinsa.com/app/goods/1230175?loc=goods_rank
시계,53,WU-BeetleNewtro,VOLKSVAGEN WATCH,WU-BeetleNewtro 10종 택1,80000,24900,397,https://www.musinsa.com/app/goods/1251519?loc=goods_rank
시계,54,VW-Arteon-RG2,VOLKSVAGEN WATCH,커플 메탈시계 VW-Arteon-RG2 2종 택1,150000,69000,11,https://www.musinsa.com/app/goods/1261846?loc=goods_rank
시계,55,VW-Beetle2-GG,VOLKSVAGEN WATCH,폭스바겐 메탈시계 VW-Beetle10-NewTro10 20종 택1,80000,24900,1539,https://www.musinsa.com/app/goods/1263401?loc=goods_rank
시계,56,1403417,TANDY,클래식 커플 메탈 손목시계 T-3714 남자 블랙,378000,378000,261,https://www.musinsa.com/app/goods/1284219?loc=goods_rank
시계,57,1403418,TANDY,클래식 커플 메탈 손목시계 T-3714 여자 블랙,378000,378000,560,https://www.musinsa.com/app/goods/1284220?loc=goods_rank
시계,58,1403419,TANDY,클래식 커플 메탈 손목시계 T-3714 남자 화이트,378000,378000,293,https://www.musinsa.com/app/goods/1284222?loc=goods_rank
시계,59,1403420,TANDY,클래식 커플 메탈 손목시계 T-3714 여자 화이트,378000,378000,2277,https://www.musinsa.com/app/goods/1284223?loc=goods_rank
시계,60,1411983,TANDY,럭셔리 커플 메탈 손목시계(스와로브스키 식입) T-3909 남자 실버,520000,520000,706,https://www.musinsa.com/app/goods/1305805?loc=goods_rank
시계,61,1413778,TANDY,럭셔리 커플 메탈 손목시계(스와로브스키 식입) T-3909 실버 남여세트,1040000,1040000,308,https://www.musinsa.com/app/goods/1316373?loc=goods_rank
시계,62,10988002,ST.SCOTT LONDON,ST1005LSSB 남성 가죽시계,169000,51000,20,https://www.musinsa.com/app/goods/1334532?loc=goods_rank
시계,63,1432318,TANDY,클래식 커플 가죽 손목시계 T-1714 여자 화이트,298000,59000,815,https://www.musinsa.com/app/goods/1373167?loc=goods_rank
시계,64,1432319,TANDY,클래식 커플 가죽 손목시계 T-1714 남자 화이트,298000,59000,219,https://www.musinsa.com/app/goods/1373169?loc=goods_rank
시계,65,MF0161G03,MINI FOCUS,크로노기능 가죽밴드 남성시계 MF161G03,"
                                                                                                                                                49000",49000,21,https://www.musinsa.com/app/goods/1377368?loc=goods_rank
시계,66,OT562MA,ORIENT,국산 남성 클래식 가죽밴드 손목시계 OT562MA,"
                                                                                                                                                54000",54000,45,https://www.musinsa.com/app/goods/1382738?loc=goods_rank
시계,67,SS658_WH_AR,ORIENT,국산 남성 가죽밴드 손목시계 SS658_WH_AR,"
                                                                                                                                                35000",35000,7,https://www.musinsa.com/app/goods/1382755?loc=goods_rank
시계,68,sg001,SIARGO,SG-001-RBR 세이지컬렉션 여자 스퀘어 가죽 손목 시계,"
                                                                                                                                                49800",49800,791,https://www.musinsa.com/app/goods/1388069?loc=goods_rank
시계,69,sg001,SIARGO,SG-001S-R 세이지컬렉션 여자 스퀘어 손목 시계,"
                                                                                                                                                59800",59800,214,https://www.musinsa.com/app/goods/1388106?loc=goods_rank
시계,70,JWT1ME0BS203WGSI0,JESTINA,JJ Signature 메탈 시계 (JWT1ME0BS203WGSI0),340000,119000,354,https://www.musinsa.com/app/goods/1405110?loc=goods_rank
시계,71,EGAPWLSB,EGARDEN,애플워치 스트랩 Leather 브라운  7 6 5 4 3 2 1 SE 전 기종 호환 가능,"
                                                                                                                                                39000",39000,1156,https://www.musinsa.com/app/goods/1420214?loc=goods_rank
시계,72,2625407,VALENTINO RUDY,VR6617B-BKWT 남자시계 메탈시계,225000,49900,2850,https://www.musinsa.com/app/goods/1452205?loc=goods_rank
시계,73,OTW120506TSS,OST,러블리 도트 실버 여성용 메탈시계 OTW120506TSS,"
                                                                                                                                                72400",72400,126,https://www.musinsa.com/app/goods/1465977?loc=goods_rank
시계,74,2640021,VALENTINO RUDY,VR1117B-WTWT 남자시계 메탈시계 Collaboration Set,218000,45000,11435,https://www.musinsa.com/app/goods/1466244?loc=goods_rank
시계,75,TW2R89100,TIMEX,TW2R89100,210000,105000,83,https://www.musinsa.com/app/goods/1497529?loc=goods_rank
시계,76,TW2R97000,TIMEX,TW2R97000,"
                                                                                                                                                210000",210000,56,https://www.musinsa.com/app/goods/1498159?loc=goods_rank
시계,77,TW2R96900,TIMEX,TW2R96900,210000,105000,85,https://www.musinsa.com/app/goods/1498179?loc=goods_rank
시계,78,CM401WTCH_M,CHRISTIANMODE,문페이즈시계 CM401WTCH_M(남성용),280000,75000,278,https://www.musinsa.com/app/goods/1503599?loc=goods_rank
시계,79,CM377WS,CHRISTIANMODE,여성 메탈시계 CM377WS,125000,45900,114,https://www.musinsa.com/app/goods/1503636?loc=goods_rank
시계,80,1216594,DIEUAMOUR,디유아모르 여성 가죽밴드시계 DAW6101L-BK 다이아몬드 시계,158000,158000,43,https://www.musinsa.com/app/goods/1521829?loc=goods_rank
시계,81,1216597,DIEUAMOUR,디유아모르 여성 메탈밴드시계 DAW6101M-SW 다이아몬드 시계,228000,228000,30,https://www.musinsa.com/app/goods/1521834?loc=goods_rank
시계,82,1216598,DIEUAMOUR,디유아모르 여성 메탈밴드시계 DAW6101M-RW 다이아몬드 시계,238000,238000,34,https://www.musinsa.com/app/goods/1521837?loc=goods_rank
시계,83,VW-뉴트로 아나디지 듀얼타임,VOLKSVAGEN WATCH,[남녀공용] VW-뉴트로 아나디지 듀얼타임,80000,34900,2434,https://www.musinsa.com/app/goods/1528333?loc=goods_rank
시계,84,2711019,VALENTINO RUDY,남자 메쉬밴드 메탈시계 6552,208000,208000,143,https://www.musinsa.com/app/goods/1532262?loc=goods_rank
시계,85,11037554,ST.SCOTT LONDON,ST5107L 남성 데이트 가죽시계,218000,39000,412,https://www.musinsa.com/app/goods/1547741?loc=goods_rank
시계,86,2725335,VALENTINO RUDY,VR1102B-GRGD 남자시계 메탈시계,208000,49900,458,https://www.musinsa.com/app/goods/1548641?loc=goods_rank
시계,87,sg009m,SIARGO,SG-009M-SR 베르가못 컬렉션 남자 메탈 손목 시계,"
                                                                                                                                                99800",99800,7,https://www.musinsa.com/app/goods/1562081?loc=goods_rank
시계,88,2926055,COQUAD,갤럭시 워치 액티브2 스트랩 스포츠 실리콘밴드,"
                                                                                                                                                11900",11900,59,https://www.musinsa.com/app/goods/1612720?loc=goods_rank
시계,89,OTW120T05TLS,OST,빛나는 나의우주 북두칠성 여성용 실버 메쉬시계 OTW120T05TLS,"
                                                                                                                                                52400",52400,34,https://www.musinsa.com/app/goods/1622119?loc=goods_rank
시계,90,11050172,ST.SCOTT LONDON,ST7022 모닐레 여성 가죽시계,188000,47000,149,https://www.musinsa.com/app/goods/1649374?loc=goods_rank
시계,91,VW-Whitestone,VOLKSVAGEN WATCH,스와로브스키 스톤 사용+메쉬밴드 여성 메탈시계 VW-Whitestone-SV,125000,32000,2610,https://www.musinsa.com/app/goods/1653059?loc=goods_rank
시계,92,1526540,TANDY,시그니쳐 럭셔리 메탈 (스와로브스키 식입) T-3915 블랙 남자 손목시계,520000,520000,1250,https://www.musinsa.com/app/goods/1659314?loc=goods_rank
시계,93,1526545,TANDY,[TANDY] 탠디 시그니쳐 럭셔리 메탈 (스와로브스키 식입) T-3915 블랙 여자손목시계,520000,520000,126,https://www.musinsa.com/app/goods/1659326?loc=goods_rank
시계,94,423121,MVMT,블랙탑 시에나 탄 28000010-D,"
                                                                                                                                                268000",268000,2,https://www.musinsa.com/app/goods/1679668?loc=goods_rank
시계,95,3263508,COQUAD,갤럭시 워치 기어 액티브 스트랩 스포츠 루프밴드,14900,5900,138,https://www.musinsa.com/app/goods/1690046?loc=goods_rank
시계,96,50071,TI SENTO,TS50071 남성 오토매틱 가죽시계,420000,165000,19,https://www.musinsa.com/app/goods/1693690?loc=goods_rank
시계,97,1549609,TANDY,시그니쳐 럭셔리 커플 메탈 손목시계(스와로브스키 식입) T-3915 실버 남여세트,1040000,1040000,186,https://www.musinsa.com/app/goods/1708214?loc=goods_rank
시계,98,1549610,TANDY,시그니쳐 럭셔리 커플 메탈 손목시계(스와로브스키 식입) T-3915 블랙 남여세트,1040000,1040000,227,https://www.musinsa.com/app/goods/1708215?loc=goods_rank
시계,99,JAH-131,JULIUS1,JAH-131,102000,40800,238,https://www.musinsa.com/app/goods/1711535?loc=goods_rank
시계,100,tm001c,BLACK PURPLE,[BLACKLABEL] BP 하운드 큐빅 타임 브레이슬릿(실버),140000,98000,160,https://www.musinsa.com/app/goods/1724046?loc=goods_rank
