﻿카테고리,순위,품번,브랜드명,상품명(한글),판매가,비회원가,좋아요 수,URL
스포츠용품,1,1027425,KEEN,재스퍼 락 스니커즈 Safari Blue,179000,169500,5491,https://www.musinsa.com/app/goods/3046014?loc=goods_rank
스포츠용품,2,NM2DP51A,THE NORTH FACE,NM2DP51A 빅샷,150000,135000,61366,https://www.musinsa.com/app/goods/1034480?loc=goods_rank
스포츠용품,3,M3143PCB02GRN,MALBON GOLF,버킷 경량 스탠드백 GREEN,"
                                                                                                                                                649000",649000,273,https://www.musinsa.com/app/goods/3028478?loc=goods_rank
스포츠용품,4,OJ5JP11A,THE NORTH FACE,OJ5JP11A 2023 팀코리아 트레이닝 자켓,"
                                                                                                                                                168000",168000,300,https://www.musinsa.com/app/goods/3554627?loc=goods_rank
스포츠용품,5,93353401,PUMA,배구 국가대표 SS 저지 M(93353401) 반팔 티셔츠,"
                                                                                                                                                129000",129000,46,https://www.musinsa.com/app/goods/3509039?loc=goods_rank
스포츠용품,6,280 쉘터 얼티메이트  DAC,BACKCOUNTRY,280쉘터 얼티메이트 DAC,"
                                                                                                                                                542000",542000,70,https://www.musinsa.com/app/goods/2788081?loc=goods_rank
스포츠용품,7,1002672,KEEN,재스퍼 스니커즈 Beige,159000,151100,1623,https://www.musinsa.com/app/goods/3046006?loc=goods_rank
스포츠용품,8,M3343PBO11IVY,MALBON GOLF,스퀘어 라인 보스턴 IVORY,"
                                                                                                                                                419000",419000,4,https://www.musinsa.com/app/goods/3557113?loc=goods_rank
스포츠용품,9,PT3KB23M121,PROSPECS,야구국가대표팀 반팔 바람막이,"
                                                                                                                                                135000",135000,692,https://www.musinsa.com/app/goods/3275116?loc=goods_rank
스포츠용품,10,NJ1DP75A,THE NORTH FACE,NJ1DP75A 남성 1996 에코 눕시 자켓,"
                                                                                                                                                399000",399000,31521,https://www.musinsa.com/app/goods/2482269?loc=goods_rank
스포츠용품,11,ARSMTSM01,MUSCLE ARMED,매시브 23 져지 티셔츠[블랙],121000,109000,812,https://www.musinsa.com/app/goods/3288163?loc=goods_rank
스포츠용품,12,1-1,HUGVONE,무지 머슬핏 반팔 13컬러,22000,17600,16096,https://www.musinsa.com/app/goods/2690691?loc=goods_rank
스포츠용품,13,OP6KP11A,THE NORTH FACE,OP6KP11A 2023 팀코리아 트레이닝 팬츠,"
                                                                                                                                                98000",98000,33,https://www.musinsa.com/app/goods/3554633?loc=goods_rank
스포츠용품,14,LV-093GY,SNOWPEAK,로우체어쇼트 그레이,"
                                                                                                                                                298000",298000,45,https://www.musinsa.com/app/goods/3023124?loc=goods_rank
스포츠용품,15,MGSTST01DP000GO0ST,MINIMALWORKS,듀얼 파워스토브 D,285000,248000,38,https://www.musinsa.com/app/goods/3403022?loc=goods_rank
스포츠용품,16,S23ZMPAN06BK,SNOWPEAK APPAREL,S23ZMPAN06 멀티캠 아노락 Black,259000,246050,42,https://www.musinsa.com/app/goods/3063512?loc=goods_rank
스포츠용품,17,1127953-BBLC,HOKA,( (남성) 본디 8 와이드 - 블랙,"
                                                                                                                                                219000",219000,642,https://www.musinsa.com/app/goods/3377428?loc=goods_rank
스포츠용품,18,AGDUUBG09BK,ANEW GOLF,러블백_BK,"
                                                                                                                                                218000",218000,6,https://www.musinsa.com/app/goods/3411906?loc=goods_rank
스포츠용품,19,280이지폴,BACKCOUNTRY,280 이지폴,"
                                                                                                                                                199000",199000,30,https://www.musinsa.com/app/goods/2583088?loc=goods_rank
스포츠용품,20,LWTAA23031IVX,JACKNICKLAUS,[The Majors] 여성 하프 집업 스트링 티셔츠_LWTAA23031IVX,"
                                                                                                                                                198000",198000,,https://www.musinsa.com/app/goods/3497165?loc=goods_rank
스포츠용품,21,NV3NP55A,THE NORTH FACE,NV3NP55A 눕시 온볼 베스트,"
                                                                                                                                                189000",189000,1340,https://www.musinsa.com/app/goods/3539237?loc=goods_rank
스포츠용품,22,NM5MP53J,THE NORTH FACE,NM5MP53J 화이트라벨 알바니 크루넥,"
                                                                                                                                                88000",88000,459,https://www.musinsa.com/app/goods/3435002?loc=goods_rank
스포츠용품,23,YUM23152W7,DYNAFIT,NEO PISTE (네오 피스테) 아노락_Pearl,"
                                                                                                                                                169000",169000,18,https://www.musinsa.com/app/goods/3142478?loc=goods_rank
스포츠용품,24,WWM22103Z1,WIDEANGLE,ET 트루템퍼 후드 풀집업 5부 크롭 자켓 L_Black,229000,160000,1,https://www.musinsa.com/app/goods/2589610?loc=goods_rank
스포츠용품,25,K3343LBG73BLK,KODAK,라지 보스턴백 BLACK,"
                                                                                                                                                159000",159000,155,https://www.musinsa.com/app/goods/3414089?loc=goods_rank
스포츠용품,26,IF4840,ADIDAS,퓨어부스트 23 IF4840,"
                                                                                                                                                159000",159000,19,https://www.musinsa.com/app/goods/3495953?loc=goods_rank
스포츠용품,27,RMSRL1205-199,RENOMA GOLF,남성 컬러블럭형 물결포인트 라운드넥 니트 RMSRL1205-199,259000,155400,,https://www.musinsa.com/app/goods/3106578?loc=goods_rank
스포츠용품,28,LBM1SA10MPK,LORDLOAR,로고 밴드 배색 주름 스커트-PINK,218000,152600,112,https://www.musinsa.com/app/goods/3100234?loc=goods_rank
스포츠용품,29,11017,HELINOX,택티컬 테이블 미디움 - 블랙,"
                                                                                                                                                152000",152000,121,https://www.musinsa.com/app/goods/3089706?loc=goods_rank
스포츠용품,30,N231ABG590,NATIONALGEOGRAPHIC,N231ABG590 파치 백팩 BLACK,159000,149000,3791,https://www.musinsa.com/app/goods/2193458?loc=goods_rank
스포츠용품,31,MMJTT002-BK,MUSINSA STANDARD SPORTS,올라운드 트레이닝 반팔 티셔츠 [블랙],23900,19090,6579,https://www.musinsa.com/app/goods/1466038?loc=goods_rank
스포츠용품,32,CBDB0771LP,CONTINEW,에어 더플 (L) (라이트 핑크),213000,142700,734,https://www.musinsa.com/app/goods/3306810?loc=goods_rank
스포츠용품,33,LISWMO15C,LOST IN SEOUL,홀리데이 퍼프소매 네이비 모노키니 반팔 원피스 수영복,"
                                                                                                                                                139000",139000,469,https://www.musinsa.com/app/goods/2419428?loc=goods_rank
스포츠용품,34,CHB3MPT0032BK,CHALLENGER,남성 밑단 지퍼 카고 팬츠 블랙,278000,139000,6,https://www.musinsa.com/app/goods/3533255?loc=goods_rank
스포츠용품,35,HD23STS12M01,HDEX,[2pack] 메인 스몰 로고 에어 머슬핏 숏 슬리브,72000,64800,2977,https://www.musinsa.com/app/goods/3158061?loc=goods_rank
스포츠용품,36,RESO2FN8UBA,REEBOK,직 키네티카 2.5 엣지 - 트리플 블랙,"
                                                                                                                                                129000",129000,1175,https://www.musinsa.com/app/goods/2954015?loc=goods_rank
스포츠용품,37,770618-03,PUMA,도르트문트 3rd 저지 레플리카,"
                                                                                                                                                129000",129000,105,https://www.musinsa.com/app/goods/3414586?loc=goods_rank
스포츠용품,38,93353201,PUMA,배구 국가대표 SL 저지 W(93353201) 민소매 티셔츠,"
                                                                                                                                                129000",129000,14,https://www.musinsa.com/app/goods/3509046?loc=goods_rank
스포츠용품,39,RCSJW05PK,LORDLOAR,크롭 가오리 윈드브레이커 PINK,179000,125300,181,https://www.musinsa.com/app/goods/3079486?loc=goods_rank
스포츠용품,40,NM2DP53A,THE NORTH FACE,NM2DP53A 보레알레스2,139000,125100,4770,https://www.musinsa.com/app/goods/3072371?loc=goods_rank
스포츠용품,41,M32001APS40BLK,MUSINSA STANDARD SPORTS,드라이액션™ 5-inch 쇼츠 (브리프 내장) [블랙],37900,28420,623,https://www.musinsa.com/app/goods/3056151?loc=goods_rank
스포츠용품,42,LC1757900,SALOMON,액티브 스킨 8 위드 플라스크 - 블랙:블랙,"
                                                                                                                                                118000",118000,98,https://www.musinsa.com/app/goods/3264616?loc=goods_rank
스포츠용품,43,5003902132,LEDLENSER,Powerbank Flex10 휴대용 배터리 충전기,"
                                                                                                                                                115000",115000,,https://www.musinsa.com/app/goods/3549707?loc=goods_rank
스포츠용품,44,LBS1KC12MBK1,LORDLOAR,여성 베이지 배색 블랙 니트,158000,110600,33,https://www.musinsa.com/app/goods/3179299?loc=goods_rank
스포츠용품,45,10-10827,STANLEY,퀜처 H2.0 플로우스테이트 텀블러 887ml 오키드 소프트매트,"
                                                                                                                                                54000",54000,367,https://www.musinsa.com/app/goods/3407562?loc=goods_rank
스포츠용품,46,UB_BK0022002,VICTORYLAP,유틸리티 바디백 블랙 테니스라켓가방,"
                                                                                                                                                53900",53900,129,https://www.musinsa.com/app/goods/2800810?loc=goods_rank
스포츠용품,47,P00000KQ,AFRESH,에어스트레치 쇼츠_블랙 트레이닝,52000,34000,3549,https://www.musinsa.com/app/goods/2508821?loc=goods_rank
스포츠용품,48,NBNAD32843_62,NEW BALANCE,NBNAD32843/ UNI 컬러블록 웜업자켓 (HUNTER),"
                                                                                                                                                179000",179000,6671,https://www.musinsa.com/app/goods/3049849?loc=goods_rank
스포츠용품,49,HD21FSS004,HDEX,메인로고 삭스 4컬러 3packs,21000,18900,2125,https://www.musinsa.com/app/goods/2959926?loc=goods_rank
스포츠용품,50,LDG15,ADIDAS,리스폰스 수퍼 FX4829,109000,49050,752,https://www.musinsa.com/app/goods/3374519?loc=goods_rank
스포츠용품,51,YMW21314Z1,DYNAFIT,STORM FIT (스톰 핏) 남성 TR 팬츠 Black,139000,49000,6,https://www.musinsa.com/app/goods/2218254?loc=goods_rank
스포츠용품,52,P3ATSA01,GOALSTUDIO,TEAM KOREA OF E-SPORTS T-SHIRT,"
                                                                                                                                                49000",49000,159,https://www.musinsa.com/app/goods/3555410?loc=goods_rank
스포츠용품,53,5003242582,BARREL,우먼 리조트 하프 집업 크롭 래쉬가드 라벤더 (B3SWWCR006LAV),"
                                                                                                                                                99000",99000,121,https://www.musinsa.com/app/goods/3243902?loc=goods_rank
스포츠용품,54,LBS1KR14MWH,LORDLOAR,로고 배색 롱슬리브 니트-WHITE,138000,96600,74,https://www.musinsa.com/app/goods/3100203?loc=goods_rank
스포츠용품,55,DXSH4311N-WHS,DISCOVERY EXPEDITION,마운틴 퓨어 (O/WHITE),229000,91600,1057,https://www.musinsa.com/app/goods/2269891?loc=goods_rank
스포츠용품,56,GZ5173,ADIDAS,퓨어부스트 22 - 블랙,159000,89900,187,https://www.musinsa.com/app/goods/3063433?loc=goods_rank
스포츠용품,57,YMM23364W7,DYNAFIT,NEO PISTE (네오 피스테) α 하프 팬츠_Pearl,"
                                                                                                                                                89000",89000,3,https://www.musinsa.com/app/goods/3081092?loc=goods_rank
스포츠용품,58,NN2PP50K,THE NORTH FACE,NN2PP50K 화이트라벨 우먼즈 라이트 보니 팩,"
                                                                                                                                                89000",89000,215,https://www.musinsa.com/app/goods/3429605?loc=goods_rank
스포츠용품,59,BM230212,BLACK MONSTER FIT,몬스터서핑 래쉬가드 롱슬리브 (3color),"
                                                                                                                                                28900",28900,1966,https://www.musinsa.com/app/goods/3218817?loc=goods_rank
스포츠용품,60,LCFPL63WH,LORDLOAR,엘라스틱 슬림 9부 슬랙스 WHITE,98000,88200,26,https://www.musinsa.com/app/goods/3464632?loc=goods_rank
스포츠용품,61,1 Dry Regular,HUGVONE,드라이 긴팔 레귤러 핏 4컬러,23000,21000,1676,https://www.musinsa.com/app/goods/3238682?loc=goods_rank
스포츠용품,62,HD21FSS004,HDEX,메인로고 삭스 4컬러 5packs,35000,28000,1512,https://www.musinsa.com/app/goods/2959925?loc=goods_rank
스포츠용품,63,WR8010801001,WILSON,윌슨 슈퍼투어 백팩 프로스태프 블랙,"
                                                                                                                                                85000",85000,12,https://www.musinsa.com/app/goods/2745220?loc=goods_rank
스포츠용품,64,ad0501,ARDENTSOUL,헤비 어썸 컷팅 반바지(멜란지),"
                                                                                                                                                41500",41500,528,https://www.musinsa.com/app/goods/2767425?loc=goods_rank
스포츠용품,65,at-jst23-005,BADBLOOD,스포츠 클럽 멀티 스트링 바디수트(스윔수트) - 블랙,89000,80100,253,https://www.musinsa.com/app/goods/3427182?loc=goods_rank
스포츠용품,66,638629,ARCTERYX,[FW22] 토륨 후디 남성,690000,552000,255,https://www.musinsa.com/app/goods/2920827?loc=goods_rank
스포츠용품,67,968423,LOOKING4U,네오레트로 3332 레트로 편광선글라스 C2 MATT BLACK,59000,39000,815,https://www.musinsa.com/app/goods/3196225?loc=goods_rank
스포츠용품,68,NE3CP50L,THE NORTH FACE,NE3CP50L 화이트라벨 코듀로이 볼캡,"
                                                                                                                                                39000",39000,89,https://www.musinsa.com/app/goods/3483387?loc=goods_rank
스포츠용품,69,LBW1KP38MDP,LORDLOAR,시그니쳐 카라 긴팔 니트 D/PINK,88000,79200,692,https://www.musinsa.com/app/goods/2856156?loc=goods_rank
스포츠용품,70,LBW1KP38MBK,LORDLOAR,시그니쳐 카라 긴팔 니트 BLACK,88000,79200,270,https://www.musinsa.com/app/goods/2856162?loc=goods_rank
스포츠용품,71,MCS23KNV-012,MACKY,맥키클럽브이 니트  베스트 네이비,"
                                                                                                                                                79000",79000,307,https://www.musinsa.com/app/goods/3149321?loc=goods_rank
스포츠용품,72,K1GA240209,MIZUNO,MAXIMIZER 26 K1GA240209,"
                                                                                                                                                79000",79000,188,https://www.musinsa.com/app/goods/3428600?loc=goods_rank
스포츠용품,73,1073A013103,ASICS,코트 브레이크 2(1073A013103) 인도어화,"
                                                                                                                                                79000",79000,178,https://www.musinsa.com/app/goods/3464706?loc=goods_rank
스포츠용품,74,M33001AJP90,MUSINSA STANDARD SPORTS,프로텍트쉘™ 코어 패딩 자켓(4colors),89900,76415,1224,https://www.musinsa.com/app/goods/3470403?loc=goods_rank
스포츠용품,75,3884,ZETES,남성 에어쿠션 올블랙 슬림핏 집업 래쉬가드 M_3A884,"
                                                                                                                                                37500",37500,1737,https://www.musinsa.com/app/goods/1930422?loc=goods_rank
스포츠용품,76,NT7UP08K,THE NORTH FACE,NT7UP08K 화이트라벨 델루즈 반팔 라운드 티,52000,36400,38,https://www.musinsa.com/app/goods/3231828?loc=goods_rank
스포츠용품,77,HD21FSL006,HDEX,아치 로고 민소매 5 color,"
                                                                                                                                                36000",36000,764,https://www.musinsa.com/app/goods/2232966?loc=goods_rank
스포츠용품,78,MA1001,MALDEN,클래식 머슬핏 무지 티셔츠,"
                                                                                                                                                24000",24000,9575,https://www.musinsa.com/app/goods/2082054?loc=goods_rank
스포츠용품,79,5000640061,MASMARULEZ,빅 트래블백 _ 블랙,67500,34500,14216,https://www.musinsa.com/app/goods/1377156?loc=goods_rank
스포츠용품,80,NP6KN50J,THE NORTH FACE,NP6KN50J 화이트라벨 윈터 런 트레이닝 팬츠,118000,70000,56,https://www.musinsa.com/app/goods/2718109?loc=goods_rank
스포츠용품,81,P00000KW,AFRESH,에어스트레치 쇼츠_라이트그레이 트레이닝,52000,34000,292,https://www.musinsa.com/app/goods/2508880?loc=goods_rank
스포츠용품,82,YMU21129Z1,DYNAFIT,STEALTH (스텔스) 남성 자켓 Black,229000,229000,34,https://www.musinsa.com/app/goods/2167904?loc=goods_rank
스포츠용품,83,YUU21128W3,DYNAFIT,GYRO (자이로) 자켓 Off White,199000,69000,27,https://www.musinsa.com/app/goods/2214528?loc=goods_rank
스포츠용품,84,SP0MWCDX192,SKECHERS,남성 고 워크 맥스_SP0MWCDX192,89000,69000,76,https://www.musinsa.com/app/goods/3048678?loc=goods_rank
스포츠용품,85,2023SS-15,BOYS WILL BE BOYS,GLOSSY SWIM BOARD SHORTS WHITE,"
                                                                                                                                                68000",68000,24,https://www.musinsa.com/app/goods/3304738?loc=goods_rank
스포츠용품,86,WSM-23937,SENTI,[WSM-23937] 데이드림 BL 세미컷 플립턴 더블백,"
                                                                                                                                                68000",68000,186,https://www.musinsa.com/app/goods/3453797?loc=goods_rank
스포츠용품,87,ARLMTSL01,MUSCLE ARMED,[2PACK]더블 메쉬 머슬핏 티셔츠,96000,67200,113,https://www.musinsa.com/app/goods/3285106?loc=goods_rank
스포츠용품,88,NT7LP03C,THE NORTH FACE,NT7LP03C 어센드 하이브리드 긴팔 집티,109000,65400,161,https://www.musinsa.com/app/goods/3185389?loc=goods_rank
스포츠용품,89,HD22STS12M01,HDEX,[2pack] 스탠다드 머슬핏 반팔티,72000,64800,4206,https://www.musinsa.com/app/goods/3006346?loc=goods_rank
스포츠용품,90,NM5MP10B,THE NORTH FACE,NM5MP10B 에센셜 EX 스웻셔츠,89000,62300,563,https://www.musinsa.com/app/goods/2981941?loc=goods_rank
스포츠용품,91,23BK104,HUGDAY,크로스 언발 트임 모노키니,"
                                                                                                                                                59000",59000,117,https://www.musinsa.com/app/goods/3358647?loc=goods_rank
스포츠용품,92,XP9172FBlack,XEXYMIX,젤라 인텐션 바이커 쇼츠 3부 블랙,26000,18000,325,https://www.musinsa.com/app/goods/3449672?loc=goods_rank
스포츠용품,93,NT7UP21A,THE NORTH FACE,NT7UP21A 오가닉 코튼 반팔 티셔츠,35000,28000,1246,https://www.musinsa.com/app/goods/3179698?loc=goods_rank
스포츠용품,94,8-108967988,SPEEDO,Fastskin 스피드 소켓 수경(8-108967988),"
                                                                                                                                                56000",56000,15,https://www.musinsa.com/app/goods/3433450?loc=goods_rank
스포츠용품,95,NA5IP50J,THE NORTH FACE,NA5IP50J 화이트라벨 컴팩트 티볼 머플러,"
                                                                                                                                                55000",55000,6,https://www.musinsa.com/app/goods/3574216?loc=goods_rank
스포츠용품,96,HD22SHP03C02,HDEX,액티브 서포트 쇼츠,"
                                                                                                                                                52000",52000,776,https://www.musinsa.com/app/goods/2753735?loc=goods_rank
스포츠용품,97,CR23S501PK,SCULPTOR,Vintage Canvas Duffel Bag Indie Pink,72000,50400,1448,https://www.musinsa.com/app/goods/3460323?loc=goods_rank
스포츠용품,98,AKWJL-06BLK,ANDAR,울라이크 스트레치 데일리 조거팬츠 숏_블랙,59000,49000,346,https://www.musinsa.com/app/goods/2207068?loc=goods_rank
스포츠용품,99,YMU21106Z1,DYNAFIT,ABLE (에이블) 남성 TR 슈트 Black,189000,189000,196,https://www.musinsa.com/app/goods/2214267?loc=goods_rank
스포츠용품,100,MMSSP-10BLK,ANDAR,에어스트 맨즈 A.R.M 라이닝 쇼츠_블랙,53000,49000,21,https://www.musinsa.com/app/goods/3348830?loc=goods_rank
