﻿카테고리,순위,품번,브랜드명,상품명(한글),판매가,비회원가,좋아요 수,URL
모자,1,COTA01,TYPESERVICE,Typeservice Web Cap [Dark Gray],39000,35100,52063,https://www.musinsa.com/app/goods/2134140?loc=goods_rank
모자,2,BAUF25,BAUF,B LOGO 볼캡 [블랙],55000,49500,28286,https://www.musinsa.com/app/goods/2879419?loc=goods_rank
모자,3,COTA01,TYPESERVICE,Typeservice Web Cap [Black],39000,35100,16060,https://www.musinsa.com/app/goods/2356711?loc=goods_rank
모자,4,LE2301CA01BE,LEE,스몰 트위치로고 코튼 커브 볼캡 베이지,"
                                                                                                                                                29000",29000,70463,https://www.musinsa.com/app/goods/1771137?loc=goods_rank
모자,5,CTHTDC003BL,CRITIC,WORMHOLE LOGO BEANIE BLUE,29000,26100,2715,https://www.musinsa.com/app/goods/3440367?loc=goods_rank
모자,6,ML056,MILLO,홀리데이 시그니처 볼 캡 [그린],39000,35100,64478,https://www.musinsa.com/app/goods/2280117?loc=goods_rank
모자,7,COTA01,TYPESERVICE,Typeservice Web Cap [Beige Gray],39000,35100,29784,https://www.musinsa.com/app/goods/2356713?loc=goods_rank
모자,8,3ACP6601N-50NYS,MLB,N-COVER 언스트럭쳐 볼캡 NY (Navy),"
                                                                                                                                                36000",36000,15817,https://www.musinsa.com/app/goods/2107999?loc=goods_rank
모자,9,CTHTDA002BK,CRITIC,Goth Logo 5P Cap Black,39000,35100,1995,https://www.musinsa.com/app/goods/3119125?loc=goods_rank
모자,10,MAPOHGS0J420897-400,POLO RALPH LAUREN,스트레치 코튼 볼 캡 - 블루,"
                                                                                                                                                79000",79000,793,https://www.musinsa.com/app/goods/2416509?loc=goods_rank
모자,11,3AHTF0936-50BKS,MLB,퍼 버킷햇 NY (Black),"
                                                                                                                                                79000",79000,26,https://www.musinsa.com/app/goods/3545438?loc=goods_rank
모자,12,A231UAA04BW,AEAE,WEB LOGO TWO TONE BALL CAP - [BLACK/WHITE],"
                                                                                                                                                49000",49000,7086,https://www.musinsa.com/app/goods/3339112?loc=goods_rank
모자,13,3ACP6601N-50BKS,MLB,N-COVER 볼캡 NY (BLACK),"
                                                                                                                                                36000",36000,48833,https://www.musinsa.com/app/goods/1272626?loc=goods_rank
모자,14,LPMN01,LUOESPAC,[미누의 코디] MNC 볼캡 (블랙),39000,31200,2567,https://www.musinsa.com/app/goods/2962388?loc=goods_rank
모자,15,TN233WHWBC04CHA,THISISNEVERTHAT,Times Cap Charcoal,"
                                                                                                                                                39000",39000,86,https://www.musinsa.com/app/goods/3498014?loc=goods_rank
모자,16,CTA0CP02CR,CITY BREEZE,아치 로고 자수 볼캡_CREAM,42000,37800,6988,https://www.musinsa.com/app/goods/3363218?loc=goods_rank
모자,17,cap_logo_002dpk,WOOALONG,Signature Logo ball cap - DUSTY PINK,"
                                                                                                                                                37000",37000,35434,https://www.musinsa.com/app/goods/2287131?loc=goods_rank
모자,18,P00000DG,HIDDEN BEHIND,hide 로고 볼캡(CHARCOAL),39000,37000,758,https://www.musinsa.com/app/goods/2699995?loc=goods_rank
모자,19,MAPOHGS0J420229-001,POLO RALPH LAUREN,코튼 치노 베이스볼 캡 - 블랙,79000,55300,2353,https://www.musinsa.com/app/goods/2381335?loc=goods_rank
모자,20,3ACP7701N-07GNS,MLB,루키 언스트럭쳐 볼캡 LA (Green),"
                                                                                                                                                36000",36000,46345,https://www.musinsa.com/app/goods/1214109?loc=goods_rank
모자,21,A095040DAOB9XXFW23,DIESEL,공용 K 코더 H 로고 패치 리브 비니 - 블랙,"
                                                                                                                                                110000",110000,75,https://www.musinsa.com/app/goods/3421851?loc=goods_rank
모자,22,CTHTDC003BK,CRITIC,WORMHOLE LOGO BEANIE BLACK,29000,26100,729,https://www.musinsa.com/app/goods/3440370?loc=goods_rank
모자,23,A231UAA02GP,AEAE,WEB LOGO 5 PANNEL BALL CAP - [GREY/NAVY],"
                                                                                                                                                49000",49000,1975,https://www.musinsa.com/app/goods/3185982?loc=goods_rank
모자,24,2202151600,AEAE,Web Logo 5pannel Cap [Charcoal/Moca],"
                                                                                                                                                49000",49000,9468,https://www.musinsa.com/app/goods/2789756?loc=goods_rank
모자,25,NG2DFUAB26ABK,NICEGHOSTCLUB,니트 버킷 햇_블랙(NG2DFUAB26A),39000,31200,18016,https://www.musinsa.com/app/goods/2089074?loc=goods_rank
모자,26,KKQWAHT500M,KIRSH,스몰 체리 비니 [블랙],32000,19900,2197,https://www.musinsa.com/app/goods/2745463?loc=goods_rank
모자,27,NE3CP50L,THE NORTH FACE,NE3CP50L 화이트라벨 코듀로이 볼캡,"
                                                                                                                                                39000",39000,89,https://www.musinsa.com/app/goods/3483387?loc=goods_rank
모자,28,project 6-20,THE COLDEST MOMENT,TCM bbc cap,43000,38700,12939,https://www.musinsa.com/app/goods/1632175?loc=goods_rank
모자,29,cap_logo_002na,WOOALONG,Signature Logo ball cap - NAVY,"
                                                                                                                                                37000",37000,11014,https://www.musinsa.com/app/goods/2286824?loc=goods_rank
모자,30,cap_logo_002bk,WOOALONG,Signature Logo ball cap - BLACK,"
                                                                                                                                                37000",37000,45383,https://www.musinsa.com/app/goods/2286829?loc=goods_rank
모자,31,3ACP7701N-50NYS,MLB,루키 언스트럭쳐 볼캡 NY (Navy),"
                                                                                                                                                36000",36000,26386,https://www.musinsa.com/app/goods/1214169?loc=goods_rank
모자,32,3ACP7701N-50WHS,MLB,루키 언스트럭쳐 볼캡 NY (White),"
                                                                                                                                                36000",36000,13039,https://www.musinsa.com/app/goods/1214171?loc=goods_rank
모자,33,20237,WICK,Executive 클랙식 워싱 볼캡-네이비,19000,17100,23242,https://www.musinsa.com/app/goods/2306874?loc=goods_rank
모자,34,COTA01,TYPESERVICE,Typeservice Web Cap [Pink],39000,35100,22180,https://www.musinsa.com/app/goods/2356693?loc=goods_rank
모자,35,COTA01,TYPESERVICE,Typeservice Web Cap [Off White],39000,35100,6884,https://www.musinsa.com/app/goods/2356714?loc=goods_rank
모자,36,LN10_2202_MC/07,ANONIMO-A,Flower embroidered Cap- Indigo,"
                                                                                                                                                59000",59000,1263,https://www.musinsa.com/app/goods/2478356?loc=goods_rank
모자,37,S23SUCBH11BK,SNOWPEAK APPAREL,S23SUCBH11 캠플 버킷햇 Black,"
                                                                                                                                                59000",59000,149,https://www.musinsa.com/app/goods/3195172?loc=goods_rank
모자,38,1MG23SHG108BLU,MARITHE FRANCOIS GIRBAUD,DENIM WASHING LOGO BALL CAP blue,"
                                                                                                                                                59000",59000,648,https://www.musinsa.com/app/goods/3326188?loc=goods_rank
모자,39,LE2301CA01BK,LEE,스몰 트위치로고 코튼 커브 볼캡 블랙,"
                                                                                                                                                29000",29000,22115,https://www.musinsa.com/app/goods/1771132?loc=goods_rank
모자,40,AJ234AC004BK,AJOBYAJO,Arch Logo Denim Cap [BLACK],"
                                                                                                                                                58000",58000,155,https://www.musinsa.com/app/goods/3452744?loc=goods_rank
모자,41,3AHT7702N-50BKS,MLB,루키 버킷햇 NY (BLACK),"
                                                                                                                                                56000",56000,13574,https://www.musinsa.com/app/goods/1945782?loc=goods_rank
모자,42,APOHFWABC01,APIECEOFCAKE,Archive Cap_Charcoal,45000,45000,389,https://www.musinsa.com/app/goods/2893717?loc=goods_rank
모자,43,MMJCP001-BK,MUSINSA STANDARD,빅 사이즈 코튼 볼캡 [블랙],19900,17890,4180,https://www.musinsa.com/app/goods/1388932?loc=goods_rank
모자,44,23HSACC02CR,NACHE,CONVEX TRUCKER MESH CAP GLOW CREAM,"
                                                                                                                                                52000",52000,1058,https://www.musinsa.com/app/goods/3405208?loc=goods_rank
모자,45,1MG23CHG101NVY,MARITHE FRANCOIS GIRBAUD,CLASSIC LOGO CAP navy,"
                                                                                                                                                49000",49000,7657,https://www.musinsa.com/app/goods/1761934?loc=goods_rank
모자,46,PD08GD0167BL,PHYSICAL EDUCATION DEPARTMENT,[PHYPS® X FRIZBEE] STARDUST BEANIE BLUE,"
                                                                                                                                                49000",49000,901,https://www.musinsa.com/app/goods/3474159?loc=goods_rank
모자,47,cap,TOM'S BIRTHDAY,TBD 볼캡 블랙,52000,44200,272,https://www.musinsa.com/app/goods/2980777?loc=goods_rank
모자,48,cap,TOM'S BIRTHDAY,TBD 볼캡 믹스 그린,52000,44200,241,https://www.musinsa.com/app/goods/2981752?loc=goods_rank
모자,49,23RCFWEHTU001OA,ROMANTIC CROWN,핸드 스티치 니트 트루퍼 햇_오트밀,48000,43200,82,https://www.musinsa.com/app/goods/3487889?loc=goods_rank
모자,50,HLHTCD001GR,HIGHLAND DELI AND GROCERY,Highland Jacquard Beanie Green,42000,42000,433,https://www.musinsa.com/app/goods/2809854?loc=goods_rank
모자,51,project 11,THE COLDEST MOMENT,TCM video cap,46000,41400,3162,https://www.musinsa.com/app/goods/3038180?loc=goods_rank
모자,52,13583791,NEW ERA,MLB 베이직 뉴욕 양키스 언스트럭쳐 볼캡 화이트 온 블랙,46000,41400,975,https://www.musinsa.com/app/goods/3088349?loc=goods_rank
모자,53,23SS1HA005BR,OGARP,Original Symbol logo cap Brown,45000,40500,729,https://www.musinsa.com/app/goods/3061259?loc=goods_rank
모자,54,183CP008WH,BLACKBLOND,비비디 클레식 로고 스마일 캡 (화이트),68000,39900,67,https://www.musinsa.com/app/goods/798974?loc=goods_rank
모자,55,CLHTDA002BK,CLOVE,Basic Fit Ball Cap Colorblock (Black),"
                                                                                                                                                39000",39000,1729,https://www.musinsa.com/app/goods/1236995?loc=goods_rank
모자,56,3ABNM0716-50LDS,MLB,뉴 젤리 비니 NY (Lavender),"
                                                                                                                                                39000",39000,7667,https://www.musinsa.com/app/goods/1549818?loc=goods_rank
모자,57,Washing Blue Wire Brim BikeCap,UNIVERSAL CHEMISTRY,Washing Blue Wire Brim BikeCap 바이크캡,"
                                                                                                                                                39000",39000,27,https://www.musinsa.com/app/goods/3167723?loc=goods_rank
모자,58,VA233CPC04RD,VOLCOM,볼컴X하이브로우 빅 스톤 볼캡(레드),"
                                                                                                                                                39000",39000,5,https://www.musinsa.com/app/goods/3557467?loc=goods_rank
모자,59,XL EX VTG CAP BLACK,PLATEAU,빅사이즈 볼캡 XL EX VTG CAP BLACK,43000,38500,117,https://www.musinsa.com/app/goods/3117414?loc=goods_rank
모자,60,cap_logo_002scbk,WOOALONG,Signature Logo ball cap - STITCH BLACK,"
                                                                                                                                                38000",38000,17593,https://www.musinsa.com/app/goods/2287105?loc=goods_rank
모자,61,3222CP411220,YOUTHBATH,도기 메쉬 트러커캡_화이트/레드,42000,37800,240,https://www.musinsa.com/app/goods/2591394?loc=goods_rank
모자,62,U23-ACC05-BK,URBANSTOFF,그래피티 로고 캡 (블랙),42000,37800,87,https://www.musinsa.com/app/goods/3428575?loc=goods_rank
모자,63,N_23 F/W,NICK&NICOLE,SIGNATURE COLOR BLOCK BALL CAP_NAVY,42000,37800,90,https://www.musinsa.com/app/goods/3433798?loc=goods_rank
모자,64,APOHFWABC01,APIECEOFCAKE,Archive Cap_Black,45000,18000,235,https://www.musinsa.com/app/goods/2893778?loc=goods_rank
모자,65,3ACP6601N-50CGS,MLB,N-COVER 언스트럭쳐 볼캡 NY (Charcoal Grey),"
                                                                                                                                                36000",36000,4650,https://www.musinsa.com/app/goods/2108000?loc=goods_rank
모자,66,GBHHT009WASHEDBROWN,GRAM OUNCE POUND,US FLAG 6-PANEL CAP_WASHED BROWN,45000,36000,1290,https://www.musinsa.com/app/goods/2687155?loc=goods_rank
모자,67,3ACP6601N-09NYS,MLB,N-COVER 언스트럭쳐 볼캡 NYM (Navy),"
                                                                                                                                                36000",36000,120,https://www.musinsa.com/app/goods/3431893?loc=goods_rank
모자,68,NE3BP51J,THE NORTH FACE,NE3BP51J 화이트라벨 스탠다드 비니,"
                                                                                                                                                35000",35000,133,https://www.musinsa.com/app/goods/3467073?loc=goods_rank
모자,69,NE3BP51L,THE NORTH FACE,NE3BP51L 화이트라벨 스탠다드 비니,"
                                                                                                                                                35000",35000,109,https://www.musinsa.com/app/goods/3467200?loc=goods_rank
모자,70,BA233CPC05NV,BEENTRILL GOLF,드리피 해시태그 볼캡(네이비),38000,34200,8,https://www.musinsa.com/app/goods/3554639?loc=goods_rank
모자,71,115400,NIKE GOLF,드라이 핏 클럽 FB6451,"
                                                                                                                                                25900",25900,1229,https://www.musinsa.com/app/goods/3435270?loc=goods_rank
모자,72,TN231WHWBC07GR,THISISNEVERTHAT,Fortuna N-Logo Cap Grey,42000,33600,293,https://www.musinsa.com/app/goods/3220245?loc=goods_rank
모자,73,테리 딥 버킷 햇_화이트,LIEU HOMME,테리 딥 버킷 햇_화이트,42000,33600,3,https://www.musinsa.com/app/goods/3449262?loc=goods_rank
모자,74,2023-STU-SS-025,UNDERCONTROL STUDIO,STICK RIB BEANIE,39000,33150,48,https://www.musinsa.com/app/goods/3215699?loc=goods_rank
모자,75,FQ4641,ADIDAS,아디컬러 버킷 햇 - 화이트,39000,32900,7231,https://www.musinsa.com/app/goods/1907732?loc=goods_rank
모자,76,WOIPGTHO2WI,SUPERSUB,S 로고 피그먼트 볼 캡 - 핑크,42000,32000,115,https://www.musinsa.com/app/goods/3465578?loc=goods_rank
모자,77,varzar507,VARZAR,[Unisex] 3D 모노그램 로고 오버핏 볼캡 화이트,39000,31200,807,https://www.musinsa.com/app/goods/1126970?loc=goods_rank
모자,78,YES0166,YESEYESEE,C-Logo Cap Black,39000,31200,1948,https://www.musinsa.com/app/goods/1583576?loc=goods_rank
모자,79,LP0251,LUOESPAC,엘 로고 볼캡 (블랙),39000,31200,2304,https://www.musinsa.com/app/goods/2234533?loc=goods_rank
모자,80,22SPCP01,AMES-WORLDWIDE,AMES ROUND LOGO CAP_NV(22SPCP01),39000,31200,1229,https://www.musinsa.com/app/goods/2356414?loc=goods_rank
모자,81,C210601,JMK,[Unisex] 태극기 자수 로고 볼캡 블랙,39000,15000,132,https://www.musinsa.com/app/goods/1988246?loc=goods_rank
모자,82,LP5652,LUOESPAC,오버핏 라인 버킷햇 (블랙),37000,29600,3562,https://www.musinsa.com/app/goods/1680759?loc=goods_rank
모자,83,TN223WHWBC02KH,THISISNEVERTHAT,WR CPT-Logo Cap Khaki,42000,29400,381,https://www.musinsa.com/app/goods/2814722?loc=goods_rank
모자,84,1500-blk,NEWHATTAN,워싱 버킷햇 (black),"
                                                                                                                                                29000",29000,1016,https://www.musinsa.com/app/goods/1473892?loc=goods_rank
모자,85,COTA01,TYPESERVICE,Typeservice Web Cap [Navy],39000,35100,27690,https://www.musinsa.com/app/goods/2134158?loc=goods_rank
모자,86,NE3BN50D,THE NORTH FACE,NE3BN50D 빅 로고 비니,29000,23200,480,https://www.musinsa.com/app/goods/2274971?loc=goods_rank
모자,87,MAPOHGS0J420120-400,POLO RALPH LAUREN,폴로 치노 베이스볼 캡-누벅,"
                                                                                                                                                89000",89000,28304,https://www.musinsa.com/app/goods/1022014?loc=goods_rank
모자,88,APOHSPABH01IV,APIECEOFCAKE,Quilting Bucket Hat_Ivory,52000,20800,215,https://www.musinsa.com/app/goods/2367057?loc=goods_rank
모자,89,APOHSPABH01NA,APIECEOFCAKE,Quilting Bucket Hat_Navy,52000,20800,188,https://www.musinsa.com/app/goods/2367114?loc=goods_rank
모자,90,2BYHTF1928BK,BCC,bcc숏비니U BK,35000,35000,94,https://www.musinsa.com/app/goods/2105981?loc=goods_rank
모자,91,TT35AACU05,TNP,TT35AACU05_MESH SUMMER BUCKET HAT,35000,35000,164,https://www.musinsa.com/app/goods/3208525?loc=goods_rank
모자,92,CLOUD-BUCKET-BLACK,MARTINCOKS,클라우드 버킷햇 블랙,35900,35900,660,https://www.musinsa.com/app/goods/3269935?loc=goods_rank
모자,93,22EHFSAC002KHF,EXPRESS HOLIDAY,스퀘어 로고 캡_카키,42000,18900,143,https://www.musinsa.com/app/goods/2813173?loc=goods_rank
모자,94,HLHTCC002MU,HIGHLAND DELI AND GROCERY,Fresh Experience Corduroy Ball Cap Mustard,45000,18000,133,https://www.musinsa.com/app/goods/2809858?loc=goods_rank
모자,95,14674,WICK,BG284CAP539 EXECUTIVE CLUB WASHING CAP-CHARCOAL,19000,17100,6596,https://www.musinsa.com/app/goods/2141500?loc=goods_rank
모자,96,Pigment Washed Cotton Ball Cap,DUMARO,피그먼트 워시드 코튼 볼캡,39900,27930,3889,https://www.musinsa.com/app/goods/2289282?loc=goods_rank
모자,97,BAUF28,BAUF,B 빈티지 워싱 볼캡 [워시드 핑크],55000,49500,15007,https://www.musinsa.com/app/goods/2879425?loc=goods_rank
모자,98,29298BWYG5,8SECONDS,블랙 베이직 숏 비니 (29298BWYG5),19900,11940,53,https://www.musinsa.com/app/goods/2823602?loc=goods_rank
모자,99,Pigment Washed Cotton Ball Cap,DUMARO,피그먼트 워시드 코튼 볼캡,39900,27930,15008,https://www.musinsa.com/app/goods/2289281?loc=goods_rank
모자,100,LE2301CA01NA,LEE,스몰 트위치로고 코튼 커브 볼캡 네이비,29000,26100,28676,https://www.musinsa.com/app/goods/1771133?loc=goods_rank
