﻿카테고리,순위,품번,브랜드명,상품명(한글),판매가,비회원가,좋아요 수,URL
전체,1,1111,LAFUDGESTORE,솔라노 에어플로우 윈드 자켓_Black,74900,37000,4967,https://www.musinsa.com/app/goods/3417474?loc=goods_rank
전체,2,IF0641,ADIDAS,삼바 Decon IF0641,"
                                                                                                                                                179000",179000,2709,https://www.musinsa.com/app/goods/3543294?loc=goods_rank
전체,3,GU01BGR,GAKKAI UNIONS,원턱 와이드 스웨트팬츠 그레이,52000,36400,184276,https://www.musinsa.com/app/goods/2112059?loc=goods_rank
전체,4,IF0642,ADIDAS,삼바 Decon IF0642,"
                                                                                                                                                179000",179000,3330,https://www.musinsa.com/app/goods/3543293?loc=goods_rank
전체,5,MB1F0117A,MANYOFACTORY,[사용기한 임박] 퓨어 클렌징 오일 400ml +55ml,49000,14900,371,https://www.musinsa.com/app/goods/3508560?loc=goods_rank
전체,6,TRSDPT02BBL,TRILLION,바이오스톤 워싱 와이드 데님 팬츠 (BEIGE BLUE),54000,28900,44552,https://www.musinsa.com/app/goods/2706287?loc=goods_rank
전체,7,TAF-2WHZU01MG,TOFFEE,2WAY 스웻 후드 집업 (MELANGE GREY),45000,39000,199153,https://www.musinsa.com/app/goods/1778404?loc=goods_rank
전체,8,MG2200LT16BK,WHATITISNT,[22FW] ANGEL WAPPEN STRIPE LONG SLEEVE BLACK,45000,19900,72141,https://www.musinsa.com/app/goods/1322019?loc=goods_rank
전체,9,SPYWD49C01,SPAO,(시티보이) 오버핏 옥스포드 셔츠_SPYWD49C01,39900,35910,67110,https://www.musinsa.com/app/goods/2272830?loc=goods_rank
전체,10,MMATS701-WH,MUSINSA STANDARD,레이어드 크루 넥 반팔 티셔츠_일반 기장 [화이트],16900,15190,86183,https://www.musinsa.com/app/goods/2086653?loc=goods_rank
전체,11,SL22FW-M2-WG,SLOW ACID,블러리 로고 스웨트셔츠 [웜그레이],79000,39500,11110,https://www.musinsa.com/app/goods/2837417?loc=goods_rank
전체,12,MIPS0003-BK,MUSINSA STANDARD,세미 와이드 히든 밴딩 슬랙스 [블랙],"
                                                                                                                                                39900",39900,90140,https://www.musinsa.com/app/goods/1149329?loc=goods_rank
전체,13,GW8206,ADIDAS,토바코 Gruen GW8206,"
                                                                                                                                                139000",139000,4470,https://www.musinsa.com/app/goods/3532933?loc=goods_rank
전체,14,Pack_13,URBANDTYPE,[ 리뉴얼 ] UB 바람막이 쓰리피스 셋업_블랙,109000,54000,15955,https://www.musinsa.com/app/goods/2288426?loc=goods_rank
전체,15,23FW,DNSR,레이즈 실루엣 나일론 팬츠,143000,114400,79,https://www.musinsa.com/app/goods/3568783?loc=goods_rank
전체,16,A02755C,CONVERSE,척70 시즈널 컬러 스쿼럴 프렌드 A02755C,99000,44550,3918,https://www.musinsa.com/app/goods/2987458?loc=goods_rank
전체,17,GU01BBK,GAKKAI UNIONS,원턱 와이드 스웨트팬츠 블랙,52000,36400,58020,https://www.musinsa.com/app/goods/2112061?loc=goods_rank
전체,18,2020F11,XERO,Deep One Tuck Sweat Pants [Grey],"
                                                                                                                                                39000",39000,199762,https://www.musinsa.com/app/goods/1551840?loc=goods_rank
전체,19,EG4959,ADIDAS,슈퍼스타 - 블랙:화이트,"
                                                                                                                                                139000",139000,60480,https://www.musinsa.com/app/goods/1622069?loc=goods_rank
전체,20,MK2378JP039M0BB,MATIN KIM,MATIN CROP HOODY COATING JUMPER IN BLACK,"
                                                                                                                                                158000",158000,104,https://www.musinsa.com/app/goods/3573116?loc=goods_rank
전체,21,1804050,WHOLOVESART,유니섹스 세미 와이드 밴딩 슬랙스,54000,35900,235493,https://www.musinsa.com/app/goods/750908?loc=goods_rank
전체,22,5005341467,LIKE THE MOST,트레이닝 핀턱 와이드 팬츠 2colors,66400,26560,14227,https://www.musinsa.com/app/goods/3443300?loc=goods_rank
전체,23,MIBE0005,MUSINSA STANDARD,사피아노 신세틱 레더 벨트,"
                                                                                                                                                15900",15900,82760,https://www.musinsa.com/app/goods/1220731?loc=goods_rank
전체,24,T17Z010,IL-O-GONG-CHIL,[10PACK] 1507 모노 트라우져 하프 삭스 _ 스노우화이트/화이트/블랙,24000,14900,93019,https://www.musinsa.com/app/goods/998051?loc=goods_rank
전체,25,HP5515,ADIDAS,BW 아미 - 화이트:그레이,139000,76900,27426,https://www.musinsa.com/app/goods/2638067?loc=goods_rank
전체,26,DF22SS707,DOFFJASON,미니멀 스퀘어 하드레더 벨트,43000,29800,36318,https://www.musinsa.com/app/goods/1961481?loc=goods_rank
전체,27,L41252900,SALOMON SPORTSTYLE,XT-6 - 화이트:화이트:루나 락,"
                                                                                                                                                260000",260000,14944,https://www.musinsa.com/app/goods/1762407?loc=goods_rank
전체,28,IA4778,ADIDAS,베켄바우어 트랙탑 - 블랙,105000,90900,10504,https://www.musinsa.com/app/goods/3042936?loc=goods_rank
전체,29,5004233824,MARDI MERCREDI,SWEATSHIRT FLOWERMARDI_BLACK PINK,75000,71250,11664,https://www.musinsa.com/app/goods/3471299?loc=goods_rank
전체,30,IG1024,ADIDAS,삼바 OG - 화이트:그린,"
                                                                                                                                                139000",139000,10576,https://www.musinsa.com/app/goods/3409005?loc=goods_rank
전체,31,MMATL411,MUSINSA STANDARD,베이식 긴팔 티셔츠 2팩,37800,32090,67590,https://www.musinsa.com/app/goods/2149254?loc=goods_rank
전체,32,LA20FWHVMT004,LENGAGEMENT,테일 로고 후드티 [그레이],76000,26600,832,https://www.musinsa.com/app/goods/2284814?loc=goods_rank
전체,33,MIPS0004-BK,MUSINSA STANDARD,와이드 히든 밴딩 슬랙스 [블랙],"
                                                                                                                                                41900",41900,93664,https://www.musinsa.com/app/goods/1168906?loc=goods_rank
전체,34,PT024BK,NOT4NERD,Wide String Cargo Slacks Pants Black,89000,39000,108864,https://www.musinsa.com/app/goods/1370101?loc=goods_rank
전체,35,162058C,CONVERSE,척 70 클래식  블랙 162058C,95000,85500,107665,https://www.musinsa.com/app/goods/810034?loc=goods_rank
전체,36,WBC3L04503GR,GENERALIDEA,GNRL 에센셜 가디건 [GREY],85000,49000,11324,https://www.musinsa.com/app/goods/3434621?loc=goods_rank
전체,37,AD202,AVANDRESS,유니섹스 베이스 오버핏 체크셔츠-네이비,44000,23760,9943,https://www.musinsa.com/app/goods/1622792?loc=goods_rank
전체,38,5003432996,SUARE,워셔블 케이블 라운드 니트 - 5 COLOR,59000,51900,1737,https://www.musinsa.com/app/goods/3494992?loc=goods_rank
전체,39,ID2047,ADIDAS,삼바 OG - 크림:살몬,"
                                                                                                                                                139000",139000,15717,https://www.musinsa.com/app/goods/3366203?loc=goods_rank
전체,40,Cushiony Hobo Bag,DUMARO,쿠셔니 호보 백,94000,94000,366,https://www.musinsa.com/app/goods/2402762?loc=goods_rank
전체,41,MG2300HZ01GR,WHATITISNT,엔젤 와펜 후드집업 그레이,79000,47400,8719,https://www.musinsa.com/app/goods/3029811?loc=goods_rank
전체,42,MMJJK601-BK,MUSINSA STANDARD,릴렉스드 베이식 블레이저 [블랙],81900,73690,57266,https://www.musinsa.com/app/goods/1558197?loc=goods_rank
전체,43,2167537,TWN,슬레이크 후드 올리브 HHHD3397,57000,41900,59890,https://www.musinsa.com/app/goods/2106705?loc=goods_rank
전체,44,Pack50,URBANDTYPE,[ 리뉴얼 ]린넨 쓰리피스 셋업_블랙,99000,33900,4346,https://www.musinsa.com/app/goods/2458191?loc=goods_rank
전체,45,CBCFUTL100NYCBCFUTH100CBCFUTP100NY,CODEGRAPHY,[SET] (맨투맨 OR 후드 선택) CGP 아치 로고 트레이닝 셋업_네이비,97900,53900,44886,https://www.musinsa.com/app/goods/2043056?loc=goods_rank
전체,46,JN6TSU803BE,JEEP,1941 빅로고 프린팅 맨투맨 (JN6TSU803BE),59000,59000,3649,https://www.musinsa.com/app/goods/3061222?loc=goods_rank
전체,47,TRSDPT02BG,TRILLION,바이오스톤 워싱 와이드 데님 팬츠 (BLUE GRAY),54000,32400,48444,https://www.musinsa.com/app/goods/2351467?loc=goods_rank
전체,48,APOGSPLBL01GN,APIECEOFCAKE,Signature Bear Cushion&Blanket_Green,45000,45000,4633,https://www.musinsa.com/app/goods/1798257?loc=goods_rank
전체,49,JN5TSU091WH,JEEP,[단품] 빅로고 반팔티 (JN5TSU091) 10 Color,29000,9900,9834,https://www.musinsa.com/app/goods/3476114?loc=goods_rank
전체,50,TRSHT04NV,TRILLION,컬러 배색 1992 그래픽 후드 (NAVY),49800,39800,39647,https://www.musinsa.com/app/goods/2995119?loc=goods_rank
전체,51,MMASC101-WH,MUSINSA STANDARD,라이트웨이트 크루 삭스 7팩 [화이트],"
                                                                                                                                                19900",19900,85373,https://www.musinsa.com/app/goods/991339?loc=goods_rank
전체,52,fudge,LAFUDGESTORE,[3M 신슐레이트]오리지널 M-1965 피쉬테일 파카_Original Khaki,138000,94900,75323,https://www.musinsa.com/app/goods/2064478?loc=goods_rank
전체,53,ID2056,ADIDAS,삼바 OG - 네이비:화이트,"
                                                                                                                                                139000",139000,10221,https://www.musinsa.com/app/goods/3526686?loc=goods_rank
전체,54,23FW,DNSR,딥 포턱 플로우 밴딩 데님 팬츠 그레이,112000,89600,53,https://www.musinsa.com/app/goods/3568846?loc=goods_rank
전체,55,5004513586,1989STANDARD,OUR 1989 후드 (STHSTD-0004),74900,39900,9535,https://www.musinsa.com/app/goods/2990516?loc=goods_rank
전체,56,TRFKN03BK,TRILLION,워셔블 하프 집업 카라넥 하찌 니트 (PURE BLACK),49000,32450,36012,https://www.musinsa.com/app/goods/2775713?loc=goods_rank
전체,57,MMATE407,MUSINSA STANDARD,릴렉스 핏 크루 넥 반팔 티셔츠 2팩,"
                                                                                                                                                31800",31800,40991,https://www.musinsa.com/app/goods/2034137?loc=goods_rank
전체,58,21FLGP20GR,GLW,이지 와이드 데님 팬츠 그레이,52800,42000,121551,https://www.musinsa.com/app/goods/2092852?loc=goods_rank
전체,59,M9166C,CONVERSE,척테일러 올스타 블랙 옥스 M9166C,59000,53100,118910,https://www.musinsa.com/app/goods/311052?loc=goods_rank
전체,60,SC22A243BK,SCULPTOR,Masterpiece Sheer Top Black,54000,37800,16098,https://www.musinsa.com/app/goods/2731239?loc=goods_rank
전체,61,ID6858,ADIDAS,포럼 로우 클래식 - 화이트,129000,89900,4229,https://www.musinsa.com/app/goods/3081253?loc=goods_rank
전체,62,MMJPS212-BK,MUSINSA STANDARD,[쿨탠다드] 테이퍼드 히든 밴딩 크롭 슬랙스 [블랙],39900,23890,40170,https://www.musinsa.com/app/goods/1440874?loc=goods_rank
전체,63,TD5-TS0110_MIG,THOMASMORE,TD5-TS0110 사커스웨트-미구엘,"
                                                                                                                                                69500",69500,3063,https://www.musinsa.com/app/goods/2305875?loc=goods_rank
전체,64,1027425,KEEN,재스퍼 락 스니커즈 Safari Blue,179000,169500,5488,https://www.musinsa.com/app/goods/3046014?loc=goods_rank
전체,65,VN000ZDF1WX1,VANS,올드스쿨(캔버스) - 블랙:트루 화이트,85000,69900,68208,https://www.musinsa.com/app/goods/186610?loc=goods_rank
전체,66,2020F10,XERO,Deep One Tuck Sweat Pants [Black],"
                                                                                                                                                39000",39000,43229,https://www.musinsa.com/app/goods/1551839?loc=goods_rank
전체,67,BIFMHDB01BD,BROWNBREATH,TAG HOODIE - BURGUNDY,"
                                                                                                                                                79000",79000,24164,https://www.musinsa.com/app/goods/2722805?loc=goods_rank
전체,68,COTA01,TYPESERVICE,Typeservice Web Cap [Dark Gray],39000,35100,52054,https://www.musinsa.com/app/goods/2134140?loc=goods_rank
전체,69,KBCFUKC002BK,KIIMUIR,코튼 워셔블 하찌 2-WAY 집업니트 가디건_퓨어 블랙,79000,59900,14250,https://www.musinsa.com/app/goods/2702393?loc=goods_rank
전체,70,TS3-RPHST17,TOFFEE,리벳 애드 포켓 후드 스웻 셔츠 (BLACK),59000,33900,264,https://www.musinsa.com/app/goods/3051596?loc=goods_rank
전체,71,1709399,SUARE,워셔블 하찌 니트 - 12 COLOR,59000,39900,81728,https://www.musinsa.com/app/goods/2396645?loc=goods_rank
전체,72,MITS0005-WH,MUSINSA STANDARD,릴렉스 핏 크루 넥 반팔 티셔츠 [화이트],"
                                                                                                                                                15900",15900,77711,https://www.musinsa.com/app/goods/996177?loc=goods_rank
전체,73,DBBF8jk10BK,DIMITRI BLACK,(올시즌) 2WAY 어센틱 후드 윈드브레이커 자켓_블랙,85900,66900,26910,https://www.musinsa.com/app/goods/2723218?loc=goods_rank
전체,74,NM2DP51A,THE NORTH FACE,NM2DP51A 빅샷,150000,135000,61362,https://www.musinsa.com/app/goods/1034480?loc=goods_rank
전체,75,AC3498,ANOLORCODE,리자드 데님팬츠 (흑청),49000,36750,2300,https://www.musinsa.com/app/goods/3421113?loc=goods_rank
전체,76,MMJTS113-WH,MUSINSA STANDARD,레이어드 크루 넥 반팔 티셔츠_긴 기장 [화이트],16900,13490,81766,https://www.musinsa.com/app/goods/1382658?loc=goods_rank
전체,77,93231TMT100110,1993STUDIO,90S 트랙 스웨트셔츠_그레이,85000,68000,96018,https://www.musinsa.com/app/goods/2313388?loc=goods_rank
전체,78,FW812056,CPGN STUDIO,헤비오버핏 램스울 가디건 챠콜,139000,69500,59955,https://www.musinsa.com/app/goods/918039?loc=goods_rank
전체,79,Jayce-OB267-Black Brown,ONE BRILLIANT,Jayce-OB267-Black Brown,112000,112000,1859,https://www.musinsa.com/app/goods/2474822?loc=goods_rank
전체,80,NC2103HD02DU,NAMERCLOTHING,BLUER TEAM HOODIE DUSTY BLUE,109000,65400,8232,https://www.musinsa.com/app/goods/2339102?loc=goods_rank
전체,81,MIPS0001-BK,MUSINSA STANDARD,테이퍼드 히든 밴딩 크롭 슬랙스 [블랙],"
                                                                                                                                                39900",39900,102388,https://www.musinsa.com/app/goods/1149328?loc=goods_rank
전체,82,MG2200HD12BK,WHATITISNT,[22FW]ANGEL WAPPEN HOOD BLACK,69000,34500,31286,https://www.musinsa.com/app/goods/1752735?loc=goods_rank
전체,83,MG2200HD12GR,WHATITISNT,[22FW]ANGEL WAPPEN HOOD GRAY,69000,34500,34699,https://www.musinsa.com/app/goods/1752734?loc=goods_rank
전체,84,PT042GR,NOT4NERD,Nylon Cargo Wide Pants - Light Grey,89000,39000,42652,https://www.musinsa.com/app/goods/1985223?loc=goods_rank
전체,85,WTRD1203,WETHEROAD,WTRD1203 클리프 스퀘어토 4홀 더비슈즈 블랙 [250~290MM],89000,80100,31259,https://www.musinsa.com/app/goods/2091749?loc=goods_rank
전체,86,2170225,FP142,유스풀 벌룬 후드집업 그레이 SJHD1327,57000,39800,36954,https://www.musinsa.com/app/goods/2122596?loc=goods_rank
전체,87,S#ak11,HAHARCHIVE,아크 블랙 메신저백,"
                                                                                                                                                79000",79000,117863,https://www.musinsa.com/app/goods/1789507?loc=goods_rank
전체,88,MMANP005-CR,MUSINSA STANDARD,스트레이트 데님 팬츠 [크림],"
                                                                                                                                                49900",49900,27021,https://www.musinsa.com/app/goods/2028326?loc=goods_rank
전체,89,ASJU233KR74-001,SAINT JAMES,Bon Bon Elbow Patches (001) ASJU233KR74-001,"
                                                                                                                                                178000",178000,456,https://www.musinsa.com/app/goods/3418799?loc=goods_rank
전체,90,GBHD2102WM,GAINSBORO,로럴골든 후드티_화이트멜란지,69000,49500,31567,https://www.musinsa.com/app/goods/2149327?loc=goods_rank
전체,91,CO2303STE1BK,COVERNAT,에센셜 쿨 코튼 2-PACK 티셔츠 블랙+화이트,49000,34300,150067,https://www.musinsa.com/app/goods/1848166?loc=goods_rank
전체,92,MK2378JP039M0BE,MATIN KIM,MATIN CROP HOODY COATING JUMPER IN BEIGE,"
                                                                                                                                                158000",158000,33,https://www.musinsa.com/app/goods/3573110?loc=goods_rank
전체,93,MNPOSPC27620031-410,POLO RALPH LAUREN,치노 수트 재킷 - 네이비,419000,293300,579,https://www.musinsa.com/app/goods/3249645?loc=goods_rank
전체,94,compagno10,CPGN STUDIO,Longsleeve 무지 긴팔티 블랙,56000,28000,12357,https://www.musinsa.com/app/goods/394608?loc=goods_rank
전체,95,OL196,URBANDTYPE,OL196_발마칸 울 코트_네이비,239000,89000,7008,https://www.musinsa.com/app/goods/2172267?loc=goods_rank
전체,96,21FLGP05KH,GLW,와이드 절개 벌룬팬츠 코튼 카키,74800,59800,56031,https://www.musinsa.com/app/goods/2060759?loc=goods_rank
전체,97,DBCSJK12BE,DIMITRI BLACK,해링턴 블루종 자켓_샌드베이지,99000,35000,1743,https://www.musinsa.com/app/goods/3029724?loc=goods_rank
전체,98,OL209,URBANDTYPE,OL209_러닝클럽 트랙 자켓_네이비,129000,59000,17460,https://www.musinsa.com/app/goods/2353497?loc=goods_rank
전체,99,BY232CTBCT002,BROWNYARD,"발마칸 코트, 올리브 그레이",498000,448200,122,https://www.musinsa.com/app/goods/3524277?loc=goods_rank
전체,100,TAS-EHSS02MG,TOFFEE,에센셜 후드 스웻 셔츠 (MELANGE GREY),43000,33900,46681,https://www.musinsa.com/app/goods/2314616?loc=goods_rank
