﻿카테고리,순위,품번,브랜드명,상품명(한글),판매가,비회원가,좋아요 수,URL
반려동물,1,1000027740,BITEME,뉴 이지피지 판쵸 레인코트 대형견 - 코알라,"
                                                                                                                                                45900",45900,9,https://www.musinsa.com/app/goods/3353173?loc=goods_rank
반려동물,2,YB10GD0031GR,YALE,2 TONE ARCH DOGGY HOODIE GRAY,32000,28800,2147,https://www.musinsa.com/app/goods/2194205?loc=goods_rank
반려동물,3,jige-combo2,ICANDOR,set 지게백 울리쿠션 콤보 2가지 컬러,"
                                                                                                                                                234900",234900,81,https://www.musinsa.com/app/goods/2643177?loc=goods_rank
반려동물,4,바비숑_012,ANYPORT,스너그 하우스 민트,"
                                                                                                                                                139000",139000,,https://www.musinsa.com/app/goods/3567074?loc=goods_rank
반려동물,5,7APEJ0114-50BLL,MLB,PET 메가로고 후리스 점퍼 NY (L.Blue),"
                                                                                                                                                69000",69000,576,https://www.musinsa.com/app/goods/2129483?loc=goods_rank
반려동물,6,ANRC1001,ANGEL DOG,강아지우비 프리미엄 트렌치 레인코트 Beige,"
                                                                                                                                                49900",49900,126,https://www.musinsa.com/app/goods/3017678?loc=goods_rank
반려동물,7,2020411,KINIKINI,TWOTONE COLOR HOODIE ZIPUP-NAVY(후드집업),59000,49800,61,https://www.musinsa.com/app/goods/2254150?loc=goods_rank
반려동물,8,YC07GD0008IV,YALE,EMBROIDERY UNIVERSITY DAN DOGGY FLEECE JACKET IVORY,59000,47200,261,https://www.musinsa.com/app/goods/3022366?loc=goods_rank
반려동물,9,OAVA-AB6248,OLCHI,안아줘 쿠션 올치 슬링백3,"
                                                                                                                                                45000",45000,24,https://www.musinsa.com/app/goods/2305595?loc=goods_rank
반려동물,10,7APEM0314-50CRS,MLB,PET MLB LIKE PLANET 맨투맨 NY (Cream),"
                                                                                                                                                43000",43000,77,https://www.musinsa.com/app/goods/2129407?loc=goods_rank
반려동물,11,YC07GD0023MU,YALE,EMBROIDERY UNIVERSITY DAN DOGGY RUGBY SHIRT YELLOW,39000,35100,113,https://www.musinsa.com/app/goods/3060230?loc=goods_rank
반려동물,12,CO2305TK,MONCHOUCHOU,Walk with dog Collar_Tomato Ketchup,"
                                                                                                                                                35000",35000,1,https://www.musinsa.com/app/goods/3324793?loc=goods_rank
반려동물,13,AQ22CMPE02BL,AQOstudiospace,베어 패턴 펫 니트 블랙,39000,19500,849,https://www.musinsa.com/app/goods/2715353?loc=goods_rank
반려동물,14,PP171TS01R,PETDERELLA PROJECT,세일러 티셔츠 (레드),"
                                                                                                                                                38000",38000,14,https://www.musinsa.com/app/goods/554116?loc=goods_rank
반려동물,15,BASIC HOODY 4 BIGDOGS sky,DENNYFIELD,BASIC HOODY 4 BIGDOGS sky,24000,9900,26,https://www.musinsa.com/app/goods/596088?loc=goods_rank
반려동물,16,FULL ZIP SHARK HOODY navy,DENNYFIELD,FULL ZIP SHARK HOODY navy,46000,6900,32,https://www.musinsa.com/app/goods/596101?loc=goods_rank
반려동물,17,TO18005,WITH TORY,양면 보아털 후리스 베스트 (아이보리),"
                                                                                                                                                62000",62000,461,https://www.musinsa.com/app/goods/710669?loc=goods_rank
반려동물,18,BR18SSHD02_BK,FOREVERYBARI,베이직 후디 (블랙),"
                                                                                                                                                36000",36000,14,https://www.musinsa.com/app/goods/748601?loc=goods_rank
반려동물,19,BR18SSMN01_WH,FOREVERYBARI,터틀넥 티셔츠 (화이트),"
                                                                                                                                                32000",32000,5,https://www.musinsa.com/app/goods/749093?loc=goods_rank
반려동물,20,EHL001BG,BARKER,저자극 하네스 베이지,24900,19800,364,https://www.musinsa.com/app/goods/791446?loc=goods_rank
반려동물,21,harnessbur,FOREVERYBARI,하네스 (버건디),"
                                                                                                                                                46000",46000,10,https://www.musinsa.com/app/goods/971390?loc=goods_rank
반려동물,22,1450221,MAGIC CHANNEL,마이페티 귀여운 고양이 스카프 2개세트,"
                                                                                                                                                7000",7000,24,https://www.musinsa.com/app/goods/1262539?loc=goods_rank
반려동물,23,PTST-B,PETIFUL,트윙클 소프트 터틀넥 - 베이지,"
                                                                                                                                                23000",23000,18,https://www.musinsa.com/app/goods/1270873?loc=goods_rank
반려동물,24,30502,RUFFWEAR,프런트 레인지 하네스 (Front Range™ Harness 2022SS),"
                                                                                                                                                62000",62000,1537,https://www.musinsa.com/app/goods/1291259?loc=goods_rank
반려동물,25,40904,RUFFWEAR,퀵 드로우 리드줄(Quick Draw™ Leash 2020SS),"
                                                                                                                                                36000",36000,20,https://www.musinsa.com/app/goods/1302559?loc=goods_rank
반려동물,26,25503,RUFFWEAR,탑 로프 목줄(Top Rope™ Collar),"
                                                                                                                                                48000",48000,150,https://www.musinsa.com/app/goods/1302604?loc=goods_rank
반려동물,27,55103,RUFFWEAR,더 비콘 세이프티 라이트(The Beacon™ Safety Light),"
                                                                                                                                                42000",42000,266,https://www.musinsa.com/app/goods/1303485?loc=goods_rank
반려동물,28,DA1811BK,DOGMATIC,야광 스티치 올인원_블랙,"
                                                                                                                                                38000",38000,42,https://www.musinsa.com/app/goods/1312981?loc=goods_rank
반려동물,29,WALKBAG (navy),PUNPUN,데일리 산책가방 (네이비),"
                                                                                                                                                47000",47000,11,https://www.musinsa.com/app/goods/1317962?loc=goods_rank
반려동물,30,N17-11FSRC-191216,MUNIKUND,스트로베리 레인코트,"
                                                                                                                                                69000",69000,186,https://www.musinsa.com/app/goods/1340052?loc=goods_rank
반려동물,31,25702,RUFFWEAR,체인 리액션 목줄(Chain Reaction™ Collar),"
                                                                                                                                                44000",44000,197,https://www.musinsa.com/app/goods/1391237?loc=goods_rank
반려동물,32,20SHS,SPEL,항공 TY 하네스 세트 (하네스+2M리드줄),"
                                                                                                                                                63000",63000,25,https://www.musinsa.com/app/goods/1409505?loc=goods_rank
반려동물,33,20SHFS,SPEL,항공 TY 하네스 풀세트 (하네스+2m리드줄+3m연장리드줄),"
                                                                                                                                                83000",83000,17,https://www.musinsa.com/app/goods/1409599?loc=goods_rank
반려동물,34,N17-11FSRC-191128,MUNIKUND,블루레몬 레인코트,"
                                                                                                                                                69000",69000,261,https://www.musinsa.com/app/goods/1503724?loc=goods_rank
반려동물,35,1,GOLDENPET,팬클럽바람막이[네온옐로우],"
                                                                                                                                                29900",29900,14,https://www.musinsa.com/app/goods/1509242?loc=goods_rank
반려동물,36,ps20c6r,PLUM STUDIO,로즈 라이트진 크롭,"
                                                                                                                                                52000",52000,7,https://www.musinsa.com/app/goods/1527948?loc=goods_rank
반려동물,37,A1A211749B6,PETIT MONDE,카이 골지 니트 티셔츠 블랙,"
                                                                                                                                                19000",19000,69,https://www.musinsa.com/app/goods/1693070?loc=goods_rank
반려동물,38,6 60550 212 J,RUKKAPETS,미드 니트 웨어,"
                                                                                                                                                35000",35000,42,https://www.musinsa.com/app/goods/1716118?loc=goods_rank
반려동물,39,72PEB2111-50N,MLB,PET 모노그램 가방 NY (NAVY),"
                                                                                                                                                49000",49000,212,https://www.musinsa.com/app/goods/1799064?loc=goods_rank
반려동물,40,72PEB1111-50O,MLB,PET LIKE 가방 NY (CORAL),"
                                                                                                                                                49000",49000,100,https://www.musinsa.com/app/goods/1799065?loc=goods_rank
반려동물,41,72PEH2111-50T,MLB,PET LIKE 후디 NY (MINT),"
                                                                                                                                                49000",49000,117,https://www.musinsa.com/app/goods/1799071?loc=goods_rank
반려동물,42,72PEH1111-50W,MLB,PET 모노그램 후드 NY (WHITE),"
                                                                                                                                                49000",49000,141,https://www.musinsa.com/app/goods/1799073?loc=goods_rank
반려동물,43,25204,RUFFWEAR,플랫 아웃 목줄(Flat Out™ Collar),"
                                                                                                                                                38000",38000,334,https://www.musinsa.com/app/goods/1800368?loc=goods_rank
반려동물,44,RRA-RM039,REALPET,심플 레인코트 겸용 바람막이,"
                                                                                                                                                33000",33000,40,https://www.musinsa.com/app/goods/1826799?loc=goods_rank
반려동물,45,RQA-RM026,REALPET,엔젤 베이비 레인코트 겸용 바람막이,"
                                                                                                                                                42300",42300,12,https://www.musinsa.com/app/goods/1826913?loc=goods_rank
반려동물,46,72PET1111-50P,MLB,PET 모노그램 티셔츠 NY (PINK),"
                                                                                                                                                39000",39000,297,https://www.musinsa.com/app/goods/1835666?loc=goods_rank
반려동물,47,72PET1111-50L,MLB,PET 모노그램 티셔츠 NY (BLACK),"
                                                                                                                                                39000",39000,444,https://www.musinsa.com/app/goods/1835667?loc=goods_rank
반려동물,48,72PET2111-50L,MLB,PET 모노그램 빅로고 티셔츠 NY (BLACK),"
                                                                                                                                                39000",39000,428,https://www.musinsa.com/app/goods/1835689?loc=goods_rank
반려동물,49,RQA-RM030,REALPET,리얼 레인코트 겸용 바람막이,"
                                                                                                                                                47300",47300,10,https://www.musinsa.com/app/goods/1843846?loc=goods_rank
반려동물,50,플라워 라이언 하네스 : 그린,ANDBLANK,플라워 라이언 하네스 : 그린,"
                                                                                                                                                32000",32000,33,https://www.musinsa.com/app/goods/1846915?loc=goods_rank
반려동물,51,HMPOPAP56320006-600,POLO RALPH LAUREN,코튼 메시 빅포니 도그 폴로 셔츠 - 레드,"
                                                                                                                                                89000",89000,200,https://www.musinsa.com/app/goods/1848767?loc=goods_rank
반려동물,52,RRC-KT040,REALPET,체크 니트 핑크,"
                                                                                                                                                27800",27800,7,https://www.musinsa.com/app/goods/1848908?loc=goods_rank
반려동물,53,663674,BACON,고아웃클럽 풉백 케이스 (4종 택1),"
                                                                                                                                                13000",13000,215,https://www.musinsa.com/app/goods/1849980?loc=goods_rank
반려동물,54,72PEJ1111-50P,MLB,PET 로고 레인코트 NY (PINK),"
                                                                                                                                                79000",79000,98,https://www.musinsa.com/app/goods/1870402?loc=goods_rank
반려동물,55,RTA-TS059,REALPET,유니콘 쿨링 후드 티셔츠,19800,15800,11,https://www.musinsa.com/app/goods/1902600?loc=goods_rank
반려동물,56,45103,RUFFWEAR,플로트 코트 구명 조끼(Float Coat™),"
                                                                                                                                                128000",128000,246,https://www.musinsa.com/app/goods/1918663?loc=goods_rank
반려동물,57,RQA_TS014,REALPET,키세스 나시 후드 옐로우,"
                                                                                                                                                24800",24800,7,https://www.musinsa.com/app/goods/1922217?loc=goods_rank
반려동물,58,TH_HH_PL,TAILHIGH,하이브리드하네스 선셋핑크L,"
                                                                                                                                                89000",89000,9,https://www.musinsa.com/app/goods/1968154?loc=goods_rank
반려동물,59,773787,BACON,고아웃클럽 베이직 목줄 (블루/블랙/베이지/올리브),"
                                                                                                                                                18000",18000,17,https://www.musinsa.com/app/goods/1988805?loc=goods_rank
반려동물,60,0LM21SBG018RED,LMC,LMC x PUPPIA DOG LEASH BAG red,45000,18000,229,https://www.musinsa.com/app/goods/1993845?loc=goods_rank
반려동물,61,CitybagCH,FOREVERYBARI,시티백 (차콜),"
                                                                                                                                                154000",154000,20,https://www.musinsa.com/app/goods/2000793?loc=goods_rank
반려동물,62,RRD-JHS033,REALPET,프리세이프 조끼 하네스 브라운 + 이름표 세트,"
                                                                                                                                                16800",16800,6,https://www.musinsa.com/app/goods/2039272?loc=goods_rank
반려동물,63,PCZ-6,PETCARE,흐리멍텅 동물원 5개입 세트,"
                                                                                                                                                21300",21300,22,https://www.musinsa.com/app/goods/2049333?loc=goods_rank
반려동물,64,60227 290 J,RUKKAPETS,로프 리드줄,"
                                                                                                                                                24500",24500,21,https://www.musinsa.com/app/goods/2051095?loc=goods_rank
반려동물,65,iBAG BG01 SSM,ICANDOR,아이백 쌔씨크림,"
                                                                                                                                                179000",179000,89,https://www.musinsa.com/app/goods/2054211?loc=goods_rank
반려동물,66,1045,RUFFWEAR,베이스캠프 반려견 베드(Basecamp™ Dog Bed),"
                                                                                                                                                82000",82000,56,https://www.musinsa.com/app/goods/2099801?loc=goods_rank
반려동물,67,40234,RUFFWEAR,저스트 어 신치 일체형 리드줄(Just-a-Cinch™),"
                                                                                                                                                49000",49000,146,https://www.musinsa.com/app/goods/2100094?loc=goods_rank
반려동물,68,25603,RUFFWEAR,낫 어 목줄(Knot-a-Collar™),"
                                                                                                                                                44000",44000,73,https://www.musinsa.com/app/goods/2100118?loc=goods_rank
반려동물,69,HMPOPAP5BD20003-020,POLO RALPH LAUREN,케이블 캐시미어 도그 스웨터 - 그레이,"
                                                                                                                                                219000",219000,89,https://www.musinsa.com/app/goods/2111005?loc=goods_rank
반려동물,70,HMPOPAP5BD20004-520,POLO RALPH LAUREN,케이블 캐시미어 도그 스웨터 - 퍼플,"
                                                                                                                                                219000",219000,33,https://www.musinsa.com/app/goods/2111006?loc=goods_rank
반려동물,71,HMPOPAP5BD20005-410,POLO RALPH LAUREN,플래그 울 블렌드 도그 스웨터 - 네이비,"
                                                                                                                                                219000",219000,174,https://www.musinsa.com/app/goods/2111008?loc=goods_rank
반려동물,72,1015752,BACON,깐밤 토이 세트,"
                                                                                                                                                10000",10000,32,https://www.musinsa.com/app/goods/2118850?loc=goods_rank
반려동물,73,7APEM0314-10MTS,MLB,PET MLB LIKE PLANET 맨투맨 P (Mint),"
                                                                                                                                                43000",43000,11,https://www.musinsa.com/app/goods/2129409?loc=goods_rank
반려동물,74,7APEM0314-10COS,MLB,PET MLB LIKE PLANET 맨투맨 P (Coral),"
                                                                                                                                                43000",43000,19,https://www.musinsa.com/app/goods/2129410?loc=goods_rank
반려동물,75,7APEM0214-50YEL,MLB,PET MLB LIKE 맨투맨 NY (L.Yellow),"
                                                                                                                                                43000",43000,35,https://www.musinsa.com/app/goods/2129411?loc=goods_rank
반려동물,76,7APEJ0114-50CRS,MLB,PET 메가로고 후리스 점퍼 NY (Cream),"
                                                                                                                                                69000",69000,847,https://www.musinsa.com/app/goods/2129482?loc=goods_rank
반려동물,77,7APEJ0114-07LDL,MLB,PET 메가로고 후리스 점퍼 LA (L.Lavender),"
                                                                                                                                                69000",69000,209,https://www.musinsa.com/app/goods/2129488?loc=goods_rank
반려동물,78,7APEH0214-43NYL,MLB,PET MLB LIKE 후드 B (L.Navy),"
                                                                                                                                                49000",49000,25,https://www.musinsa.com/app/goods/2129509?loc=goods_rank
반려동물,79,7APEH0114-50BKS,MLB,PET MONOGRAM 후드 NY (Black),"
                                                                                                                                                49000",49000,132,https://www.musinsa.com/app/goods/2129512?loc=goods_rank
반려동물,80,7APEDM114-50BKS,MLB,PET 모노그램 다운점퍼 NY (Black),"
                                                                                                                                                79000",79000,463,https://www.musinsa.com/app/goods/2129515?loc=goods_rank
반려동물,81,7APEDM114-43BGS,MLB,PET 모노그램 다운점퍼 B (Beige),"
                                                                                                                                                79000",79000,142,https://www.musinsa.com/app/goods/2129516?loc=goods_rank
반려동물,82,7APED0114-50CRS,MLB,PET 메가로고 다운점퍼 NY (Cream),"
                                                                                                                                                69000",69000,201,https://www.musinsa.com/app/goods/2129517?loc=goods_rank
반려동물,83,7APED0114-50BKS,MLB,PET 메가로고 다운점퍼 NY (Black),"
                                                                                                                                                69000",69000,421,https://www.musinsa.com/app/goods/2129518?loc=goods_rank
반려동물,84,7APED0114-43RDS,MLB,PET 메가로고 다운점퍼 B (Red),"
                                                                                                                                                69000",69000,51,https://www.musinsa.com/app/goods/2129519?loc=goods_rank
반려동물,85,미스테리아울 롬퍼 : 멜란지 그레이,ANDBLANK,미스테리아울 롬퍼 : 멜란지 그레이,"
                                                                                                                                                46000",46000,31,https://www.musinsa.com/app/goods/2146898?loc=goods_rank
반려동물,86,YB10GD0011GR,YALE,EMBROIDERY UNIVERSITY DAN DOGGY HOODIE GRAY,29000,26100,2002,https://www.musinsa.com/app/goods/2156664?loc=goods_rank
반려동물,87,20SHS,SPEL,항공TY하네스 1m 풀세트 (하네스+2m리드줄+1m연장리드줄),"
                                                                                                                                                81000",81000,19,https://www.musinsa.com/app/goods/2160593?loc=goods_rank
반려동물,88,1076994,BACON,고아웃클럽 H하네스 (블루/블랙/올리브/베이지),"
                                                                                                                                                30000",30000,35,https://www.musinsa.com/app/goods/2180289?loc=goods_rank
반려동물,89,YB10GD0031BK,YALE,2 TONE ARCH DOGGY HOODIE BLACK,32000,28800,453,https://www.musinsa.com/app/goods/2194199?loc=goods_rank
반려동물,90,933778,FLOT,플러피후리스 베어후드 강아지옷 네이비,"
                                                                                                                                                29000",29000,15,https://www.musinsa.com/app/goods/2196861?loc=goods_rank
반려동물,91,0LM21FAC110RED,LMC,LMC UNIV DOG HOODIE red,39000,19500,158,https://www.musinsa.com/app/goods/2209500?loc=goods_rank
반려동물,92,936031,FLOT,스탠다드 후리스집업 강아지옷 라일락,"
                                                                                                                                                22000",22000,101,https://www.musinsa.com/app/goods/2213332?loc=goods_rank
반려동물,93,2020347,KINIKINI,ORIGINAL COLOR BLOCK TOTE BAG-NAVY(도트백),59000,49800,43,https://www.musinsa.com/app/goods/2254042?loc=goods_rank
반려동물,94,2020363,KINIKINI,[키니키니X어프어프]CHERRY COVY SLEEVELESS-BLUE(슬리브),29000,24500,28,https://www.musinsa.com/app/goods/2254074?loc=goods_rank
반려동물,95,2020376,KINIKINI,[키니키니X어프어프]CHERRY COVY CROP TOP-BLUE(크롭탑),25000,20900,37,https://www.musinsa.com/app/goods/2254108?loc=goods_rank
반려동물,96,2020414,KINIKINI,ZIPUP ALL IN ONE-IVORY(올인원),49000,41500,34,https://www.musinsa.com/app/goods/2254338?loc=goods_rank
반려동물,97,1000280195384,A TOUS MOMENTS,피에르 푸백,"
                                                                                                                                                20000",20000,1,https://www.musinsa.com/app/goods/2266441?loc=goods_rank
반려동물,98,1000284243368,A TOUS MOMENTS,라멜 펫백 2sizes,"
                                                                                                                                                220000",220000,76,https://www.musinsa.com/app/goods/2280017?loc=goods_rank
반려동물,99,20SPC,SPEL,튤립 카시트,"
                                                                                                                                                258000",258000,37,https://www.musinsa.com/app/goods/2280627?loc=goods_rank
반려동물,100,petitmonde_deauville_camping_travel_bag,PETIT MONDE,도빌 캠핑 트래블 백 M/L (+ 미니백) 강아지 카시트 트래블베드,"
                                                                                                                                                330000",330000,39,https://www.musinsa.com/app/goods/2285515?loc=goods_rank
