﻿카테고리,순위,품번,브랜드명,상품명(한글),판매가,비회원가,좋아요 수,URL
액세서리,1,MIBE0005,MUSINSA STANDARD,사피아노 신세틱 레더 벨트,"
                                                                                                                                                15900",15900,82766,https://www.musinsa.com/app/goods/1220731?loc=goods_rank
액세서리,2,DF22SS707,DOFFJASON,미니멀 스퀘어 하드레더 벨트,43000,29800,36320,https://www.musinsa.com/app/goods/1961481?loc=goods_rank
액세서리,3,130004,GIORDANO,130004 베이직 레더 벨트,19800,17800,8830,https://www.musinsa.com/app/goods/1648533?loc=goods_rank
액세서리,4,DF22SS705,DOFFJASON,심플 웨스턴 하드레더 벨트,43000,29800,13162,https://www.musinsa.com/app/goods/2086104?loc=goods_rank
액세서리,5,IM2J2AC02BK,INSILENCE,미니멀 레더 벨트 BLACK,36000,32000,13622,https://www.musinsa.com/app/goods/1144382?loc=goods_rank
액세서리,6,MITI0001-BK,MUSINSA STANDARD,실크 솔리드 타이 [블랙],"
                                                                                                                                                23900",23900,6102,https://www.musinsa.com/app/goods/1010295?loc=goods_rank
액세서리,7,2021AW-1-NRLGB-1,REORG,NUE REORG LOGO BELT BLACK,"
                                                                                                                                                24000",24000,17420,https://www.musinsa.com/app/goods/2073191?loc=goods_rank
액세서리,8,DCSC3F830E3,DAKS WOMENS ACCESSORIES,[SILK100]다크 그린 DD 패턴 마름모 실크스카프 DCSC3F830E3,138000,124200,19,https://www.musinsa.com/app/goods/3459212?loc=goods_rank
액세서리,9,21FW-TS011,TLEYOUNG,TY 스탠다드 타이_Black,25000,23750,1295,https://www.musinsa.com/app/goods/3022304?loc=goods_rank
액세서리,10,MIBE0021,MUSINSA STANDARD,우먼즈 베이식 이탈리안 레더 벨트,29900,26890,10685,https://www.musinsa.com/app/goods/1243054?loc=goods_rank
액세서리,11,MITI0004-BK,MUSINSA STANDARD,솔리드 니트 타이 [블랙],"
                                                                                                                                                19900",19900,1815,https://www.musinsa.com/app/goods/1010303?loc=goods_rank
액세서리,12,1000,SAVAGE,191 Leather Belt - Black (Crocodile-Embossed),"
                                                                                                                                                98000",98000,79,https://www.musinsa.com/app/goods/1986487?loc=goods_rank
액세서리,13,m1037_459678,SCALETTOBLACK,SCB115 Karabiner glossy keychain,39000,31200,7094,https://www.musinsa.com/app/goods/1661684?loc=goods_rank
액세서리,14,1591431,MANNERGRAM,실크 프레피 니트타이 와인네이비옐로우,"
                                                                                                                                                45000",45000,615,https://www.musinsa.com/app/goods/1895719?loc=goods_rank
액세서리,15,538,ALMOSTBLUE,블러쉬 체크 머플러,39000,28800,20964,https://www.musinsa.com/app/goods/2177448?loc=goods_rank
액세서리,16,DF22SS7017,DOFFJASON,미니멀 스퀘어 더블스틸 하드레더 벨트,52000,39000,1946,https://www.musinsa.com/app/goods/2086096?loc=goods_rank
액세서리,17,1MG23FAC108IVR,MARITHE FRANCOIS GIRBAUD,MARI KEYRING ivory,"
                                                                                                                                                39000",39000,976,https://www.musinsa.com/app/goods/3474753?loc=goods_rank
액세서리,18,23FW,TLEYOUNG,뉴커머 베이직 타이_Black,27000,25650,205,https://www.musinsa.com/app/goods/3431912?loc=goods_rank
액세서리,19,DJ23SSCBT003BRN,DOFFJASON,빈티지 하드레더 벨트 BROWN,79000,59000,1070,https://www.musinsa.com/app/goods/3070491?loc=goods_rank
액세서리,20,DJ22SSCBT001BLB,DOFFJASON,소가죽 리버시블 하드레더 벨트 BLACK/BROWN,79000,59000,232,https://www.musinsa.com/app/goods/3262983?loc=goods_rank
액세서리,21,1MG23CAC128IVR,MARITHE FRANCOIS GIRBAUD,CIRCLE LOGO SATIN HAIR BAND ivory,"
                                                                                                                                                29000",29000,2383,https://www.musinsa.com/app/goods/2328426?loc=goods_rank
액세서리,22,FK3AC03BKF,FENNEC,KNIT TIMI MUFFLER_ver.4 - BLACK,33000,33000,399,https://www.musinsa.com/app/goods/2172180?loc=goods_rank
액세서리,23,ac1304,THOMASMORE,ac1304 테슬 벨트-브라운,"
                                                                                                                                                39000",39000,281,https://www.musinsa.com/app/goods/2111613?loc=goods_rank
액세서리,24,GSA-62,GRIPSWANY,FP 핸드 워머,"
                                                                                                                                                39000",39000,10,https://www.musinsa.com/app/goods/3174193?loc=goods_rank
액세서리,25,PD02GD8902GN,PHYSICAL EDUCATION DEPARTMENT,PHYPS® X MINGYES MOSS KEY RING,"
                                                                                                                                                18900",18900,2075,https://www.musinsa.com/app/goods/3048605?loc=goods_rank
액세서리,26,YHACDB001BK,YOUHEE,DELLI KEYRING BLACK,42000,37800,3239,https://www.musinsa.com/app/goods/3316025?loc=goods_rank
액세서리,27,MHBE0001,MUSINSA STANDARD,이지 웨빙 벨트,"
                                                                                                                                                11900",11900,5738,https://www.musinsa.com/app/goods/735511?loc=goods_rank
액세서리,28,noc135,NOCLE,Tessel Charm Blue,38000,30400,1416,https://www.musinsa.com/app/goods/3079556?loc=goods_rank
액세서리,29,1,SARTOR RESARTUS,알파카 터치 니트 장갑 우먼 타우페,"
                                                                                                                                                29000",29000,718,https://www.musinsa.com/app/goods/2247727?loc=goods_rank
액세서리,30,Z235AAC290025,MARK GONZALES,SHMOO RING - L/PINK,35000,28000,18,https://www.musinsa.com/app/goods/3549473?loc=goods_rank
액세서리,31,W_HW_BL,KOLEAT,데일리 니트 기모 핸드워머 [BLACK] 가을 겨울 장갑 ver.,24000,19200,6079,https://www.musinsa.com/app/goods/2839640?loc=goods_rank
액세서리,32,11378580,JBANS CLASSIC,핸드메이드 스트링아트 버디 백참 키링 (C2101-GA101_WT),21000,18900,322,https://www.musinsa.com/app/goods/2143797?loc=goods_rank
액세서리,33,134600,GIORDANO,134600 리버서블 래더 벨트_4color,19800,17800,2224,https://www.musinsa.com/app/goods/1695746?loc=goods_rank
액세서리,34,20FW_KE_BK,A6OVE,A6OVE x 8BallTown 팔공이 KEYRING BLACK,"
                                                                                                                                                15000",15000,354,https://www.musinsa.com/app/goods/1615410?loc=goods_rank
액세서리,35,6755420464231FW22,SALVATORE FERRAGAMO,남성 리버시블 간치니 벨트 - 블랙:다크 브라운,790000,357000,322,https://www.musinsa.com/app/goods/2745285?loc=goods_rank
액세서리,36,A2208BBRFW23,OUR LEGACY,남성 웨스턴 벨트 - 브라운,245000,139000,13,https://www.musinsa.com/app/goods/3495482?loc=goods_rank
액세서리,37,SNTRZ12TTL,STCO,레드 스트라이프 타이 (블루),39900,39900,31,https://www.musinsa.com/app/goods/3088865?loc=goods_rank
액세서리,38,SNTSZ06NSV,STCO,솔리드 넥타이  (바이올렛),39900,39900,10,https://www.musinsa.com/app/goods/3088957?loc=goods_rank
액세서리,39,SNTSZ23BSD,STCO,솔리드 넥타이 (베이지),39900,39900,23,https://www.musinsa.com/app/goods/3088981?loc=goods_rank
액세서리,40,SNTSZ72NCN,STCO,기하학 체크 지퍼 넥타이 (네이비),39900,39900,30,https://www.musinsa.com/app/goods/3089018?loc=goods_rank
액세서리,41,A23SSAAU349A/S_ONE,ANDERSSON BELL,아넬리 비즈 키 체인 aaa349u(ANTIQUE SILVER),"
                                                                                                                                                89000",89000,2016,https://www.musinsa.com/app/goods/3078275?loc=goods_rank
액세서리,42,MIBE0008,MUSINSA STANDARD,퀵 릴리즈 웨빙 벨트,15900,14290,12298,https://www.musinsa.com/app/goods/1225000?loc=goods_rank
액세서리,43,SA1TP0006P4455T8013SS23,MAISON MARGIELA,남성 4 스티치 벨트 - 블랙,"
                                                                                                                                                591000",591000,499,https://www.musinsa.com/app/goods/2944037?loc=goods_rank
액세서리,44,PCD0MTI601DN,POTTERY,Slim Tie Superior Wool 100s Washable Gabardine Cloth (Dark Navy),"
                                                                                                                                                129000",129000,259,https://www.musinsa.com/app/goods/3043308?loc=goods_rank
액세서리,45,MMJBE011,MUSINSA STANDARD,사피아노 레더 벨트,26900,24190,9111,https://www.musinsa.com/app/goods/1640887?loc=goods_rank
액세서리,46,1MG23SAC103,MARITHE FRANCOIS GIRBAUD,FRANG KEYRING brown,"
                                                                                                                                                39000",39000,2661,https://www.musinsa.com/app/goods/3065699?loc=goods_rank
액세서리,47,5703701CH041000SS23,BALENCIAGA,남성 BB 로고 가죽 벨트 - 블랙,570000,335000,89,https://www.musinsa.com/app/goods/3198396?loc=goods_rank
액세서리,48,NG2DFUAB67AMX,NICEGHOSTCLUB,버니 베어 돌 키 체인_믹스(NG2DFUAB67A),39000,31200,2143,https://www.musinsa.com/app/goods/3511732?loc=goods_rank
액세서리,49,USF409336001FW22,AMI,공용 빅 하트 로고 머플러 - 블랙,495000,278000,1339,https://www.musinsa.com/app/goods/2978700?loc=goods_rank
액세서리,50,8052781SS22,BURBERRY,남성 빈티지체크 리버시블 벨트 - 아카이브 베이지,680000,266000,75,https://www.musinsa.com/app/goods/3196858?loc=goods_rank
액세서리,51,MIBE0001,MUSINSA STANDARD,레더 드레스 벨트,29900,26890,5155,https://www.musinsa.com/app/goods/1031294?loc=goods_rank
액세서리,52,MITI0001-NA,MUSINSA STANDARD,실크 솔리드 타이 [네이비],"
                                                                                                                                                23900",23900,2086,https://www.musinsa.com/app/goods/1010296?loc=goods_rank
액세서리,53,A2208BBLAFW23,OUR LEGACY,남성 웨스턴 벨트 - 블랙,230000,205000,10,https://www.musinsa.com/app/goods/3495481?loc=goods_rank
액세서리,54,608783VO0BG8803SS23,BOTTEGA VENETA,공용 인트레치아토 나파 키링 - 블랙,350000,198000,395,https://www.musinsa.com/app/goods/3199653?loc=goods_rank
액세서리,55,TAS-EABT01,TOFFEE,이지 아미 벨트 (BLACK),22000,21000,4168,https://www.musinsa.com/app/goods/1467716?loc=goods_rank
액세서리,56,987840,THOMASMORE,TI9401 넥타이,"
                                                                                                                                                35700",35700,4728,https://www.musinsa.com/app/goods/1356705?loc=goods_rank
액세서리,57,DF22SS7012,DOFFJASON,미니멀 하드레더 벨트,43000,34000,4096,https://www.musinsa.com/app/goods/1982675?loc=goods_rank
액세서리,58,F1NA703,EZIO,블랙 슬림 니트 타이,"
                                                                                                                                                34000",34000,913,https://www.musinsa.com/app/goods/2252298?loc=goods_rank
액세서리,59,MMJBE010,MUSINSA STANDARD,스퀘어 이탈리안 레더 벨트,33900,30490,5374,https://www.musinsa.com/app/goods/1548409?loc=goods_rank
액세서리,60,293782WE15,8SECONDS,[리얼레더] 20mm 웨스턴 슬림 벨트  블랙 (293782WE15),"
                                                                                                                                                29900",29900,12420,https://www.musinsa.com/app/goods/1762873?loc=goods_rank
액세서리,61,(W) gold bell buckle cowhide leather belt (T006_brown),HALDEN,(W) gold bell buckle cowhide leather belt (T006_brown),58000,29000,782,https://www.musinsa.com/app/goods/3391266?loc=goods_rank
액세서리,62,G-1,GRIPSWANY,G-1 코요테 글러브,"
                                                                                                                                                116000",116000,8,https://www.musinsa.com/app/goods/3481916?loc=goods_rank
액세서리,63,(M) square fake leather belt (T003_tan),HALDEN,(M) square fake leather belt (T003_tan),52000,26000,38,https://www.musinsa.com/app/goods/3391254?loc=goods_rank
액세서리,64,SKZNFCKEYRING,SLBS,스키주 NFC 키링,"
                                                                                                                                                25900",25900,30,https://www.musinsa.com/app/goods/3455948?loc=goods_rank
액세서리,65,233AAC42_KH,AFTERPRAY,웨스턴 더블 벨트 카키,"
                                                                                                                                                99000",99000,32,https://www.musinsa.com/app/goods/3521126?loc=goods_rank
액세서리,66,Architect Slim Tie Ver.2 (Black),WHAGI,아키택트 슬림 타이 Ver.2 (블랙),"
                                                                                                                                                98000",98000,96,https://www.musinsa.com/app/goods/3395799?loc=goods_rank
액세서리,67,MMBBE109,MUSINSA STANDARD,베이식 이탈리안 레더 벨트,29900,23890,2095,https://www.musinsa.com/app/goods/2584859?loc=goods_rank
액세서리,68,DF22SS7025,DOFFJASON,프리미엄 심플 웨스턴 하드레더 벨트,105000,89000,447,https://www.musinsa.com/app/goods/2541604?loc=goods_rank
액세서리,69,OS23FWBT02,OUTSTANDING,OSTD STUD BELT,98000,88200,404,https://www.musinsa.com/app/goods/3434610?loc=goods_rank
액세서리,70,PB234ET001BK,AJOBYAJO,[PBA] AJOLICA Collage Muffler [BLACK],"
                                                                                                                                                84000",84000,357,https://www.musinsa.com/app/goods/3452795?loc=goods_rank
액세서리,71,D23CAC01,DEWEDEWE,케이프 스카프_베이지,88000,83600,7,https://www.musinsa.com/app/goods/3553134?loc=goods_rank
액세서리,72,PCBE0001-BR/SI,PAPERISM,이탈리안 불하이드 레더 벨트 [브라운/실버],24900,19890,406,https://www.musinsa.com/app/goods/1525980?loc=goods_rank
액세서리,73,DCGV2F221BK,DAKS WOMENS ACCESSORIES,[여성장갑]블랙 양가죽 체크라인 스마트폰터치 장갑 DCGV2F221BK,88000,79200,27,https://www.musinsa.com/app/goods/2729294?loc=goods_rank
액세서리,74,101706,WILD BRICKS,CL WOVEN LEATHER BELT (black),"
                                                                                                                                                79000",79000,86,https://www.musinsa.com/app/goods/2890748?loc=goods_rank
액세서리,75,YJCRB01,YUJE,BASIC REVERSIBLE LEATHER BELT,"
                                                                                                                                                78000",78000,2029,https://www.musinsa.com/app/goods/1722682?loc=goods_rank
액세서리,76,YJSRB01,YUJE,SQUARE REVERSIBLE LEATHER BELT,"
                                                                                                                                                78000",78000,226,https://www.musinsa.com/app/goods/3049401?loc=goods_rank
액세서리,77,AM22FWM01AC,AMOMENTO,SHEARLING MITTENS,109000,76300,1414,https://www.musinsa.com/app/goods/2706670?loc=goods_rank
액세서리,78,UB-1260,UNIFORM BRIDGE,og logo army belt black,"
                                                                                                                                                19000",19000,4573,https://www.musinsa.com/app/goods/1025517?loc=goods_rank
액세서리,79,385389,COMMACOMMA,뉴 올데이 비말마스크 KF-AD 대형 검정색 50매 X1박스,"
                                                                                                                                                19000",19000,12,https://www.musinsa.com/app/goods/2432323?loc=goods_rank
액세서리,80,8809707403075,LOVE CHARM,[Heart Charm],"
                                                                                                                                                19000",19000,2206,https://www.musinsa.com/app/goods/3228968?loc=goods_rank
액세서리,81,JUBE3F051BK,JILLSTUART MEN ACC,블랙 무광 버클 라미네이팅 가죽 벨트,88000,74800,364,https://www.musinsa.com/app/goods/1493242?loc=goods_rank
액세서리,82,T12D0ABE010MT1BDS,TOMMY HILFIGER,에단 시즈널 벨트 (T12D0ABE010MT1BDS),99000,69300,23,https://www.musinsa.com/app/goods/3003797?loc=goods_rank
액세서리,83,19SSACC002,WILD BRICKS,WB SILK TIE (burgundy),"
                                                                                                                                                69000",69000,494,https://www.musinsa.com/app/goods/995403?loc=goods_rank
액세서리,84,1556655,MANNERGRAM,프리미엄 울타이 다크네이비,"
                                                                                                                                                59000",59000,104,https://www.musinsa.com/app/goods/1731329?loc=goods_rank
액세서리,85,101342,WILD BRICKS,WS PLAIN KNIT TIE (brown),"
                                                                                                                                                59000",59000,123,https://www.musinsa.com/app/goods/2161501?loc=goods_rank
액세서리,86,101344,WILD BRICKS,WS PLAIN KNIT TIE (black),"
                                                                                                                                                59000",59000,221,https://www.musinsa.com/app/goods/2161503?loc=goods_rank
액세서리,87,DA233A03BK,DIAGONAL,BUCKLE SUEDE BELT (black),"
                                                                                                                                                59000",59000,91,https://www.musinsa.com/app/goods/3483902?loc=goods_rank
액세서리,88,MTK223AC002W0BB,MATIN KIM,WESTERN STYLE BELT IN BLACK,"
                                                                                                                                                58000",58000,3933,https://www.musinsa.com/app/goods/2357572?loc=goods_rank
액세서리,89,FMQFAXA820M,MAISON MINED,HYDROGEN KEY CHAIN,69000,55200,390,https://www.musinsa.com/app/goods/2678982?loc=goods_rank
액세서리,90,NG2DFUAB68AMX,NICEGHOSTCLUB,버니 베어 돌_믹스(NG2DFUAB68A),69000,55200,597,https://www.musinsa.com/app/goods/3511734?loc=goods_rank
액세서리,91,UTA-FA21,UNTAGE,가죽 타이(UNISEX)_UTA-FA21,"
                                                                                                                                                55000",55000,716,https://www.musinsa.com/app/goods/2966171?loc=goods_rank
액세서리,92,XF006SV,XTONZ,XF006 네오 로고 키링 (SILVER),14000,12600,502,https://www.musinsa.com/app/goods/3435295?loc=goods_rank
액세서리,93,MWPD230501,MONDAY EDITION,Mardi x ME Bloom Daisy Phone Charm (Metallic Ball+Black),52000,49400,142,https://www.musinsa.com/app/goods/3435886?loc=goods_rank
액세서리,94,havahank_NV,HAVAHANK,클래식 페이슬리 [네이비],"
                                                                                                                                                12000",12000,264,https://www.musinsa.com/app/goods/2167860?loc=goods_rank
액세서리,95,SNTRZ30BCH,STCO,레트로 체크 타이 (브라운),39900,39900,311,https://www.musinsa.com/app/goods/3088889?loc=goods_rank
액세서리,96,DTR1937,DEUTERO,패치워크 머플러 멀티 컬러,73000,47450,456,https://www.musinsa.com/app/goods/2933425?loc=goods_rank
액세서리,97,1550545,MANNERGRAM,레트로 올오버 그린,"
                                                                                                                                                45000",45000,48,https://www.musinsa.com/app/goods/1711972?loc=goods_rank
액세서리,98,1032112,URAGO,Snow wool cable glove,46000,43700,2029,https://www.musinsa.com/app/goods/2855370?loc=goods_rank
액세서리,99,293182WYC5,8SECONDS,[리얼레더] 30mm 사각 파이핑 벨트  블랙 (293182WYC5),29900,10900,64,https://www.musinsa.com/app/goods/3031287?loc=goods_rank
액세서리,100,MIBE0006,MUSINSA STANDARD,이지 웨빙 벨트 30mm,11900,10690,2440,https://www.musinsa.com/app/goods/1224998?loc=goods_rank
