﻿카테고리,순위,품번,브랜드명,상품명(한글),판매가,비회원가,좋아요 수,URL
상의,1,MG2200LT16BK,WHATITISNT,[22FW] ANGEL WAPPEN STRIPE LONG SLEEVE BLACK,45000,19900,72151,https://www.musinsa.com/app/goods/1322019?loc=goods_rank
상의,2,SPYWD49C01,SPAO,(시티보이) 오버핏 옥스포드 셔츠_SPYWD49C01,39900,35910,67111,https://www.musinsa.com/app/goods/2272830?loc=goods_rank
상의,3,MMATS701-WH,MUSINSA STANDARD,레이어드 크루 넥 반팔 티셔츠_일반 기장 [화이트],16900,15190,86185,https://www.musinsa.com/app/goods/2086653?loc=goods_rank
상의,4,SL22FW-M2-WG,SLOW ACID,블러리 로고 스웨트셔츠 [웜그레이],79000,39500,11117,https://www.musinsa.com/app/goods/2837417?loc=goods_rank
상의,5,5004233824,MARDI MERCREDI,SWEATSHIRT FLOWERMARDI_BLACK PINK,75000,71250,11666,https://www.musinsa.com/app/goods/3471299?loc=goods_rank
상의,6,MMATL411,MUSINSA STANDARD,베이식 긴팔 티셔츠 2팩,37800,32090,67591,https://www.musinsa.com/app/goods/2149254?loc=goods_rank
상의,7,LA20FWHVMT004,LENGAGEMENT,테일 로고 후드티 [그레이],76000,26600,831,https://www.musinsa.com/app/goods/2284814?loc=goods_rank
상의,8,AD202,AVANDRESS,유니섹스 베이스 오버핏 체크셔츠-네이비,44000,23760,9944,https://www.musinsa.com/app/goods/1622792?loc=goods_rank
상의,9,5003432996,SUARE,워셔블 케이블 라운드 니트 - 5 COLOR,59000,51900,1738,https://www.musinsa.com/app/goods/3494992?loc=goods_rank
상의,10,2167537,TWN,슬레이크 후드 올리브 HHHD3397,57000,41900,59893,https://www.musinsa.com/app/goods/2106705?loc=goods_rank
상의,11,CBCFUTL100NYCBCFUTH100CBCFUTP100NY,CODEGRAPHY,[SET] (맨투맨 OR 후드 선택) CGP 아치 로고 트레이닝 셋업_네이비,97900,53900,44888,https://www.musinsa.com/app/goods/2043056?loc=goods_rank
상의,12,JN6TSU803BE,JEEP,1941 빅로고 프린팅 맨투맨 (JN6TSU803BE),59000,59000,3650,https://www.musinsa.com/app/goods/3061222?loc=goods_rank
상의,13,JN5TSU091WH,JEEP,[단품] 빅로고 반팔티 (JN5TSU091) 10 Color,29000,9900,9836,https://www.musinsa.com/app/goods/3476114?loc=goods_rank
상의,14,TRSHT04NV,TRILLION,컬러 배색 1992 그래픽 후드 (NAVY),49800,39800,39649,https://www.musinsa.com/app/goods/2995119?loc=goods_rank
상의,15,5004513586,1989STANDARD,OUR 1989 후드 (STHSTD-0004),74900,39900,9536,https://www.musinsa.com/app/goods/2990516?loc=goods_rank
상의,16,TRFKN03BK,TRILLION,워셔블 하프 집업 카라넥 하찌 니트 (PURE BLACK),49000,32450,36017,https://www.musinsa.com/app/goods/2775713?loc=goods_rank
상의,17,MMATE407,MUSINSA STANDARD,릴렉스 핏 크루 넥 반팔 티셔츠 2팩,"
                                                                                                                                                31800",31800,40990,https://www.musinsa.com/app/goods/2034137?loc=goods_rank
상의,18,SC22A243BK,SCULPTOR,Masterpiece Sheer Top Black,54000,37800,16100,https://www.musinsa.com/app/goods/2731239?loc=goods_rank
상의,19,TD5-TS0110_MIG,THOMASMORE,TD5-TS0110 사커스웨트-미구엘,"
                                                                                                                                                69500",69500,3063,https://www.musinsa.com/app/goods/2305875?loc=goods_rank
상의,20,BIFMHDB01BD,BROWNBREATH,TAG HOODIE - BURGUNDY,"
                                                                                                                                                79000",79000,24166,https://www.musinsa.com/app/goods/2722805?loc=goods_rank
상의,21,TS3-RPHST17,TOFFEE,리벳 애드 포켓 후드 스웻 셔츠 (BLACK),59000,33900,264,https://www.musinsa.com/app/goods/3051596?loc=goods_rank
상의,22,1709399,SUARE,워셔블 하찌 니트 - 12 COLOR,59000,39900,81729,https://www.musinsa.com/app/goods/2396645?loc=goods_rank
상의,23,MITS0005-WH,MUSINSA STANDARD,릴렉스 핏 크루 넥 반팔 티셔츠 [화이트],"
                                                                                                                                                15900",15900,77710,https://www.musinsa.com/app/goods/996177?loc=goods_rank
상의,24,MMJTS113-WH,MUSINSA STANDARD,레이어드 크루 넥 반팔 티셔츠_긴 기장 [화이트],16900,13490,81766,https://www.musinsa.com/app/goods/1382658?loc=goods_rank
상의,25,93231TMT100110,1993STUDIO,90S 트랙 스웨트셔츠_그레이,85000,68000,96018,https://www.musinsa.com/app/goods/2313388?loc=goods_rank
상의,26,NC2103HD02DU,NAMERCLOTHING,BLUER TEAM HOODIE DUSTY BLUE,109000,65400,8233,https://www.musinsa.com/app/goods/2339102?loc=goods_rank
상의,27,MG2200HD12BK,WHATITISNT,[22FW]ANGEL WAPPEN HOOD BLACK,69000,34500,31289,https://www.musinsa.com/app/goods/1752735?loc=goods_rank
상의,28,MG2200HD12GR,WHATITISNT,[22FW]ANGEL WAPPEN HOOD GRAY,69000,34500,34701,https://www.musinsa.com/app/goods/1752734?loc=goods_rank
상의,29,ASJU233KR74-001,SAINT JAMES,Bon Bon Elbow Patches (001) ASJU233KR74-001,"
                                                                                                                                                178000",178000,456,https://www.musinsa.com/app/goods/3418799?loc=goods_rank
상의,30,GBHD2102WM,GAINSBORO,로럴골든 후드티_화이트멜란지,69000,49500,31567,https://www.musinsa.com/app/goods/2149327?loc=goods_rank
상의,31,CO2303STE1BK,COVERNAT,에센셜 쿨 코튼 2-PACK 티셔츠 블랙+화이트,49000,34300,150065,https://www.musinsa.com/app/goods/1848166?loc=goods_rank
상의,32,compagno10,CPGN STUDIO,Longsleeve 무지 긴팔티 블랙,56000,28000,12357,https://www.musinsa.com/app/goods/394608?loc=goods_rank
상의,33,TAS-EHSS02MG,TOFFEE,에센셜 후드 스웻 셔츠 (MELANGE GREY),43000,33900,46682,https://www.musinsa.com/app/goods/2314616?loc=goods_rank
상의,34,5000021230,SUARE,[리뉴얼] 하찌 카라 투웨이 집업 니트 - 4 COLOR,79000,49900,23895,https://www.musinsa.com/app/goods/2723764?loc=goods_rank
상의,35,TC5-SH08,THOMASMORE,TC5-SH08 프렌치 스트라이프 셔츠-네이비,"
                                                                                                                                                59700",59700,17281,https://www.musinsa.com/app/goods/2305840?loc=goods_rank
상의,36,m1037_685523,LAFUDGESTORE,[Package]시티보이 빅오버 옥스포드 셔츠_8 Color,94000,59800,44394,https://www.musinsa.com/app/goods/2646350?loc=goods_rank
상의,37,Optimal Basic Shirt,FILLUMINATE,옵티멀 베이직 셔츠-화이트[린넨＆옥스포드 선택],53000,39900,47582,https://www.musinsa.com/app/goods/994588?loc=goods_rank
상의,38,YC1SS1021BK,YALE,(23SS) [ONEMILE WEAR] 2PACK SMALL ARCH TEE WHITE,78000,31200,72778,https://www.musinsa.com/app/goods/2442409?loc=goods_rank
상의,39,TRTHSAHD46UC5,TRAVEL,워크샵 디비전 피그먼트 후드티 블랙 차콜,79000,54900,27583,https://www.musinsa.com/app/goods/3012570?loc=goods_rank
상의,40,m1037_685523,LAFUDGESTORE,[넥타이 SET] 솔리드 오버핏 옥스포드 타이셔츠_Taupe Gray,63000,45900,3917,https://www.musinsa.com/app/goods/3432760?loc=goods_rank
상의,41,28257215,APR.8,APR8 STAR LOGO HOODIE [6Color],89000,59000,30577,https://www.musinsa.com/app/goods/3445872?loc=goods_rank
상의,42,2167539,TWN,슬레이크 후드 네이비 HHHD3397,57000,41900,54251,https://www.musinsa.com/app/goods/2106707?loc=goods_rank
상의,43,23FMO,THEY,캐시 라이트 에어울 니트_MOCHA,39800,39800,496,https://www.musinsa.com/app/goods/2804535?loc=goods_rank
상의,44,EROIGH3WD,SUPERSUB,테니스 하프 집업 조거 세트-오트밀,108000,69900,12303,https://www.musinsa.com/app/goods/2851485?loc=goods_rank
상의,45,430767,MARDI MERCREDI,TSHIRT FLOWERMARDI_BLACK CREAM,"
                                                                                                                                                42000",42000,30129,https://www.musinsa.com/app/goods/2453552?loc=goods_rank
상의,46,LA20FWHVMT004,LENGAGEMENT,LGGM 로고 후드티 [블랙],76000,26600,666,https://www.musinsa.com/app/goods/2182941?loc=goods_rank
상의,47,LE2301HD01NA,LEE,빅 트위치 루즈핏 후드 네이비,79000,63200,92643,https://www.musinsa.com/app/goods/1571501?loc=goods_rank
상의,48,LE2203HD01LG,LEE,빅 트위치 루즈핏 후드 티셔츠 라이트 그레이/그린,79000,39500,7987,https://www.musinsa.com/app/goods/2692703?loc=goods_rank
상의,49,YK23FWTS02,WAIKEI,컬러블록 89 로고 후드티셔츠 네이비,79000,67150,521,https://www.musinsa.com/app/goods/3505915?loc=goods_rank
상의,50,23FMO,THEY,캐시 라이트 에어울 니트_CHARCOAL,39800,39800,421,https://www.musinsa.com/app/goods/2804533?loc=goods_rank
상의,51,565175,FP142,[패키지] 더블코튼 무지반팔  패키지 KHST1011,47900,29900,42121,https://www.musinsa.com/app/goods/345889?loc=goods_rank
상의,52,SL23SSST1-DBL,SLOW ACID,블러리 로고 반팔티셔츠 [딥블루],39000,19500,7130,https://www.musinsa.com/app/goods/3074117?loc=goods_rank
상의,53,93231TMT100119,1993STUDIO,90S 트랙 스웨트셔츠_네이비,85000,68000,15982,https://www.musinsa.com/app/goods/3043051?loc=goods_rank
상의,54,22FWGK05BK,GLW,카라 케이블 니트 집업 블랙,79000,63000,52174,https://www.musinsa.com/app/goods/2194649?loc=goods_rank
상의,55,5000021234,SUARE,데일리 라운드 니트 - 8 COLOR,59000,39900,45064,https://www.musinsa.com/app/goods/2723767?loc=goods_rank
상의,56,MWJTS202-WH,MUSINSA STANDARD,우먼즈 베이식 크루 넥 반팔 티셔츠 [화이트],13900,12490,56412,https://www.musinsa.com/app/goods/1417691?loc=goods_rank
상의,57,518916,MARDI MERCREDI,SWEATSHIRT FLOWERMARDI_NAVY CREAM,75000,71250,16842,https://www.musinsa.com/app/goods/2673212?loc=goods_rank
상의,58,LE2203HD01IV,LEE,빅 트위치 루즈핏 후드 티셔츠 아이보리,79000,39500,31355,https://www.musinsa.com/app/goods/1571486?loc=goods_rank
상의,59,SW003722P046E23ECSS22,ISABEL MARANT,여성 밀리 로고 맨투맨 - 에크루,354000,281000,513,https://www.musinsa.com/app/goods/2401580?loc=goods_rank
상의,60,AREUBAN23SS17,AREUBAN,베이직 루즈드 타탄 체크 셔츠_차콜,74000,37000,1165,https://www.musinsa.com/app/goods/3041958?loc=goods_rank
상의,61,5004233861,MARDI MERCREDI,SWEATSHIRT FLOWERMARDI BLOSSOM_BLACK CREAM,89000,84550,1816,https://www.musinsa.com/app/goods/3471321?loc=goods_rank
상의,62,UNION-SH05,UNION BLUE,LAUNDRY SHIRT (LAVENDER GRAY),62000,59000,10730,https://www.musinsa.com/app/goods/2375962?loc=goods_rank
상의,63,300-3PACK,GLIMMER,[3PACK] 에어쿨링 드라이 기능성 무지 반팔티,35000,21400,16403,https://www.musinsa.com/app/goods/2029969?loc=goods_rank
상의,64,Overfit Graffiti Logo Hoodie-Mg,FILLUMINATE,오버핏 그래피티 로고 후디-멜란지그레이,64000,49900,48050,https://www.musinsa.com/app/goods/2913656?loc=goods_rank
상의,65,TRTOAWCR92U,TRAVEL,[3-PACK]베이직 트래블러 피그먼트 스웨트셔츠,150000,59900,57256,https://www.musinsa.com/app/goods/1817394?loc=goods_rank
상의,66,MMATS402,MUSINSA STANDARD,레이어드 크루 넥 반팔 티셔츠_일반 기장 2팩,"
                                                                                                                                                33800",33800,22885,https://www.musinsa.com/app/goods/2122566?loc=goods_rank
상의,67,GBHD2102SET,GAINSBORO,[SET] 로럴골든 후드티 조거팬츠 셋업_(5color),128000,79900,34990,https://www.musinsa.com/app/goods/2144379?loc=goods_rank
상의,68,2110018400018,AFTERPRAY,프린트 스웨트 후디 버건디,139000,111200,2161,https://www.musinsa.com/app/goods/3075857?loc=goods_rank
상의,69,BR71,BRENSON,Longsleeve 무지 긴팔티,47800,29900,75467,https://www.musinsa.com/app/goods/404474?loc=goods_rank
상의,70,BGWMHDB01BK,BROWNBREATH,TAG HOODIE - BLACK,"
                                                                                                                                                79000",79000,59081,https://www.musinsa.com/app/goods/2058188?loc=goods_rank
상의,71,VS2301CR09NA,VISION STREETWEAR,VSW Football Crewneck Navy,69000,48300,21565,https://www.musinsa.com/app/goods/3002774?loc=goods_rank
상의,72,1-1,HUGVONE,무지 머슬핏 반팔 13컬러,22000,17600,16091,https://www.musinsa.com/app/goods/2690691?loc=goods_rank
상의,73,MM21-MU067,MARDI MERCREDI,SWEATSHIRT DDANJI_HEATHER,75000,71250,10707,https://www.musinsa.com/app/goods/1782665?loc=goods_rank
상의,74,ACHRO010,BRENSON,아크로매틱 셰이드 60수 고밀도 솔리드 셔츠 (블루스톤),56800,19900,279,https://www.musinsa.com/app/goods/3351590?loc=goods_rank
상의,75,m1037_685555,LAFUDGESTORE,[23FW ver.]헤비 코튼 오버 럭비 맨투맨_Midnight Blue,54000,39900,120676,https://www.musinsa.com/app/goods/2038497?loc=goods_rank
상의,76,5005341541,LIKE THE MOST,우먼 소프트 스카이하트 크롭 후드,71800,28720,951,https://www.musinsa.com/app/goods/3443323?loc=goods_rank
상의,77,CDHD2307,CROSSDRESSLY,빅스타 후드티,79000,54000,28900,https://www.musinsa.com/app/goods/3411311?loc=goods_rank
상의,78,SL22WT-M4-DBL,SLOW ACID,피치스킨 러스티 로고 스웨트셔츠 [딥블루],79000,71100,22020,https://www.musinsa.com/app/goods/2970544?loc=goods_rank
상의,79,pg-mtm-05,SOVERMENT,980G 피그먼트 맨투맨-챠콜-,95500,52500,63343,https://www.musinsa.com/app/goods/1582356?loc=goods_rank
상의,80,CBCFUTL100MGCBCFUTH100CBCFUTP100MG,CODEGRAPHY,[SET] (맨투맨 OR 후드 선택) CGP 아치 로고 트레이닝 셋업_멜란지그레이,97900,69900,81671,https://www.musinsa.com/app/goods/2043036?loc=goods_rank
상의,81,5003433864,SUARE,[2PACK] 스테디 니트 패키지,118000,99900,1918,https://www.musinsa.com/app/goods/3495320?loc=goods_rank
상의,82,1989544,FP142,[패키지] 더블 코튼 무지 긴팔티 2pack JHLT1273,65590,39800,17468,https://www.musinsa.com/app/goods/1608272?loc=goods_rank
상의,83,93353402,PUMA,배구 국가대표 SS 저지 M(93353402) 반팔 티셔츠,"
                                                                                                                                                129000",129000,40,https://www.musinsa.com/app/goods/3509048?loc=goods_rank
상의,84,LSH006GGID,LMOOD,테리 인디고 데님 셔츠 블루,108000,97000,8347,https://www.musinsa.com/app/goods/2454238?loc=goods_rank
상의,85,MMATS412,MUSINSA STANDARD,베이식 크루 넥 반팔 티셔츠 2팩,"
                                                                                                                                                27800",27800,13695,https://www.musinsa.com/app/goods/2050094?loc=goods_rank
상의,86,U23-TOP36-CR,URBANSTOFF,디스트레스드 후디 (크림),79000,71100,9821,https://www.musinsa.com/app/goods/3424281?loc=goods_rank
상의,87,FA2200SH01SB,FALLETT,네로 옥스포드 셔츠 스카이블루,79000,35900,3227,https://www.musinsa.com/app/goods/2052980?loc=goods_rank
상의,88,FZWOGTS050,FRIZMWORKS,OG PIGMENT DYEING HOODY 002 _ CHARCOAL,89000,84550,8857,https://www.musinsa.com/app/goods/1861935?loc=goods_rank
상의,89,2164254,JEMUT,헤이즈 오버핏 스웨트셔츠 [쭈리/기모] 블랙 KJMT2369,43000,30300,15740,https://www.musinsa.com/app/goods/2085363?loc=goods_rank
상의,90,LA20FWHVMT004,LENGAGEMENT,스토리 로고 후드티 [블랙-화이트],76000,26600,285,https://www.musinsa.com/app/goods/2878907?loc=goods_rank
상의,91,OT7UP11B,THE NORTH FACE,OT7UP11B 2023 팀코리아 반팔 라운드티,"
                                                                                                                                                58000",58000,202,https://www.musinsa.com/app/goods/3554632?loc=goods_rank
상의,92,SL23FW-M2-CC,SLOW ACID,리피티드 로고 스웨트셔츠 [차콜],79000,39500,682,https://www.musinsa.com/app/goods/3434735?loc=goods_rank
상의,93,APOGSMCTS05BK,APIECEOFCAKE,Cloud Bear Half T-Shirts_Black,42000,42000,691,https://www.musinsa.com/app/goods/1949675?loc=goods_rank
상의,94,BISMHDB01NV,BROWNBREATH,TAG HOODIE - NAVY,"
                                                                                                                                                79000",79000,20357,https://www.musinsa.com/app/goods/2302738?loc=goods_rank
상의,95,TD5-SH07,THOMASMORE,TD5-SH07 페이퍼셔츠-블랙베리,"
                                                                                                                                                59700",59700,6133,https://www.musinsa.com/app/goods/2445720?loc=goods_rank
상의,96,MITS0005-BK,MUSINSA STANDARD,릴렉스 핏 크루 넥 반팔 티셔츠 [블랙],15900,14290,31408,https://www.musinsa.com/app/goods/996178?loc=goods_rank
상의,97,5005340670,LIKE THE MOST,우먼 리나모스트 소프트 오버핏 후드,79800,29900,3003,https://www.musinsa.com/app/goods/3443214?loc=goods_rank
상의,98,TRFMT10NV,TRILLION,브이넥 풀 오버 그래픽 웜 업 (NAVY),68000,54000,7640,https://www.musinsa.com/app/goods/3461167?loc=goods_rank
상의,99,MATS0101,MINDBRIDGE,고밀도순면기본반팔티셔츠_3팩 MATS0101,"
                                                                                                                                                19900",19900,17398,https://www.musinsa.com/app/goods/1685307?loc=goods_rank
상의,100,Overfit Arch Logo Sweat Shirt-Gr,FILLUMINATE,오버핏 아치 로고 스웨트 셔츠-그린,54000,39900,27759,https://www.musinsa.com/app/goods/2171559?loc=goods_rank
