﻿카테고리,순위,품번,브랜드명,상품명(한글),판매가,비회원가,좋아요 수,URL
디지털테크,1,SM-R177,SAMSUNG ELECTRONICS,갤럭시 버즈2 블루투스이어폰 SM-R177,149000,94000,5917,https://www.musinsa.com/app/goods/2055271?loc=goods_rank
디지털테크,2,EJT126,LOCKNLOCK,음식물 쓰레기냉장고 5L 플러스(3단계 온도조절기능),185000,139000,161,https://www.musinsa.com/app/goods/2896841?loc=goods_rank
디지털테크,3,5002850121,DEVERS,변색방지 카드수납 아이폰 14/13/12/11/미니/프로/맥스/XS/XR/SE2/SE3/8/S23/S22/S21/S20/ 전기종 휴대폰 투명 카드 케이스,24000,7300,1090,https://www.musinsa.com/app/goods/3140978?loc=goods_rank
디지털테크,4,gg_tbj,108SEOUL,108 GLARE GREEN(tank-bumper-jelly),"
                                                                                                                                                21900",21900,1899,https://www.musinsa.com/app/goods/3066248?loc=goods_rank
디지털테크,5,5003998099,DESIGNSKIN,버클 스트랩 케이스-타포린/블루,"
                                                                                                                                                39800",39800,15,https://www.musinsa.com/app/goods/3487029?loc=goods_rank
디지털테크,6,BPB011bt,BELKIN,10000mAh 3포트 15W PD 고속 충전 보조배터리 BPB011bt,"
                                                                                                                                                34900",34900,61,https://www.musinsa.com/app/goods/3452336?loc=goods_rank
디지털테크,7,폰케이스,D'PARKS,CITY TOUR TICKET-런던 트윙클/교체형케이스 (커버+바디프레임세트),38500,34500,24,https://www.musinsa.com/app/goods/2115048?loc=goods_rank
디지털테크,8,setFTHS001,MCRN,[세트] 핑거탭+핸드스트랩 서울,37000,34410,630,https://www.musinsa.com/app/goods/2876821?loc=goods_rank
디지털테크,9,M350,LOGITECH,로지텍코리아 M350 페블 무소음 무선 블루투스 마우스,"
                                                                                                                                                32400",32400,1318,https://www.musinsa.com/app/goods/2107332?loc=goods_rank
디지털테크,10,Silicone-MIP,SINJIMORU,아이폰 맥세이프 15/14/13/12/플러스 프로 맥스 미니 실리콘 컬러 소프트그립 휴대폰 케이스,19900,15920,2668,https://www.musinsa.com/app/goods/1990773?loc=goods_rank
디지털테크,11,BDW-8097,BEN DAVIS,ORIGINAL AIRPODS CASE COVER & NECK STRAP BLACK,"
                                                                                                                                                32000",32000,168,https://www.musinsa.com/app/goods/3324539?loc=goods_rank
디지털테크,12,CLEARCASE-IP,SINJIMORU,아이폰 15/14/13/12/프로/미니/11/맥스/X/XS/XR/Max/SE2/SE3/7/8 전기종 에어로핏/에어클로/에어쉴드 핸드폰 투명 슬림 범퍼 하드 케이스,14900,10430,7398,https://www.musinsa.com/app/goods/1750715?loc=goods_rank
디지털테크,13,5003761340,COQUAD,[아이폰14추가] 9C9C 블랙 ver1 슬림 하드케이스 아이폰 갤럭시 LG 전기종,19900,9900,364,https://www.musinsa.com/app/goods/3392487?loc=goods_rank
디지털테크,14,2984967,COQUAD,포켓몬스터 갤럭시 버즈2/프로/라이브 젤리케이스,18900,14900,80,https://www.musinsa.com/app/goods/1662418?loc=goods_rank
디지털테크,15,3T-0142,3130STUDIO,체커보드 프렌드 블루캣 케이스,"
                                                                                                                                                21900",21900,5786,https://www.musinsa.com/app/goods/2495730?loc=goods_rank
디지털테크,16,버즈4액티브_블랙,XIAOMI,레드미 버즈4 액티브 M2232E1,"
                                                                                                                                                19800",19800,5,https://www.musinsa.com/app/goods/3455003?loc=goods_rank
디지털테크,17,NOCS540,ESTHERBUNNY,아이폰 토핑 샤워 젤하드 투명 케이스 + 토끼 하트 쿠션 맥세이프 톡 세트,"
                                                                                                                                                19800",19800,2,https://www.musinsa.com/app/goods/3531345?loc=goods_rank
디지털테크,18,5004103582,EARPEARP,BALLOON FACO-BLACK(웨이브라벨),29000,19800,4,https://www.musinsa.com/app/goods/3533005?loc=goods_rank
디지털테크,19,watch strap,KAN,갤럭시워치 스트랩 6 5 4 브레이드 니트 스트랩 케이스 세트 밴드,"
                                                                                                                                                17900",17900,1,https://www.musinsa.com/app/goods/3509593?loc=goods_rank
디지털테크,20,3Dx-IP,SINJIMORU,아이폰 전기종 3Dx 터치 풀커버 강화유리 액정보호필름,12900,9030,705,https://www.musinsa.com/app/goods/1648699?loc=goods_rank
디지털테크,21,구스페리,MERCURY,아이폰 프로/맥스/플러스/미니/14/13/12/SE 정품 스타일 파스텔 실리콘 케이스 6가지 색상,14900,8900,883,https://www.musinsa.com/app/goods/2932405?loc=goods_rank
디지털테크,22,airpods,GEEKY,[에어팟케이스] Accidental No.10,19900,16900,2247,https://www.musinsa.com/app/goods/1865748?loc=goods_rank
디지털테크,23,361134,GRIPTOK,그립톡 트윙클페인트 스마트톡,18900,15900,2758,https://www.musinsa.com/app/goods/1781449?loc=goods_rank
디지털테크,24,EAPP2SC-BA,ELAGO,에어팟프로2 실리콘 베이직 케이스 (일체형),"
                                                                                                                                                12900",12900,139,https://www.musinsa.com/app/goods/2813002?loc=goods_rank
디지털테크,25,SM-S916N,SAMSUNG ELECTRONICS,갤럭시 S23 플러스 512GB 자급제폰 SM-S916N,"
                                                                                                                                                1474000",1474000,19,https://www.musinsa.com/app/goods/3086209?loc=goods_rank
디지털테크,26,EAPP-GUARD-DG-2EA,ELAGO,"에어팟프로2,1 철가루방지 스티커 [2세트]","
                                                                                                                                                11900",11900,1766,https://www.musinsa.com/app/goods/1227397?loc=goods_rank
디지털테크,27,5002982222,DEVERS,글라스 강화 액정 보호필름 아이폰 14/13/12/11/XS/XR 갤럭시 S22/S21/노트20 휴대폰필름,12900,5900,210,https://www.musinsa.com/app/goods/3169472?loc=goods_rank
디지털테크,28,SM-S911N,SAMSUNG ELECTRONICS,갤럭시 S23 256GB 자급제폰 SM-S911N,"
                                                                                                                                                1155000",1155000,72,https://www.musinsa.com/app/goods/3087033?loc=goods_rank
디지털테크,29,클리어 카드월렛 젤리케이스,NUART,[2매입] 아이폰14/13/12/11/미니/프로/맥스 갤럭시S22/플러스/울트라 카드 2장 투명 카드월렛 젤리케이스,11900,9900,562,https://www.musinsa.com/app/goods/2754128?loc=goods_rank
디지털테크,30,4549292212556,CANON,PowerShot V10 (블랙) + 파우치,"
                                                                                                                                                629000",629000,5,https://www.musinsa.com/app/goods/3538386?loc=goods_rank
디지털테크,31,5002850122,DEVERS,아이폰 카드수납 젤리 케이스 14/13/12/11/미니/프로/플러스/맥스/XS/SR/SE3/SE2/8/7 전기종,22000,6700,324,https://www.musinsa.com/app/goods/3140976?loc=goods_rank
디지털테크,32,Acton II,MARSHALL,액톤 2 (Acton 2) 블루투스 스피커,495000,360000,658,https://www.musinsa.com/app/goods/2256669?loc=goods_rank
디지털테크,33,MV7-K-BNDL,SHURE,MV7 Podcast kit 팟캐스트 USB  XLR 다이나믹 마이크 미니스탠드 포함,412000,317000,19,https://www.musinsa.com/app/goods/2488265?loc=goods_rank
디지털테크,34,CHERRY MX BOARD 3.0S RGB 무선,CHERRY,CHERRY MX BOARD 3.0S RGB 무선 기계식 게이밍 키보드,"
                                                                                                                                                234000",234000,2,https://www.musinsa.com/app/goods/3456756?loc=goods_rank
디지털테크,35,M-MiniTok,SINJIMORU,M-미니톡 아이폰·갤럭시 맥세이프 전기종 호환 마그네틱 그립톡 스마트폰 거치대,15900,12720,47,https://www.musinsa.com/app/goods/3022581?loc=goods_rank
디지털테크,36,TONE-UT60Q,LG,톤프리 TONE-UT60Q 완전 무선 블루투스 이어폰,189000,169000,27,https://www.musinsa.com/app/goods/2718384?loc=goods_rank
디지털테크,37,5003584019,COQUAD,[1+1+1] 아이큐티 클리어 투명 젤리 기본케이스 iPhone/Galaxy/LG 전기종,38700,38700,1244,https://www.musinsa.com/app/goods/3338086?loc=goods_rank
디지털테크,38,5006802585,RAZER,바라쿠다 엑스 플러스 블랙 Barracuda X Plus 게이밍 헤드셋,"
                                                                                                                                                159000",159000,7,https://www.musinsa.com/app/goods/3530007?loc=goods_rank
디지털테크,39,MX MASTER3S,LOGITECH,로지텍 코리아 MX MASTER 3S 무선 블루투스 마우스,"
                                                                                                                                                139000",139000,84,https://www.musinsa.com/app/goods/3429536?loc=goods_rank
디지털테크,40,2.5D-IP,SINJIMORU,아이폰 전기종 2.5D 강화유리 액정보호필름(2매),6900,5520,1931,https://www.musinsa.com/app/goods/1500804?loc=goods_rank
디지털테크,41,필름형,PANZER GLASS,아이폰13 풀커버 강화유리,"
                                                                                                                                                29900",29900,2,https://www.musinsa.com/app/goods/2220206?loc=goods_rank
디지털테크,42,미니12+추석선물모음,INSTAX,인스탁스 미니12+특별패키지,164800,115000,546,https://www.musinsa.com/app/goods/3316708?loc=goods_rank
디지털테크,43,2051462,BEBE CASE,[1+1] 방탄 클리어 캡슐 투명젤리 케이스,11400,6900,10361,https://www.musinsa.com/app/goods/1894565?loc=goods_rank
디지털테크,44,MAX FOR B2P PB,AZLA,SednaEarfit 이어팁 맥스 For 갤럭시 버즈2 프로 팬텀블랙,"
                                                                                                                                                24900",24900,15,https://www.musinsa.com/app/goods/3403083?loc=goods_rank
디지털테크,45,AJ-002,ACHROHOUSE,아이폰 핸드폰 케이스 아이즈,"
                                                                                                                                                22000",22000,2543,https://www.musinsa.com/app/goods/2309691?loc=goods_rank
디지털테크,46,STG-2DPV,SINJIMORU,아이폰·1·5·4·3·2·S·E·프로·미니·맥스·Pro·X·R·플러스·전기종 사생활 보호 강화유리 액정보호 필름 베이직,11900,8925,458,https://www.musinsa.com/app/goods/3040274?loc=goods_rank
디지털테크,47,1231564,LOGITECH,로지텍코리아 LIFT 컴팩트 인체공학 무선 블루투스 버티컬 마우스,"
                                                                                                                                                79000",79000,795,https://www.musinsa.com/app/goods/2504949?loc=goods_rank
디지털테크,48,1231564,LOGITECH,로지텍코리아 LIFT for mac 컴팩트 인체공학 무선 블루투스 버티컬 마우스,"
                                                                                                                                                79000",79000,11,https://www.musinsa.com/app/goods/3477130?loc=goods_rank
디지털테크,49,SN100003,PLAYSTATION,PS5 듀얼센스 무선 컨트롤러 화이트,79800,67800,145,https://www.musinsa.com/app/goods/2635256?loc=goods_rank
디지털테크,50,ES11SC61,ELAGO,아이폰15 14 13 12 SE3 갤럭시S23 S22 S21 실리콘 케이스,24000,15600,1630,https://www.musinsa.com/app/goods/1190721?loc=goods_rank
디지털테크,51,4897120490318,KODAK CAMERA,i60 팝업플래시 다회용 토이 필름카메라 [베이비 블루],"
                                                                                                                                                59900",59900,13,https://www.musinsa.com/app/goods/3533760?loc=goods_rank
디지털테크,52,1573333,WIGGLE WIGGLE,빅사이즈 그립톡 - Smile We Love,16800,14200,809,https://www.musinsa.com/app/goods/1713659?loc=goods_rank
디지털테크,53,케이스,MPEAK,동물친구들 파스텔 카드 젤리 케이스 (UV),"
                                                                                                                                                13900",13900,1077,https://www.musinsa.com/app/goods/2336313?loc=goods_rank
디지털테크,54,4897120490189,KODAK CAMERA,Ultra F9 다회용 필름카메라 [다크 그린],"
                                                                                                                                                52900",52900,33,https://www.musinsa.com/app/goods/3534415?loc=goods_rank
디지털테크,55,none,RINGKE,갤럭시워치5 슬림 하드 케이스,"
                                                                                                                                                12800",12800,16,https://www.musinsa.com/app/goods/2702075?loc=goods_rank
디지털테크,56,MACL-B,SINJIMORU,아이폰15/14/13/12/프로/미니/11/맥스/X/XS/XR/Max/SE2/3/7/8/갤럭시/S/노트/23/22/21/20/플러스/울트라 전기종 맥세이프 M에어클로 베이직 케이스,15900,12720,662,https://www.musinsa.com/app/goods/2781264?loc=goods_rank
디지털테크,57,83739,GRIPTOK,마카롱 원형 20S 스마트톡,14900,11920,527,https://www.musinsa.com/app/goods/1397341?loc=goods_rank
디지털테크,58,구스페리,MERCURY,휴대용 도킹형 미니 보조배터리 아이폰 8핀 갤럭시 C타입,25900,11900,903,https://www.musinsa.com/app/goods/3272242?loc=goods_rank
디지털테크,59,5000710074,DESIGNSKIN,아이폰 히든포켓 엠보 케이스-리플렉티브 실버,"
                                                                                                                                                39800",39800,145,https://www.musinsa.com/app/goods/2823253?loc=goods_rank
디지털테크,60,액정클리너,PANZER GLASS,스마트폰 노트북 액정 클리너 스프레이 트와이스 어 데이,"
                                                                                                                                                9900",9900,10,https://www.musinsa.com/app/goods/1673912?loc=goods_rank
디지털테크,61,NL1AC03BKF,FENNEC,CNS AIRPODS CASE - BLACK,23000,9900,99,https://www.musinsa.com/app/goods/2493806?loc=goods_rank
디지털테크,62,삼성전자,SAMSUNG ELECTRONICS,ST-N1000S 접이식 노트북 거치대,"
                                                                                                                                                39000",39000,99,https://www.musinsa.com/app/goods/3005843?loc=goods_rank
디지털테크,63,죠르디 워치톡 갤럭시워치 보조배터리,KAKAOFRIENDS PARTNERS,죠르디 워치톡 갤럭시워치 보조배터리,45900,35900,63,https://www.musinsa.com/app/goods/3161174?loc=goods_rank
디지털테크,64,5000522448,DESIGNSKIN,아이폰14/프로/플러스/프로맥스 버클 스트랩 케이스-스플릿/카키,39800,35800,42,https://www.musinsa.com/app/goods/2796738?loc=goods_rank
디지털테크,65,보조배터리,CALLIA,미니 18W PD 고속충전 도킹형 보조배터리 5000mAh(8핀/c타입),"
                                                                                                                                                35800",35800,9,https://www.musinsa.com/app/goods/3494731?loc=goods_rank
디지털테크,66,m20221004ea7c6164f,NATIONAL GEOGRAPHIC MOBILE,갤럭시Z플립4 비즈니스 월렛 케이스,"
                                                                                                                                                35000",35000,44,https://www.musinsa.com/app/goods/2969058?loc=goods_rank
디지털테크,67,Airpod Pro2-TPU,SINJIMORU,에어팟·프로·3·2·1·세대 철가루 방지 스티커+무변색 TPU 투명 케이스+카라비너 키링,10900,8720,955,https://www.musinsa.com/app/goods/2850088?loc=goods_rank
디지털테크,68,HC2215GP001M,HIGH CHEEKS,Ponytail Barbie Glitter Case,49000,34300,194,https://www.musinsa.com/app/goods/2563031?loc=goods_rank
디지털테크,69,ls_tbj,108SEOUL,108 MINI HANG-ON(30mm) GLARE GREEN (glossy-hard-bumper),"
                                                                                                                                                32900",32900,298,https://www.musinsa.com/app/goods/3192575?loc=goods_rank
디지털테크,70,M-Donut,SINJIMORU,M 도넛 맥세이프 차량용 무선충전 거치대 핸드폰 휴대폰 고속 충전기,40900,32720,259,https://www.musinsa.com/app/goods/2157872?loc=goods_rank
디지털테크,71,10836,COMPOSITION STUDIO,그린 접이식 쓰리폴드 컴포지션북 아이패드 케이스,"
                                                                                                                                                32800",32800,45,https://www.musinsa.com/app/goods/3395514?loc=goods_rank
디지털테크,72,910214,VRS DESIGN,갤럭시 플립4 케이스 힌지 보호 테라 액티브,"
                                                                                                                                                32400",32400,39,https://www.musinsa.com/app/goods/2698895?loc=goods_rank
디지털테크,73,"TW-CH65-2P1QBK,TW-CH65-2P1QWH",TANGLEWOOD,65W GaN 멀티 고속 충전 어댑터,39000,31200,12,https://www.musinsa.com/app/goods/3496117?loc=goods_rank
디지털테크,74,MCSPhp02,MCRN,[숄더스트랩 롤리팝] 핸드폰 로프 스트랩,"
                                                                                                                                                31000",31000,10,https://www.musinsa.com/app/goods/3236352?loc=goods_rank
디지털테크,75,1482119,DESIGNSKIN,피닉스 프로 스포티스트랩 케이스 데이지 민트,34800,30800,725,https://www.musinsa.com/app/goods/2490189?loc=goods_rank
디지털테크,76,PBRB,SECOND UNIQUE NAME,SUN CASE PATCH FUR RABBIT NOISE WHITE,"
                                                                                                                                                30000",30000,1820,https://www.musinsa.com/app/goods/1776208?loc=goods_rank
디지털테크,77,gleamingipad,FOGBOW,gleaming iPad case,"
                                                                                                                                                30000",30000,620,https://www.musinsa.com/app/goods/2732376?loc=goods_rank
디지털테크,78,1341583,WEEK9,노샘케이스,"
                                                                                                                                                29900",29900,184,https://www.musinsa.com/app/goods/2638820?loc=goods_rank
디지털테크,79,PWIKR210051,WIGGLE WIGGLE,갤럭시Z플립 빅그립톡+투명케이스SET_4,39800,29800,83,https://www.musinsa.com/app/goods/3394209?loc=goods_rank
디지털테크,80,3-10,AXXSTUDIO,[이니셜 각인] 사피아노 천연가죽 케이스_인디핑크,40000,28000,13,https://www.musinsa.com/app/goods/1290404?loc=goods_rank
디지털테크,81,3-15,AXXSTUDIO,[이니셜 각인] 사피아노 천연가죽 케이스_베이지,40000,28000,13,https://www.musinsa.com/app/goods/1290409?loc=goods_rank
디지털테크,82,3-3,AXXSTUDIO,[이니셜 각인] 사피아노 천연가죽 케이스_네이비,40000,28000,32,https://www.musinsa.com/app/goods/3193219?loc=goods_rank
디지털테크,83,1373973,DESIGNSKIN,피닉스 프로 프리미엄 레더 카드 포켓 케이스 코발트블루,39800,27800,595,https://www.musinsa.com/app/goods/2024992?loc=goods_rank
디지털테크,84,5003584017,COQUAD,[1+1] 카드수납 투명 젤리 케이스 아이폰12/13/14/Mini/Pro/ProMax/Plus/S21/S22/23,38700,38700,865,https://www.musinsa.com/app/goods/3338082?loc=goods_rank
디지털테크,85,Flat Cover-IPad,SINJIMORU,아이패드 마그네틱 애플펜슬 수납 스마트 플랫커버 케이스,32900,26320,1013,https://www.musinsa.com/app/goods/1946702?loc=goods_rank
디지털테크,86,5003217674,EARPEARP,BRUNCH TIME CUNI-BLUE(보조배터리-무선충전),33000,25900,12,https://www.musinsa.com/app/goods/3237143?loc=goods_rank
디지털테크,87,ns_lemon_cream_bp,108SEOUL,108 LEMON CREAM (hard-bumper),"
                                                                                                                                                25900",25900,147,https://www.musinsa.com/app/goods/3320246?loc=goods_rank
디지털테크,88,5003584018,COQUAD,[1+1+1] 에어씬 1mm 초슬림 투명 하드 투명케이스 아이폰12/13/14/Mini/Pro/ProMax/Plus/S21/S22/23,38700,38700,709,https://www.musinsa.com/app/goods/3338085?loc=goods_rank
디지털테크,89,19546,LOGITECH,로지텍코리아 G102IC 2세대 LIGHTSYNC 게이밍 마우스 벌크,"
                                                                                                                                                25400",25400,88,https://www.musinsa.com/app/goods/3089854?loc=goods_rank
디지털테크,90,272019,SHARON6,아이폰 카드 투명 핸드폰 케이스 프렌즈래빗,39900,24900,183,https://www.musinsa.com/app/goods/2257351?loc=goods_rank
디지털테크,91,45,POLAROLA,생분해성 핸드폰 케이스 My Phone,"
                                                                                                                                                23900",23900,702,https://www.musinsa.com/app/goods/2917121?loc=goods_rank
디지털테크,92,Bumper Case,GEEKY,[에폭시/글로시 범퍼케이스] Urban No.01 아이폰케이스/갤럭시케이스,34000,23900,37,https://www.musinsa.com/app/goods/3413349?loc=goods_rank
디지털테크,93,2000001352618,KODAK CAMERA,펀세이버 ISO 800-27컷 고감도 일회용 필름카메라,"
                                                                                                                                                23900",23900,18,https://www.musinsa.com/app/goods/3535028?loc=goods_rank
디지털테크,94,1324290,DESIGNSKIN,아이폰/갤럭시/갤럭시노트 뉴 버클 스트랩 케이스,34000,23800,775,https://www.musinsa.com/app/goods/1870740?loc=goods_rank
디지털테크,95,1398753,DESIGNSKIN,코듀로이 캠핑 네이비 베어 자수 케이스,32900,23030,646,https://www.musinsa.com/app/goods/2068653?loc=goods_rank
디지털테크,96,CA-373,MCDODO,릴타입 3in1 고속충전 케이블 [C타입&8핀&5핀] CA373,"
                                                                                                                                                23000",23000,1,https://www.musinsa.com/app/goods/3378253?loc=goods_rank
디지털테크,97,BLUE,MIDMALY,캔디 젤 하드 폰케이스,"
                                                                                                                                                23000",23000,11,https://www.musinsa.com/app/goods/3413737?loc=goods_rank
디지털테크,98,KITCH SERIES,SHARON6,아이폰 카드 쏙 투명 핸드폰 케이스 키치 시리즈,39900,22900,31,https://www.musinsa.com/app/goods/2975638?loc=goods_rank
디지털테크,99,RK534001,RINGKE,갤럭시 Z플립3 슬림 케이스,"
                                                                                                                                                22800",22800,122,https://www.musinsa.com/app/goods/2054772?loc=goods_rank
디지털테크,100,M240,LOGITECH,로지텍 코리아 M240 Silent 블루투스 마우스,"
                                                                                                                                                22400",22400,90,https://www.musinsa.com/app/goods/3297246?loc=goods_rank
