﻿카테고리,순위,품번,브랜드명,상품명(한글),판매가,비회원가,좋아요 수,URL
원피스,1,TC23SSOP06RE,THE CENTAUR,COLORING SLIP DRESS_RED,218000,196200,132,https://www.musinsa.com/app/goods/3115367?loc=goods_rank
원피스,2,m1037_1107492,MITTE,RUFFLE SHIRRING DRESS_BLACK,"
                                                                                                                                                186000",186000,3,https://www.musinsa.com/app/goods/3551218?loc=goods_rank
원피스,3,22FW02 - 01,AVANDRESS,Punching Knit Dress BLACK,69000,48300,16535,https://www.musinsa.com/app/goods/2714524?loc=goods_rank
원피스,4,22SS0606WH,STAY WITH ME,리본 백 코튼 드레스(WHITE),228000,136800,750,https://www.musinsa.com/app/goods/2620206?loc=goods_rank
원피스,5,3FOPB0333-43CRS,MLB,여성 오픈카라 배색 컴포터블핏 카라 원피스 BOS (Cream),"
                                                                                                                                                109000",109000,311,https://www.musinsa.com/app/goods/3149929?loc=goods_rank
원피스,6,MIWOWD712B,MIXXO,패턴 끈나시 롱 원피스_MIWOWD712B,79900,49900,25,https://www.musinsa.com/app/goods/3372668?loc=goods_rank
원피스,7,PS23SSOPS,PLASMA SPHERE,JOKE DRESS IN BLACK(나시 원피스),"
                                                                                                                                                99000",99000,190,https://www.musinsa.com/app/goods/3418107?loc=goods_rank
원피스,8,CHECK LONG DRESS /BLACK,P/A,CHECK LONG DRESS /BLACK,95000,80750,509,https://www.musinsa.com/app/goods/1446365?loc=goods_rank
원피스,9,DR451LF724607SS22,LEMAIRE,여성 V넥 셔츠 원피스 - 베이지,1584000,607000,41,https://www.musinsa.com/app/goods/3315394?loc=goods_rank
원피스,10,22FW06,AVANDRESS,Veloa Sleeveless Dress BLACK,69000,31050,2305,https://www.musinsa.com/app/goods/2869717?loc=goods_rank
원피스,11,Z21FDR02BR,ZEROPLANET,제니 리본 원피스 [BROWN],64000,32000,781,https://www.musinsa.com/app/goods/2115499?loc=goods_rank
원피스,12,PJTH5OPM555DB1,PLAC WOMEN,원피스 M55 블랙,149000,119200,187,https://www.musinsa.com/app/goods/3382309?loc=goods_rank
원피스,13,22FW02 - 02,AVANDRESS,Punching Knit Dress IVORY,69000,48300,10673,https://www.musinsa.com/app/goods/2714533?loc=goods_rank
원피스,14,23SS08,AVANDRESS,French Linen Sleeveless Dress - 6COL,50000,19900,3281,https://www.musinsa.com/app/goods/3271252?loc=goods_rank
원피스,15,시그니처 컷아웃 원피스 (2COL),YOURNAMEHERE,시그니처 컷아웃 원피스 (2COL),"
                                                                                                                                                258000",258000,15,https://www.musinsa.com/app/goods/3429574?loc=goods_rank
원피스,16,WWM23W12Z1,WIDEANGLE,CO 우븐 믹스 플리츠 원피스 L_Black,"
                                                                                                                                                239000",239000,35,https://www.musinsa.com/app/goods/3241510?loc=goods_rank
원피스,17,BE19FOP002BK,BEMUSE MANSION,Elly Pleated one-piece - Black,208000,187200,413,https://www.musinsa.com/app/goods/1731794?loc=goods_rank
원피스,18,PBCS-WOPW017,PIGMENT,버튼 플리츠 원피스,78000,42900,225,https://www.musinsa.com/app/goods/3175113?loc=goods_rank
원피스,19,BCSUOP002,EN OR,WRINKLED SHIRRING DRESS - WHITE,"
                                                                                                                                                158000",158000,246,https://www.musinsa.com/app/goods/3278755?loc=goods_rank
원피스,20,KKRMCOP511MBKA,KIRSH,스몰 체리 스퀘어넥 드레스 [블랙],49000,39200,1040,https://www.musinsa.com/app/goods/3157477?loc=goods_rank
원피스,21,CROSS OVER RIBBON DRESS_PURPLE,DEWE HEART DEWE,크로스오버 리본 드레스_퍼플,167000,133600,1964,https://www.musinsa.com/app/goods/1871030?loc=goods_rank
원피스,22,ON2D5190_DBL,GUESS,[POP] 여성 반팔 A라인 원피스,148000,133200,7593,https://www.musinsa.com/app/goods/3106487?loc=goods_rank
원피스,23,MWARW301-NA,MUSINSA STANDARD,[쿨탠다드] 우먼즈 피케 폴로 원피스 [네이비],36900,31290,4896,https://www.musinsa.com/app/goods/1875664?loc=goods_rank
원피스,24,5003181263,ATELIER NAIN,시티 캐주얼 데님 원피스(OP-6107),139000,125100,292,https://www.musinsa.com/app/goods/3441581?loc=goods_rank
원피스,25,DQ230621,SINCETHEN,리본 플리츠 미니원피스,129000,116100,62,https://www.musinsa.com/app/goods/3477719?loc=goods_rank
원피스,26,LUN2311OP06BK,LETQ STUDIO,원 숄더 드레이프 드레스 BLACK,205000,102500,17,https://www.musinsa.com/app/goods/3111165?loc=goods_rank
원피스,27,A3455_BK,VANONE ATELIER,A3455 컷아웃 셔링 원피스_Black,"
                                                                                                                                                97000",97000,195,https://www.musinsa.com/app/goods/3280834?loc=goods_rank
원피스,28,A3455_PY,VANONE ATELIER,A3455 컷아웃 셔링 원피스_Pale yellow,"
                                                                                                                                                97000",97000,758,https://www.musinsa.com/app/goods/3280848?loc=goods_rank
원피스,29,043,NAKED SURF CLUB,테리 백 스트링 롱 원피스(Ash Gray),"
                                                                                                                                                85000",85000,177,https://www.musinsa.com/app/goods/3295264?loc=goods_rank
원피스,30,043,NAKED SURF CLUB,테리 백 스트링 롱 원피스(Pink),"
                                                                                                                                                85000",85000,138,https://www.musinsa.com/app/goods/3295265?loc=goods_rank
원피스,31,#3350,DIEPHOD,DS#3350_military one-piece,162000,81000,347,https://www.musinsa.com/app/goods/1612950?loc=goods_rank
원피스,32,IK2DMFW391ABK,ISTKUNST,슬립 롱 드레스_블랙(IK2DMFW391A),109000,76300,605,https://www.musinsa.com/app/goods/3156834?loc=goods_rank
원피스,33,P0000FXV,MILLIONCOR,[5399] 카라 스티치 데님 원피스 (진청),78000,74100,682,https://www.musinsa.com/app/goods/3511576?loc=goods_rank
원피스,34,PB23DOP596,PANDORAFIT,Stuck One-Piece,79000,71100,1980,https://www.musinsa.com/app/goods/2717734?loc=goods_rank
원피스,35,N3N02N31F,NOIRNINE,여성 베베 트위드 끈 원피스 - 화이트,"
                                                                                                                                                69000",69000,462,https://www.musinsa.com/app/goods/3257946?loc=goods_rank
원피스,36,FA22-OP004,AVANT-G,Black Belt Puff Long Dress - BLACK,77000,65450,102,https://www.musinsa.com/app/goods/2775613?loc=goods_rank
원피스,37,W8F14RIOP103IV,DELICCENT,어텀 티어드 원피스 [IVORY],"
                                                                                                                                                65000",65000,29,https://www.musinsa.com/app/goods/3456819?loc=goods_rank
원피스,38,PBBW-WOPW026,PIGMENT,배색 버튼 원피스,72000,50400,167,https://www.musinsa.com/app/goods/3112731?loc=goods_rank
원피스,39,MIWOWD78QB,MIXXO,언발 숄더 원피스 OWD636B RE_MIWOWD78QB,79900,49900,70,https://www.musinsa.com/app/goods/3398471?loc=goods_rank
원피스,40,PBCS-WOPW004,PIGMENT,잔체크후다 원피스,74000,48100,70,https://www.musinsa.com/app/goods/3150196?loc=goods_rank
원피스,41,CQTS3E581G1,CAMBRIDGE,브릿지 로고 레이싱 반팔 원피스 라이트그레이,69000,41400,64,https://www.musinsa.com/app/goods/3297089?loc=goods_rank
원피스,42,PBBW-WOPW016,PIGMENT,골덴셔링원피스(PBBW-WOPW016),58000,34800,898,https://www.musinsa.com/app/goods/3008169?loc=goods_rank
원피스,43,SW5OP83,SOUP,브이넥 허리끈 원피스(SW5OP83),199000,199000,21,https://www.musinsa.com/app/goods/3421695?loc=goods_rank
원피스,44,CU203DR003A,CURETTY,C SATIN SHIRT DRESS_BLACK,94000,94000,806,https://www.musinsa.com/app/goods/1600407?loc=goods_rank
원피스,45,MWARW301-DG,MUSINSA STANDARD,[쿨탠다드] 우먼즈 피케 폴로 원피스 [다크 그레이],36900,25790,1348,https://www.musinsa.com/app/goods/2245440?loc=goods_rank
원피스,46,MWARW301-BK,MUSINSA STANDARD,[쿨탠다드] 우먼즈 피케 폴로 원피스 [블랙],36900,22090,10468,https://www.musinsa.com/app/goods/1875663?loc=goods_rank
원피스,47,MWARW306-NA,MUSINSA STANDARD,우먼즈 크루 넥 롱 티셔츠 드레스 [네이비],25900,21990,744,https://www.musinsa.com/app/goods/1920869?loc=goods_rank
원피스,48,3156252118691208,LUV IS TRUE,CP SO OPS_BE,58000,29000,29,https://www.musinsa.com/app/goods/170899?loc=goods_rank
원피스,49,AWD17201,A BY A,세일러 카라 스웨트 원피스 블랙,"
                                                                                                                                                99000",99000,269,https://www.musinsa.com/app/goods/653344?loc=goods_rank
원피스,50,2178343,LUV IS TRUE,MA BASIC OPS(IVORY),59000,23600,92,https://www.musinsa.com/app/goods/722154?loc=goods_rank
원피스,51,NFK82DR10BK,NOIR,Slit Dress (BK),76000,38000,28,https://www.musinsa.com/app/goods/797149?loc=goods_rank
원피스,52,BS18SS-OP02,BIBYSEOB,PUFF LONG ONE-PIECE BLACK,84000,75600,202,https://www.musinsa.com/app/goods/805707?loc=goods_rank
원피스,53,N18M1OP3500NY,NONLOCAL,린넨 플레어 드레스 - 네이비,"
                                                                                                                                                88000",88000,405,https://www.musinsa.com/app/goods/806469?loc=goods_rank
원피스,54,MU1502OP403,MUSE BY ROSE,ANGORA KNIT DRESS,139000,39900,433,https://www.musinsa.com/app/goods/812541?loc=goods_rank
원피스,55,MAFWOP001,MODERNABLE,오프숄더  베이직 원피스 - 베이지,"
                                                                                                                                                148000",148000,4,https://www.musinsa.com/app/goods/894226?loc=goods_rank
원피스,56,3957871,LUV IS TRUE,DE SQUARE NECK OPS(IVORY),87000,43500,307,https://www.musinsa.com/app/goods/973803?loc=goods_rank
원피스,57,19ss_dress,ATEMPO,슬립 원피스 라임,128000,51200,27,https://www.musinsa.com/app/goods/1044725?loc=goods_rank
원피스,58,NFK92DR07,NOIR,Latte Dress,69000,69000,103,https://www.musinsa.com/app/goods/1053803?loc=goods_rank
원피스,59,4011372,LUV IS TRUE,LU POCKET OPS(BLACK),77000,38500,138,https://www.musinsa.com/app/goods/1058881?loc=goods_rank
원피스,60,92DR01RDFR,BLANK,CHECK RESORT DRESS-PK,104000,31200,133,https://www.musinsa.com/app/goods/1079455?loc=goods_rank
원피스,61,011OP001,PROJECTIN,스트라이프 피케 원피스 (화이트),78000,23700,42,https://www.musinsa.com/app/goods/1087468?loc=goods_rank
원피스,62,TS001,ODDONEOUT,FLOWER ONE PIECE_BLACK,"
                                                                                                                                                94000",94000,16320,https://www.musinsa.com/app/goods/1103286?loc=goods_rank
원피스,63,TS001,ODDONEOUT,FLOWER ONE PIECE_YELLOW,"
                                                                                                                                                94000",94000,8296,https://www.musinsa.com/app/goods/1103287?loc=goods_rank
원피스,64,19,MARGARIN FINGERS,BIG COLLAR RIBBON DR(BK),135000,135000,140,https://www.musinsa.com/app/goods/1122928?loc=goods_rank
원피스,65,934940,YUPPE,V SHIRRING ONEPIECE_BLACK,71000,49700,1690,https://www.musinsa.com/app/goods/1137762?loc=goods_rank
원피스,66,FWOPS-7,KARLLAH,제니퍼 체크믹스 원피스 - 브라운,132050,79230,54,https://www.musinsa.com/app/goods/1140564?loc=goods_rank
원피스,67,2024525,BIBYSEOB,BACK TIE OPS NAVY,112000,112000,47,https://www.musinsa.com/app/goods/1148578?loc=goods_rank
원피스,68,20190900999208,CLET,더블 자켓 벨트 드레스 (블랙),158000,126400,1135,https://www.musinsa.com/app/goods/1156727?loc=goods_rank
원피스,69,20190902099208,CLET,블랙 자켓 벨트 드레스 (블랙),145000,116000,5359,https://www.musinsa.com/app/goods/1156787?loc=goods_rank
원피스,70,NFK93DR05,NOIR,Most Dress,128000,64000,50,https://www.musinsa.com/app/goods/1160301?loc=goods_rank
원피스,71,LPW-D001-BK,LEAPLING,블랙 쭈리 롱 원피스 (라이크 미),"
                                                                                                                                                78000",78000,21,https://www.musinsa.com/app/goods/1177133?loc=goods_rank
원피스,72,T02AW910DR01Ib,IOET,브이넥 버튼-프론트 미디 드레스,183000,45750,70,https://www.musinsa.com/app/goods/1178742?loc=goods_rank
원피스,73,CESCGTS01BU,BORN CHAMPS,BCG 브이 원피스 CESCGTS01BU,69000,34500,514,https://www.musinsa.com/app/goods/1181936?loc=goods_rank
원피스,74,WZSD22FOP006BK00F,WUZU STUDIO,하이넥 롱 원피스 베이직 블랙,168000,117600,3189,https://www.musinsa.com/app/goods/1209169?loc=goods_rank
원피스,75,54,KATHARSIS,스트랩 셔링 원피스 (그레이)_FREE,62000,19900,34,https://www.musinsa.com/app/goods/1215519?loc=goods_rank
원피스,76,56,KATHARSIS,스트랩 셔링 원피스 (블랙)_FREE,62000,19900,47,https://www.musinsa.com/app/goods/1215530?loc=goods_rank
원피스,77,so-gr001,TWELVESOME,수아레원피스 그린,137000,137000,37,https://www.musinsa.com/app/goods/1227955?loc=goods_rank
원피스,78,DD38,DAMAGE MNEMONIC,꽃무늬 그린 원피스,"
                                                                                                                                                138000",138000,11,https://www.musinsa.com/app/goods/1230666?loc=goods_rank
원피스,79,2254025,BIBYSEOB,O94-SAILOR DRESS BLACK,142000,127800,187,https://www.musinsa.com/app/goods/1233337?loc=goods_rank
원피스,80,19FWOP0001YW,YOUNGANDONE,여성 오피스룩 2웨이 미앤미 원피스,690000,621000,6,https://www.musinsa.com/app/goods/1248241?loc=goods_rank
원피스,81,NFK01DR01,NOIR,Laurel Dress,98000,98000,163,https://www.musinsa.com/app/goods/1283904?loc=goods_rank
원피스,82,20200200861208,CLET,엠보 프릴 드레스 (크림),118000,59000,43,https://www.musinsa.com/app/goods/1309354?loc=goods_rank
원피스,83,113,KATHARSIS,자켓 원피스 (베이지)_FREE,129000,37900,60,https://www.musinsa.com/app/goods/1328800?loc=goods_rank
원피스,84,114,KATHARSIS,자켓 원피스 (네이비)_FREE,129000,37900,80,https://www.musinsa.com/app/goods/1328801?loc=goods_rank
원피스,85,1253268,GLAHEUG,Square neck check one-piece_blue,147000,147000,152,https://www.musinsa.com/app/goods/1331128?loc=goods_rank
원피스,86,1253269,GLAHEUG,Square neck check one-piece_emerald,147000,147000,240,https://www.musinsa.com/app/goods/1331146?loc=goods_rank
원피스,87,1253261,GLAHEUG,Square neck check one-piece_yellow,147000,147000,181,https://www.musinsa.com/app/goods/1331188?loc=goods_rank
원피스,88,AHQ8KD001SM-1,AYIHOLIC CASHMERE,폴로 니트드레스,89000,44500,137,https://www.musinsa.com/app/goods/1332276?loc=goods_rank
원피스,89,1,MARGARIN FINGERS,ribbon detail one piece (pk),115000,57500,119,https://www.musinsa.com/app/goods/1332716?loc=goods_rank
원피스,90,22FWMNVS29,MANAVIS7,Pattern Long One-Piece Black,109000,103550,245,https://www.musinsa.com/app/goods/1337041?loc=goods_rank
원피스,91,WZSD22FOP005BK00F,WUZU STUDIO,미니 랩 플레어 원피스 베이직 블랙,152000,106400,5068,https://www.musinsa.com/app/goods/1341924?loc=goods_rank
원피스,92,20SS21,MIMICAWE,C 스마일 쇼트 드레스,99000,99000,88,https://www.musinsa.com/app/goods/1346907?loc=goods_rank
원피스,93,BM201WCAOP001,BYALLMINS,로고와펜 피케원피스 (블랙),42000,37800,166,https://www.musinsa.com/app/goods/1363308?loc=goods_rank
원피스,94,03858,HUMANGALLERY,Plisse Strap Dress(Navy),89000,35600,294,https://www.musinsa.com/app/goods/1367252?loc=goods_rank
원피스,95,00014,RA_ON,Ribbon Tie Ruffle OPS (BK),"
                                                                                                                                                139000",139000,28,https://www.musinsa.com/app/goods/1373504?loc=goods_rank
원피스,96,20RCSUTDRF001SB,ROMANTIC CROWN,GNAC OVERALL COTTON DRESS_SKY BLUE,"
                                                                                                                                                68000",68000,426,https://www.musinsa.com/app/goods/1401703?loc=goods_rank
원피스,97,ADS201001,ARDOROBE,플리츠 롱 원피스 ADS201001-SK,"
                                                                                                                                                139000",139000,106,https://www.musinsa.com/app/goods/1405797?loc=goods_rank
원피스,98,MWJTS210-WH,MUSINSA STANDARD,우먼즈 크루 넥 티셔츠 드레스 [화이트],21900,15290,1147,https://www.musinsa.com/app/goods/1417725?loc=goods_rank
원피스,99,MWJTS210-BK,MUSINSA STANDARD,우먼즈 크루 넥 티셔츠 드레스 [블랙],21900,18590,4260,https://www.musinsa.com/app/goods/1417726?loc=goods_rank
원피스,100,MWJTS210-DG,MUSINSA STANDARD,우먼즈 크루 넥 티셔츠 드레스 [다크 그레이],21900,15290,643,https://www.musinsa.com/app/goods/1417728?loc=goods_rank
