﻿카테고리,순위,품번,브랜드명,상품명(한글),판매가,비회원가,좋아요 수,URL
스커트,1,A23FWPAW669_BL,ANDERSSON BELL for WOMEN,(WOMEN) 키키 브로큰 아가일 데님 스커트 apa669w(BLUE),"
                                                                                                                                                248000",248000,35,https://www.musinsa.com/app/goods/3486137?loc=goods_rank
스커트,2,22SS07,AVANDRESS,side-line long denim skirt BLACK,75000,49500,2766,https://www.musinsa.com/app/goods/3263886?loc=goods_rank
스커트,3,23FW02,AVANDRESS,Greta Pocket Wrap Skirt CHARCOAL,49000,41650,661,https://www.musinsa.com/app/goods/3511194?loc=goods_rank
스커트,4,MWBKS302-BK,MUSINSA STANDARD,우먼즈 플리츠 미니 스커트 [블랙],"
                                                                                                                                                37900",37900,3288,https://www.musinsa.com/app/goods/2551406?loc=goods_rank
스커트,5,P0000CGE_5,CURRENT,ASSYMETRIC WRAP MIDI SKIRT [BRWON],138000,110400,48,https://www.musinsa.com/app/goods/3067919?loc=goods_rank
스커트,6,930460,MILLIONCOR,[8156] 논이염 에이라인 생지 데님 스커트 (진청),45000,33750,6313,https://www.musinsa.com/app/goods/2316503?loc=goods_rank
스커트,7,MATB01,TYPESERVICE,Shining Pocket Skirt [Charcoal],118000,100300,70,https://www.musinsa.com/app/goods/3455378?loc=goods_rank
스커트,8,UDSK3B222IV,DUNST FOR WOMEN,CLASSIC MIDI FULL SKIRT IVORY_UDSK3B222IV,119000,83300,98,https://www.musinsa.com/app/goods/3201001?loc=goods_rank
스커트,9,XYZ006,UGLYSHADOW,TULIP PANTS SKIRT(BLACK),"
                                                                                                                                                79000",79000,5990,https://www.musinsa.com/app/goods/3144417?loc=goods_rank
스커트,10,23FALL,PLACE STUDIO,[멜로우 X PLACE] 미니멀 슬릿 플리츠 테니스 스커트 [그레이],76000,38000,418,https://www.musinsa.com/app/goods/3555207?loc=goods_rank
스커트,11,NOI1030,NOIAGO,NOI1030 사이드 라인 롱 스커트 (블랙),84000,67000,147,https://www.musinsa.com/app/goods/3461526?loc=goods_rank
스커트,12,326,MAU SOLEUM,[Mausoleum x 이코코] 리본 쉬어 스트링 미디 랩 스커트 - 아이보리,71000,63900,4,https://www.musinsa.com/app/goods/3570301?loc=goods_rank
스커트,13,LRSK3301BKF,LEATHERY,스트링 카고 스커트 [BLACK],69000,58650,787,https://www.musinsa.com/app/goods/3435354?loc=goods_rank
스커트,14,MWBKS705-BK,MUSINSA STANDARD,우먼즈 맥시 스커트 [블랙],"
                                                                                                                                                43900",43900,2118,https://www.musinsa.com/app/goods/2792603?loc=goods_rank
스커트,15,32505,HIDE,H 07 플레어 밴드 스커트 _ 네이비,"
                                                                                                                                                40000",40000,654,https://www.musinsa.com/app/goods/2129058?loc=goods_rank
스커트,16,SPWJD49G01,SPAO,데님 롱 스커트 (셋업)_SPWJD49G01,"
                                                                                                                                                39900",39900,52,https://www.musinsa.com/app/goods/3352997?loc=goods_rank
스커트,17,MWBKS302-GR,MUSINSA STANDARD,우먼즈 플리츠 미니 스커트 [그레이],"
                                                                                                                                                37900",37900,2456,https://www.musinsa.com/app/goods/2551407?loc=goods_rank
스커트,18,MWBKS302-LB,MUSINSA STANDARD,우먼즈 플리츠 미니 스커트 [라이트 베이지],"
                                                                                                                                                37900",37900,2192,https://www.musinsa.com/app/goods/2551409?loc=goods_rank
스커트,19,21AV024,AVANDRESS,A-LINE DENIM MINI SKIRT BLACK,48000,33600,5583,https://www.musinsa.com/app/goods/1977356?loc=goods_rank
스커트,20,2054646707258,ETRE AU SOMMET,에코 레더 미니 스커트,42000,33600,556,https://www.musinsa.com/app/goods/2451691?loc=goods_rank
스커트,21,R-T010-1,ROCKCAKE,더블벨트 로우라이즈 스커트 - 베이지,92000,27600,627,https://www.musinsa.com/app/goods/2488296?loc=goods_rank
스커트,22,MWJKK105-BE,MUSINSA STANDARD,우먼즈 플랫 테리 스웨트 롱 스커트 [베이지],29900,23890,676,https://www.musinsa.com/app/goods/1805126?loc=goods_rank
스커트,23,A-20AB-351-B,ANDTHEOTHER,블랙 메쉬 플리츠 롱 스커트,59000,20650,50,https://www.musinsa.com/app/goods/1308460?loc=goods_rank
스커트,24,PP23FWSK10,PAINORPLEASURE,VIOLA MINI SKIRT charcoal,"
                                                                                                                                                179000",179000,97,https://www.musinsa.com/app/goods/3518956?loc=goods_rank
스커트,25,MWANK301-WC,MUSINSA STANDARD,우먼즈 데님 미니 스커트 [워시드 블랙],36900,29490,9672,https://www.musinsa.com/app/goods/1944554?loc=goods_rank
스커트,26,5000654338,MILLIONCOR,[DANA 8179] 커버밴드 뒷트임 코튼 롱 스커트 (베이지),56000,44800,4546,https://www.musinsa.com/app/goods/2796166?loc=goods_rank
스커트,27,M3322PSK17ORG,MALBON GOLF,유틸리티 플리츠 스커트 ORANGE (WOMAN),"
                                                                                                                                                399000",399000,5,https://www.musinsa.com/app/goods/3513125?loc=goods_rank
스커트,28,FS3SK01FBL,FAIRLIAR GOLF,페라 플레어 플리츠 스커트(세라믹블루),"
                                                                                                                                                318000",318000,33,https://www.musinsa.com/app/goods/3262910?loc=goods_rank
스커트,29,MCS23SK-06-1,MACKY,스포티 스트링 스커트 블랙,"
                                                                                                                                                79000",79000,40,https://www.musinsa.com/app/goods/3058690?loc=goods_rank
스커트,30,CLSKDA002WT,CLOVE,[23SS clove] Logo Pleated Skirt (White),"
                                                                                                                                                198000",198000,442,https://www.musinsa.com/app/goods/2377804?loc=goods_rank
스커트,31,MWCKS202-BE,MUSINSA STANDARD,우먼즈 카고 미니 스커트 [베이지],"
                                                                                                                                                47900",47900,1837,https://www.musinsa.com/app/goods/2978103?loc=goods_rank
스커트,32,PP23FWSK11,PAINORPLEASURE,VIOLA MINI SKIRT black,"
                                                                                                                                                179000",179000,179,https://www.musinsa.com/app/goods/3519035?loc=goods_rank
스커트,33,MWAKS503-BK,MUSINSA STANDARD,우먼즈 비건 레더 미니 스커트 [블랙],"
                                                                                                                                                39900",39900,5775,https://www.musinsa.com/app/goods/2111542?loc=goods_rank
스커트,34,m1037_1097796,MAISON DE MAIER,[M2333001] 셔링 절개 스커트,"
                                                                                                                                                158000",158000,29,https://www.musinsa.com/app/goods/3491958?loc=goods_rank
스커트,35,PW23AJ-01GY,PARTIMENTO WOMEN,워시드 고어드 플레어 스커트_그레이,169000,152100,465,https://www.musinsa.com/app/goods/3487760?loc=goods_rank
스커트,36,23FALL,PLACE STUDIO,[멜로우 X PLACE] 미니멀 슬릿 플리츠 테니스 스커트 [블랙],76000,38000,186,https://www.musinsa.com/app/goods/3555164?loc=goods_rank
스커트,37,1MG22FSK101,MARITHE FRANCOIS GIRBAUD,W LOW WRAP DENIM SKIRT blue,"
                                                                                                                                                149000",149000,1057,https://www.musinsa.com/app/goods/2706223?loc=goods_rank
스커트,38,W_SHT_OPC,KOLEAT,WOMEN 세미 플레어 미디 롱치마 [블랙],43000,36500,13475,https://www.musinsa.com/app/goods/1819994?loc=goods_rank
스커트,39,핀턱 SK-애쉬브라운,LINGSEOUL,wool pintuck skirt-ash brown,"
                                                                                                                                                145000",145000,258,https://www.musinsa.com/app/goods/2912103?loc=goods_rank
스커트,40,S23MWRSK61TB,SNOWPEAK APPAREL,S23MWRSK61 루트 플레어 스커트 Teal Blue,149000,141550,45,https://www.musinsa.com/app/goods/3093417?loc=goods_rank
스커트,41,RF1RWBD3SK002GN,ROCKFISH WEATHERWEAR,RFH CLASSIC CHECK PLEATS SKIRT - GREEN CHECK,157000,141300,64,https://www.musinsa.com/app/goods/3444982?loc=goods_rank
스커트,42,N22SK08-003-1,NITINA,하프 스티치 SK GR,"
                                                                                                                                                138000",138000,8,https://www.musinsa.com/app/goods/3007365?loc=goods_rank
스커트,43,23SP SK 001,NACHE,STRAP CARGO MAXI SKIRT (VINTAGE BEIGE),162000,137700,1641,https://www.musinsa.com/app/goods/3159165?loc=goods_rank
스커트,44,MWAKS501-BK,MUSINSA STANDARD,우먼즈 베이식 미니 스커트 [블랙],"
                                                                                                                                                32900",32900,7879,https://www.musinsa.com/app/goods/2117249?loc=goods_rank
스커트,45,5004659485,MOMET,플라워 볼륨 롱 스커트 big pattern,"
                                                                                                                                                129000",129000,33,https://www.musinsa.com/app/goods/3242443?loc=goods_rank
스커트,46,21AV020,AVANDRESS,DEEP SLIT LONG SKIRT BLACK,53000,31800,3983,https://www.musinsa.com/app/goods/1980169?loc=goods_rank
스커트,47,SC23A453CH,SCULPTOR,Parachute Cargo Maxi Skirt D.Gray,158000,126400,166,https://www.musinsa.com/app/goods/3460326?loc=goods_rank
스커트,48,BA232SK503WH,BEENTRILL GOLF,골프 플리츠 스커트(화이트),138000,124200,68,https://www.musinsa.com/app/goods/3140787?loc=goods_rank
스커트,49,QWKAX23611NYD,LUCKYMARCHE,Fall Tweed Skirt_QWKAX23611NYD,149000,119200,19,https://www.musinsa.com/app/goods/3453224?loc=goods_rank
스커트,50,23SUMSKBK,"DARLING, YOU'RE BAD",STONE DENIM PLEATS SKIRT #BLACK,"
                                                                                                                                                112000",112000,261,https://www.musinsa.com/app/goods/3393000?loc=goods_rank
스커트,51,SC23A474GY,SCULPTOR,Shirring Lowrise Midi Skirt Pale Gray,122000,109800,287,https://www.musinsa.com/app/goods/3460336?loc=goods_rank
스커트,52,1100FS2SKF3361FFWH,FILA,우븐 플리츠스커트(FS2SKF3361FFWH),"
                                                                                                                                                99000",99000,18,https://www.musinsa.com/app/goods/3509809?loc=goods_rank
스커트,53,LCFSA65NA,LORDLOAR,플리츠 2단 랩 스커트 NAVY,108000,97200,64,https://www.musinsa.com/app/goods/3468636?loc=goods_rank
스커트,54,CTF1SK03BK,CITY BREEZE,카고 밴딩 스커트_BLACK,119000,95200,745,https://www.musinsa.com/app/goods/3038057?loc=goods_rank
스커트,55,LLS-1309,SAINTCREW,P라인 데님 롱스커트 LLS-1309 블랙데님,98000,88500,3,https://www.musinsa.com/app/goods/3503141?loc=goods_rank
스커트,56,Heart Cargo Skirt(Washed)-Cream,BITTERCELLS,하트 카고 스커트(워시드)-크림,88000,83600,502,https://www.musinsa.com/app/goods/3420098?loc=goods_rank
스커트,57,P00000IB,CLOVERGARDEN,썸머 블룸 플리츠 스커트_포카리 블루,98000,78400,60,https://www.musinsa.com/app/goods/3354506?loc=goods_rank
스커트,58,P0000ELP,MANGO MANY PLEASE,PEONY SATIN SKIRT (2colors),"
                                                                                                                                                74000",74000,11,https://www.musinsa.com/app/goods/3528370?loc=goods_rank
스커트,59,m1037_1103940,ANOETIC,A-LINE WASHED DENIM SKIRT_MEDIUM BLUE,85000,72250,13,https://www.musinsa.com/app/goods/3531249?loc=goods_rank
스커트,60,NWH3SK005BK,NICK&NICOLE,INVERTED BANDING LONG SKIRT_BLACK,102000,71400,100,https://www.musinsa.com/app/goods/3540091?loc=goods_rank
스커트,61,NK6NN34A,THE NORTH FACE,NK6NN34A 여성 필드 스커트,109000,71300,60,https://www.musinsa.com/app/goods/2430288?loc=goods_rank
스커트,62,5005465963,ROEM,하이웨이스트 롱 슬릿 스커트(2colors)_RMWHD49R11,"
                                                                                                                                                69900",69900,21,https://www.musinsa.com/app/goods/3476317?loc=goods_rank
스커트,63,IR9804,ADIDAS,3선 스커트 - 블랙,"
                                                                                                                                                69000",69000,2190,https://www.musinsa.com/app/goods/3399598?loc=goods_rank
스커트,64,5003396535,ATELIER NAIN,멜튼 셋업 코튼 데님 미니 스커트(SK-4823),69000,62100,14,https://www.musinsa.com/app/goods/3504485?loc=goods_rank
스커트,65,23SS1_07,HIGH SCHOOL DISCO,FOREST MIDI DENIM SKIRT_GREEN,66000,59400,2923,https://www.musinsa.com/app/goods/3135249?loc=goods_rank
스커트,66,FA23SK022,AVANT-G,Banding pleated mini skirt - BEIGE,"
                                                                                                                                                59000",59000,1,https://www.musinsa.com/app/goods/3568884?loc=goods_rank
스커트,67,MWCKS203-BK,MUSINSA STANDARD,우먼즈 카고 맥시 스커트 [블랙],"
                                                                                                                                                49900",49900,1161,https://www.musinsa.com/app/goods/2978105?loc=goods_rank
스커트,68,23SS000044,MOAA,더블카고 피치 롱 스커트 (BLACK),89900,49900,1634,https://www.musinsa.com/app/goods/3125457?loc=goods_rank
스커트,69,MIWWHD961C,MIXXO,미니 A라인 카고 스커트_MIWWHD961C,"
                                                                                                                                                49900",49900,43,https://www.musinsa.com/app/goods/3451241?loc=goods_rank
스커트,70,T3F-LSWCDS10,TOFFEE,롱 슬릿 워시드 카고 데님 스커트 (YELLOW INDIGO),69000,44850,48,https://www.musinsa.com/app/goods/3539175?loc=goods_rank
스커트,71,22SS03,AVANDRESS,LONG DENIM SKIRT LIGHT BLUE,59000,44250,5116,https://www.musinsa.com/app/goods/2390967?loc=goods_rank
스커트,72,MWAKS502-CG,MUSINSA STANDARD,우먼즈 플리츠 미디 스커트 [차콜 그레이],"
                                                                                                                                                43900",43900,1964,https://www.musinsa.com/app/goods/2117254?loc=goods_rank
스커트,73,MWAKS502-MR,MUSINSA STANDARD,우먼즈 플리츠 미디 스커트 [미디엄 그레이],"
                                                                                                                                                43900",43900,1079,https://www.musinsa.com/app/goods/2257612?loc=goods_rank
스커트,74,MWBNK301-WC,MUSINSA STANDARD,우먼즈 프론트 슬릿 데님 롱 스커트 [워시드 블랙],"
                                                                                                                                                43900",43900,2805,https://www.musinsa.com/app/goods/2448899?loc=goods_rank
스커트,75,MWBNK301-GR,MUSINSA STANDARD,우먼즈 프론트 슬릿 데님 롱 스커트 [그레이],"
                                                                                                                                                43900",43900,1832,https://www.musinsa.com/app/goods/2448902?loc=goods_rank
스커트,76,MWBKS701-CR,MUSINSA STANDARD,우먼즈 코듀로이 플리츠 미니 스커트 [크림],"
                                                                                                                                                43900",43900,247,https://www.musinsa.com/app/goods/3285423?loc=goods_rank
스커트,77,10701,PHILOGRAM,카터블루 데님 스커트,67000,40200,469,https://www.musinsa.com/app/goods/2064601?loc=goods_rank
스커트,78,TRTHSUNK06WC3,TRAVEL,워크샵 지퍼 포켓 스커트 라이트 그레이,59000,39900,1211,https://www.musinsa.com/app/goods/3233107?loc=goods_rank
스커트,79,MIWWHD701G,MIXXO,아일렛 롱 스커트_MIWWHD701G,59900,39900,59,https://www.musinsa.com/app/goods/3351228?loc=goods_rank
스커트,80,22FW04,AVANDRESS,Chic Slit Mini Skirt BLACK,49000,39200,2683,https://www.musinsa.com/app/goods/2835779?loc=goods_rank
스커트,81,T3S-CEBSS06,TOFFEE,크런치 이지 밴딩 스트링 스커트 (KHAKI),59000,39000,449,https://www.musinsa.com/app/goods/3198561?loc=goods_rank
스커트,82,MDK_7953_33_22A,MAGOODGAN,W 제클린 7953 넌페이드 다크인디고 A라인 미니스커트,59500,38600,1975,https://www.musinsa.com/app/goods/2344052?loc=goods_rank
스커트,83,MWAKS308-BK,MUSINSA STANDARD,우먼즈 하이 웨이스트 슬릿 롱 스커트 [블랙],"
                                                                                                                                                37900",37900,10428,https://www.musinsa.com/app/goods/1931894?loc=goods_rank
스커트,84,MWAKS504-GR,MUSINSA STANDARD,우먼즈 하이 웨이스트 롱 스커트 [그레이],"
                                                                                                                                                37900",37900,1470,https://www.musinsa.com/app/goods/2117257?loc=goods_rank
스커트,85,MWBKS203-GR,MUSINSA STANDARD,우먼즈 슬릿 미니 스코츠 [그레이],"
                                                                                                                                                37900",37900,2093,https://www.musinsa.com/app/goods/2551402?loc=goods_rank
스커트,86,FRK-1329,FRANKENMONO,마카롱 트레이닝 카고 밴딩 스커트,70000,36900,1416,https://www.musinsa.com/app/goods/3112545?loc=goods_rank
스커트,87,22FW04,AVANDRESS,Quilting Long Denim Skirt BLACK,72000,35280,9724,https://www.musinsa.com/app/goods/2836351?loc=goods_rank
스커트,88,WR2202SR80IM,WRANGLER,해비트윌 밑단데끼 스커트 인디고 미디움,69000,34500,14,https://www.musinsa.com/app/goods/2585877?loc=goods_rank
스커트,89,21AV020,AVANDRESS,POCKET LONG BANDING SKIRT BLACK,56000,33600,3447,https://www.musinsa.com/app/goods/1977234?loc=goods_rank
스커트,90,F222SK41MRF,FIVELINE,LIP 슬릿 롱 스커트 마룬,103000,32960,15,https://www.musinsa.com/app/goods/2698465?loc=goods_rank
스커트,91,19HGSK04,HUMANGALLERY,버튼 플레어스커트_베이지,79000,31600,242,https://www.musinsa.com/app/goods/1264564?loc=goods_rank
스커트,92,CBPG6291D0D,CHASECULT,여성 데님 스커트-CBPG6291D0D,79900,29900,193,https://www.musinsa.com/app/goods/3249061?loc=goods_rank
스커트,93,21AVV08,AVANDRESS,플리츠 슬림 스커트 블랙,45000,29700,5106,https://www.musinsa.com/app/goods/1955949?loc=goods_rank
스커트,94,MWANK301-BK,MUSINSA STANDARD,우먼즈 데님 미니 스커트 [블랙],36900,29490,2631,https://www.musinsa.com/app/goods/2362073?loc=goods_rank
스커트,95,MWJKL602-BK,MUSINSA STANDARD,우먼즈 하이 웨이스트 펜슬 스커트 [블랙],37900,26490,1894,https://www.musinsa.com/app/goods/1659998?loc=goods_rank
스커트,96,MIWWHD60QG,MIXXO,플리츠 미니 스커트_WHD50QG RE_MIWWHD60QG,49900,19900,141,https://www.musinsa.com/app/goods/3313556?loc=goods_rank
스커트,97,PBBF-WSKW066,PIGMENT,플리츠 체크스커트(PBBF-WSKW066),39000,19500,96,https://www.musinsa.com/app/goods/2959624?loc=goods_rank
스커트,98,22AWB-03B,LYF,베이직 플레어스커트-블랙,93000,93000,39,https://www.musinsa.com/app/goods/2847868?loc=goods_rank
스커트,99,22AWB-03W,LYF,베이직 플레어스커트-화이트,93000,93000,49,https://www.musinsa.com/app/goods/2848029?loc=goods_rank
스커트,100,SW4SR81,SOUP,솔리드 기본 스커트(SW4SR81),99000,99000,19,https://www.musinsa.com/app/goods/3395305?loc=goods_rank
