﻿카테고리,순위,품번,브랜드명,상품명(한글),판매가,비회원가,좋아요 수,URL
신발,1,25764001,DR.MARTENS,닥스 블랙 하이드로 슬리퍼,150000,60000,4354,https://www.musinsa.com/app/goods/1810759?loc=goods_rank
신발,2,WTRD1203,WETHEROAD,WTRD1203 클리프 스퀘어토 4홀 더비슈즈 블랙 [250~290MM],89000,80100,31260,https://www.musinsa.com/app/goods/2091749?loc=goods_rank
신발,3,22YSUSL0015BK,YASE,우든 더비 슈즈 홀스하이드 블랙,198000,188100,2114,https://www.musinsa.com/app/goods/2716424?loc=goods_rank
신발,4,HS-906_BLACK,HARUTA,남성용 소가죽 페니로퍼 HS-906_BLACK,179000,161100,5984,https://www.musinsa.com/app/goods/636821?loc=goods_rank
신발,5,GY9415,ADIDAS,알파바운스 슬라이드 2.0 - 블랙:화이트,59000,44900,6748,https://www.musinsa.com/app/goods/2432733?loc=goods_rank
신발,6,PMS231MSE01T020,POSTMAN,더비 T-2 블랙,199000,179000,792,https://www.musinsa.com/app/goods/2340324?loc=goods_rank
신발,7,CR0011,CUSTOMADE,4.5cm 소가죽 코만도 첼시부츠 루틴(CR0011),99000,86800,45035,https://www.musinsa.com/app/goods/1128656?loc=goods_rank
신발,8,KNCH547,KINCHI,GRAINY - 547(a),"
                                                                                                                                                339000",339000,1799,https://www.musinsa.com/app/goods/3075621?loc=goods_rank
신발,9,RF1SHBD3SK001,ROCKFISH WEATHERWEAR,FLATFORM SCRUNCH MARYJANE(SATIN) - 4color,115000,103500,366,https://www.musinsa.com/app/goods/3527685?loc=goods_rank
신발,10,WTRD5205,WETHEROAD,WTRD5205 제롬 스퀘어토 첼시부츠 블랙 [250~290MM],99000,89100,9869,https://www.musinsa.com/app/goods/2098793?loc=goods_rank
신발,11,KNCH503,KINCHI,RAWWW-503 (a),"
                                                                                                                                                269000",269000,221,https://www.musinsa.com/app/goods/3392108?loc=goods_rank
신발,12,RF1SHBD1RB011,ROCKFISH WEATHERWEAR,FLATFORM RAIN BOOTS MIDDLE - 6color,139000,125100,25089,https://www.musinsa.com/app/goods/3134606?loc=goods_rank
신발,13,1116109SAN,UGG,UGG 스웨이드 레더 미니 부츠 (클래식 울트라 미니) W - 샌드,"
                                                                                                                                                218000",218000,3770,https://www.musinsa.com/app/goods/2733844?loc=goods_rank
신발,14,Comma 1,VATOZ,Comma 1,239000,215100,329,https://www.musinsa.com/app/goods/1672354?loc=goods_rank
신발,15,JOS141BL,JOSEPHT,PAUL,"
                                                                                                                                                99000",99000,4489,https://www.musinsa.com/app/goods/1438359?loc=goods_rank
신발,16,5000226105,SHOOPEN,스윗버튼 메리제인 1.0  HPWWFD4901,"
                                                                                                                                                29900",29900,2033,https://www.musinsa.com/app/goods/2777084?loc=goods_rank
신발,17,2NDF2200GB,FIRENZE ATELIER,SECOND.A 스탠다드 라운드토 더비슈즈 2NDF2200GB [BLACK],98000,88200,2216,https://www.musinsa.com/app/goods/2143835?loc=goods_rank
신발,18,MF2691,MIAMIPROJECT,MF 2691 단테 소가죽 3홀 더비 구두 밴타블랙,114000,55500,3656,https://www.musinsa.com/app/goods/1215285?loc=goods_rank
신발,19,RCDS20,BUTTON SEOUL,어글리 대디 매쉬 운동화 (트리플 블랙),76000,53800,1540,https://www.musinsa.com/app/goods/3416013?loc=goods_rank
신발,20,27349001,DR.MARTENS,제이든 LTT 하이 스웨이드 블랙,280000,168000,2129,https://www.musinsa.com/app/goods/2511578?loc=goods_rank
신발,21,RF1SHBD3FL004,ROCKFISH WEATHERWEAR,BELLA QUILTED MARYJANE - 6color,83000,74700,4418,https://www.musinsa.com/app/goods/2789983?loc=goods_rank
신발,22,BRCB - 2,BRANS,시티 보이 - 샌드,179000,143200,5605,https://www.musinsa.com/app/goods/1973858?loc=goods_rank
신발,23,MMAFL005-BK,MUSINSA STANDARD,플레인 더비 슈즈 [블랙],"
                                                                                                                                                99900",99900,7189,https://www.musinsa.com/app/goods/2101924?loc=goods_rank
신발,24,DFSO3101BK,DRAW FIT,라운드 토 모노 더비 슈즈 [BLACK],144000,129600,328,https://www.musinsa.com/app/goods/3052434?loc=goods_rank
신발,25,27696212,DR.MARTENS,2046 리펠로 스웨이드 다크 브라운,210000,126000,897,https://www.musinsa.com/app/goods/2814392?loc=goods_rank
신발,26,HA2378,HALTEALLEZ,니하이 플랫폼 스판 부츠 HA2378,224000,123250,7,https://www.musinsa.com/app/goods/3561605?loc=goods_rank
신발,27,5003924063,23.65,BAGUETTE BLACK,79000,34900,3230,https://www.musinsa.com/app/goods/3143035?loc=goods_rank
신발,28,CW0002,CUSTOMADE WOMAN,3/5/7cm 포인티드토 통굽힐 라비나(CW0002),59000,53100,831,https://www.musinsa.com/app/goods/3082249?loc=goods_rank
신발,29,2NDS010B,FIRENZE ATELIER,SECOND.A 더블라인 베이직 레더샌들 2NDS010B [BLACK],73000,54750,3447,https://www.musinsa.com/app/goods/1912404?loc=goods_rank
신발,30,WTRD1602-1,WETHEROAD,WTRD1602-1 마스 볼륨 스퀘어토 2홀 왈라비 더비슈즈 베이지 [240~280mm],109000,98100,4553,https://www.musinsa.com/app/goods/3128322?loc=goods_rank
신발,31,2171296,SALT AND CHOCOLATE,(샤틴안감/기모안감) 라운드 토 메리제인 플랫  (1cm/4colors+3colors),79000,47400,5879,https://www.musinsa.com/app/goods/2611574?loc=goods_rank
신발,32,27710305,DR.MARTENS,스미스,200000,95000,390,https://www.musinsa.com/app/goods/2913896?loc=goods_rank
신발,33,MMBFL103-BK,MUSINSA STANDARD,와이드 플레인 더비 슈즈 [블랙],109900,93390,568,https://www.musinsa.com/app/goods/2731464?loc=goods_rank
신발,34,JLSO3F257BK,JILL BY JILLSTUART,[리버] 블랙 플랫폼 로퍼,98000,88200,2501,https://www.musinsa.com/app/goods/3027317?loc=goods_rank
신발,35,TDN2245L,TDN,LEOS 와이드 부츠 TDN2245L,109000,87200,934,https://www.musinsa.com/app/goods/2769709?loc=goods_rank
신발,36,CR0068,CUSTOMADE,4cm 소가죽 에센셜 더비슈즈 빈센트(CR0068),109000,87200,183,https://www.musinsa.com/app/goods/2837208?loc=goods_rank
신발,37,5003997468,GAP,소프트 워킹 슬리퍼(샌드),"
                                                                                                                                                24900",24900,3075,https://www.musinsa.com/app/goods/3115870?loc=goods_rank
신발,38,WTRD1104,WETHEROAD,WTRD1104 올리버 4홀 골프더비슈즈 매트블랙 [240~300MM],89000,80100,5142,https://www.musinsa.com/app/goods/1127930?loc=goods_rank
신발,39,XYAOA6140_BK,CESTI,캐쥬얼 하이탑 워커솔 로퍼 (BLACK),99000,74250,6052,https://www.musinsa.com/app/goods/2145304?loc=goods_rank
신발,40,176885,OOFOS,OORIGINAL BLACK - 조리 블랙,"
                                                                                                                                                69000",69000,69619,https://www.musinsa.com/app/goods/1092992?loc=goods_rank
신발,41,MDWSUNNR,MEDUSE,우먼즈 샌들 SUN - Noir,45000,36000,9378,https://www.musinsa.com/app/goods/1955807?loc=goods_rank
신발,42,FLOTDA2U43,OTZ,아쥬 클로그 FLOTDA2U43,"
                                                                                                                                                69900",69900,414,https://www.musinsa.com/app/goods/3320761?loc=goods_rank
신발,43,LCMC41M313,ELCANTO,마쯔 남성 소가죽 드라이빙 슈즈 1cm LCMC41M313,179000,58650,24,https://www.musinsa.com/app/goods/3021440?loc=goods_rank
신발,44,Forik,LOSTGARDEN,Forik_bl,"
                                                                                                                                                295000",295000,8301,https://www.musinsa.com/app/goods/1952910?loc=goods_rank
신발,45,Dive_beige,LOSTGARDEN,Dive_beige,"
                                                                                                                                                295000",295000,8397,https://www.musinsa.com/app/goods/2910082?loc=goods_rank
신발,46,5004042270,23.65,BISBEE 2-PACK,138000,138000,3572,https://www.musinsa.com/app/goods/3280404?loc=goods_rank
신발,47,2NDF2700GB,FIRENZE ATELIER,SECOND.A 볼륨 라운드토 5CM 더비슈즈 2NDF2700GB [BLACK],102000,91800,16240,https://www.musinsa.com/app/goods/2433538?loc=goods_rank
신발,48,B41720,ADIDAS,알파바운스 슬라이드 - 블랙,59000,49900,7932,https://www.musinsa.com/app/goods/968929?loc=goods_rank
신발,49,11001SM01972F896,FILA,드리프터 튜브 v2(1SM01972F896),"
                                                                                                                                                49000",49000,82,https://www.musinsa.com/app/goods/3033606?loc=goods_rank
신발,50,23SUCL11016_Z100,CROCS,공용 CROCBAND WT (23SUCL11016),64900,57100,6278,https://www.musinsa.com/app/goods/3049328?loc=goods_rank
신발,51,HQ9915,ADIDAS,아디케인 슬라이드 - 블랙,55000,41900,1216,https://www.musinsa.com/app/goods/3008037?loc=goods_rank
신발,52,LCMD11M111,ELCANTO,남성 포인트 컴포트화 4cm,129000,41650,9,https://www.musinsa.com/app/goods/1761737?loc=goods_rank
신발,53,14345001,DR.MARTENS,1461 3홀 모노 블랙,"
                                                                                                                                                210000",210000,27529,https://www.musinsa.com/app/goods/595040?loc=goods_rank
신발,54,5002310587,SHOOPEN,[EVA] 데일리 롱 버클 레인부츠 HPCV7D382W,49900,39900,992,https://www.musinsa.com/app/goods/3227723?loc=goods_rank
신발,55,5003055587,SHOOPEN,U팁 볼드 라운드 단화 2.5 HPWWVDA902,"
                                                                                                                                                39900",39900,276,https://www.musinsa.com/app/goods/3397096?loc=goods_rank
신발,56,5006013442,ALDO,QUEILES/001Black,139000,39000,4,https://www.musinsa.com/app/goods/3437146?loc=goods_rank
신발,57,22YSUSL0019MK,YASE,카우하이드 벨로S 모카,109000,103550,2625,https://www.musinsa.com/app/goods/2716430?loc=goods_rank
신발,58,IE9697,ADIDAS,아디케인 플립플랍 - 화이트,45000,29900,14115,https://www.musinsa.com/app/goods/3178202?loc=goods_rank
신발,59,11,MORL HOME,[선물포장] 몰랑 룸슈즈 4디자인,"
                                                                                                                                                29000",29000,770,https://www.musinsa.com/app/goods/2877814?loc=goods_rank
신발,60,744586,SHOOPEN,[핏더사이즈X슈펜] Seku-shi(세쿠시) 첼시 부읏츠  BYTM20W12,159000,143100,34656,https://www.musinsa.com/app/goods/1568047?loc=goods_rank
신발,61,203209051,ROMANTIC MOVE,[삭형x로맨틱무브] 세미 스퀘어토 키높이 더비 R23M350 (블랙),189000,139800,552,https://www.musinsa.com/app/goods/3531650?loc=goods_rank
신발,62,쿠션인솔,NOMADISTA,기능성 쿠션 인솔,24500,19600,38,https://www.musinsa.com/app/goods/3033443?loc=goods_rank
신발,63,26964001,DR.MARTENS,2976 하이 스무스 블랙,260000,130000,4880,https://www.musinsa.com/app/goods/2036674?loc=goods_rank
신발,64,970458,GAP,소프트 워킹 슬리퍼(카키),"
                                                                                                                                                24900",24900,1635,https://www.musinsa.com/app/goods/2306628?loc=goods_rank
신발,65,104913-NEGRO,VICTORIA SHOES,오다 메리제인 (104913-NEGRO),79000,67150,21246,https://www.musinsa.com/app/goods/1699941?loc=goods_rank
신발,66,KNCH818,KINCHI,NONSHOWER - 818 (a),"
                                                                                                                                                239000",239000,603,https://www.musinsa.com/app/goods/3276443?loc=goods_rank
신발,67,Phillip,MAC MOC,Phillip 청키 볼드창 롱부츠 워커 4Cm,129000,58850,4984,https://www.musinsa.com/app/goods/2190788?loc=goods_rank
신발,68,FLFDDS2U31,FOLDERLABEL,스쿼럴 클로그 FLFDDS2U31,29900,19900,241,https://www.musinsa.com/app/goods/3332974?loc=goods_rank
신발,69,1016223CHE,UGG,오버로크 스티치 숏 부츠 (클래식 숏 II) W - 체스넛,278000,222400,5961,https://www.musinsa.com/app/goods/2042868?loc=goods_rank
신발,70,2NDF3100GB,FIRENZE ATELIER,SECOND.A 볼드쉐입 미니멀 더비슈즈 2NDF3100GB [BLACK],103000,92700,4272,https://www.musinsa.com/app/goods/2737420?loc=goods_rank
신발,71,BA8775,ADIDAS,알파바운스 슬라이드 - 블랙:화이트,59000,49900,25852,https://www.musinsa.com/app/goods/497858?loc=goods_rank
신발,72,S1912099SS23,GANNI,여성 시티 부츠 - 블랙,325000,186000,256,https://www.musinsa.com/app/goods/3279875?loc=goods_rank
신발,73,5955CHE,UGG,스티치 칼라 슈즈 (타스만) W - 체스넛,"
                                                                                                                                                178000",178000,1633,https://www.musinsa.com/app/goods/2116349?loc=goods_rank
신발,74,1122553CHE,UGG,스티치 칼라 플랫폼 슬리퍼 (타즈) W - 체스넛,"
                                                                                                                                                178000",178000,1051,https://www.musinsa.com/app/goods/2679789?loc=goods_rank
신발,75,MMBFB872-BK,MUSINSA STANDARD,라운드 스퀘어 첼시 부츠 [블랙],"
                                                                                                                                                159900",159900,8006,https://www.musinsa.com/app/goods/2816816?loc=goods_rank
신발,76,174574,OOFOS,OOAHH BLACK - 슬리퍼 블랙,"
                                                                                                                                                69000",69000,7693,https://www.musinsa.com/app/goods/1129750?loc=goods_rank
신발,77,1012,ROMANTIC MOVE,셀렉션 스퀘어토 첼시 부츠 R21M025 (블랙),198000,152000,11637,https://www.musinsa.com/app/goods/1548618?loc=goods_rank
신발,78,655,ROMANTIC MOVE,뉴탐페레 첼시 부츠 R17M077 (블랙),198000,148000,27000,https://www.musinsa.com/app/goods/685185?loc=goods_rank
신발,79,30605001,DR.MARTENS,스미스 웨스트민스터 블랙,240000,120000,360,https://www.musinsa.com/app/goods/3171843?loc=goods_rank
신발,80,BA003BK,ACTPLUS,얼라인플러스 블립온 트루 블랙,62000,52700,760,https://www.musinsa.com/app/goods/2288506?loc=goods_rank
신발,81,Quebec Mocca Loafer- Brown,LASLOW,퀘벡 모카 로퍼 - Brown,129000,116000,817,https://www.musinsa.com/app/goods/3170154?loc=goods_rank
신발,82,jos231,JOSEPHT,2314 BLACK,162000,113000,310,https://www.musinsa.com/app/goods/3207229?loc=goods_rank
신발,83,720762W1S8E1000SS23,BALENCIAGA,여성 발렌시아가 X 크록스 플랫폼 클로그 샌들 - 블랙,900000,450000,43,https://www.musinsa.com/app/goods/3436489?loc=goods_rank
신발,84,Z-FF-BLAJ,TAW&TOE,플립플랍 Zerovity OG 블랙,"
                                                                                                                                                49000",49000,42483,https://www.musinsa.com/app/goods/1439527?loc=goods_rank
신발,85,2NDF4300GB,FIRENZE ATELIER,[SECOND.A] Minimal Square Toe Zip-up Boots_2NDF4300GB,117000,105300,146,https://www.musinsa.com/app/goods/3450472?loc=goods_rank
신발,86,BA07010149,BALLOP,에어쿠션 인솔,"
                                                                                                                                                8900",8900,1237,https://www.musinsa.com/app/goods/1895658?loc=goods_rank
신발,87,XAAOA6255_BK,CESTI,업 투빅 체인 플랫폼 로퍼 (BLACK),119000,101150,2879,https://www.musinsa.com/app/goods/2778775?loc=goods_rank
신발,88,2NDF2300GB,FIRENZE ATELIER,SECOND.A 스탠다드 라운드토 첼시부츠 2NDF2300GB [BLACK],108000,97200,13774,https://www.musinsa.com/app/goods/2143833?loc=goods_rank
신발,89,2NDF2800GB,FIRENZE ATELIER,SECOND.A 벌룬 더비슈즈 2NDF2800GB [BLACK],105000,94500,10837,https://www.musinsa.com/app/goods/2518112?loc=goods_rank
신발,90,KNCH547V,KINCHI,GRAINY - 547(a) VIBRAM,"
                                                                                                                                                364000",364000,425,https://www.musinsa.com/app/goods/3417694?loc=goods_rank
신발,91,1501,BSQT by Classy,W1501 베네치아 페니 로퍼 모노블랙,76000,36900,1078,https://www.musinsa.com/app/goods/1722661?loc=goods_rank
신발,92,A3207COFW23,OUR LEGACY,남성 카미온 부츠 - 올리브,685000,330000,15,https://www.musinsa.com/app/goods/3495477?loc=goods_rank
신발,93,LRCWVD3B5085,LORENZO BANFI,베르디 더비슈즈 스웨이드 다크브라운 (홍창),"
                                                                                                                                                319000",319000,59,https://www.musinsa.com/app/goods/3211338?loc=goods_rank
신발,94,CO2200SN03BE,COVERNAT,C-LOG 베이지,69000,34500,462,https://www.musinsa.com/app/goods/2847999?loc=goods_rank
신발,95,0191BB,MIAMIPROJECT,0191 아르데코 소가죽 3홀 더비 구두 밴타블랙,100000,76000,9620,https://www.musinsa.com/app/goods/1020993?loc=goods_rank
신발,96,INDIGO,TAGTRAUME,Indigo - 첼시 롱 부츠,95000,76000,2577,https://www.musinsa.com/app/goods/2778497?loc=goods_rank
신발,97,23SUCL209366_Z160,CROCS,공용 DYLAN CLOG STUCCO (23SUCL209366),"
                                                                                                                                                74900",74900,10,https://www.musinsa.com/app/goods/3549554?loc=goods_rank
신발,98,RF1SHBD1RB009,ROCKFISH WEATHERWEAR,ORIGINAL RAIN BOOTS SHORT - 8color,87000,73950,24564,https://www.musinsa.com/app/goods/3062046?loc=goods_rank
신발,99,RF1SHBC3FL006BK,ROCKFISH WEATHERWEAR,벨라 퀼티드 플랫  - BLACK,81000,72900,1044,https://www.musinsa.com/app/goods/2744890?loc=goods_rank
신발,100,26205001,DR.MARTENS,2976 벡스 블랙,"
                                                                                                                                                280000",280000,3233,https://www.musinsa.com/app/goods/2138088?loc=goods_rank
