﻿카테고리,순위,품번,브랜드명,상품명(한글),판매가,비회원가,좋아요 수,URL
컬쳐,1,13956905,NEW ERA,뉴에라 FW 마스코트 팔로 X 발란사 피규어 13956905,"
                                                                                                                                                16000",16000,7,https://www.musinsa.com/app/goods/3574319?loc=goods_rank
컬쳐,2,B100R S/BK,HEXGUITARS,B100 RS/BK 로즈우드지판 베이스기타,"
                                                                                                                                                299495",299495,28,https://www.musinsa.com/app/goods/3512905?loc=goods_rank
컬쳐,3,SKZBUDS2PROED,SLBS,갤럭시 버즈2 프로 스트레이 키즈 에디션,"
                                                                                                                                                299000",299000,94,https://www.musinsa.com/app/goods/3455935?loc=goods_rank
컬쳐,4,그라운드시소 센트럴_이경준,GROUNDSEESAW,이경준 사진전: 원 스텝 어웨이,15000,9000,97,https://www.musinsa.com/app/goods/3545589?loc=goods_rank
컬쳐,5,PM20FAC011PP,THISISNEVERTHAT,PKM Penteom Plush Purple,29000,14500,912,https://www.musinsa.com/app/goods/1726915?loc=goods_rank
컬쳐,6,poster1,PHYSICAL EDUCATION DEPARTMENT,PHYS.ED.DEPT® FOREST KEEPER BEAR POSTER,109000,109000,74,https://www.musinsa.com/app/goods/1790039?loc=goods_rank
컬쳐,7,poster2,PHYSICAL EDUCATION DEPARTMENT,PHYS.ED.DEPT® BOTANICAL DESIGN ART GALLERY POSTER,109000,43600,53,https://www.musinsa.com/app/goods/1790040?loc=goods_rank
컬쳐,8,poster3,PHYSICAL EDUCATION DEPARTMENT,PHYS.ED.DEPT® FOOTBALL ART GALLERY POSTER,109000,109000,36,https://www.musinsa.com/app/goods/1790041?loc=goods_rank
컬쳐,9,P00000FI,FLICT,포에버 얼론 유광 포스터(A2 Size),"
                                                                                                                                                12000",12000,513,https://www.musinsa.com/app/goods/2183628?loc=goods_rank
컬쳐,10,E100 S/SG,HEXGUITARS,입문용 일렉 기타 E100 S/SG,"
                                                                                                                                                289340",289340,270,https://www.musinsa.com/app/goods/2189168?loc=goods_rank
컬쳐,11,8822202110006,BALLOON FRIENDS,스윗베어 토이 POSTER  포스터 A4. A3. A2,"
                                                                                                                                                3000",3000,84,https://www.musinsa.com/app/goods/2230996?loc=goods_rank
컬쳐,12,fulab_2135,FUTURE LAB,Future Pen Custom Package,"
                                                                                                                                                20000",20000,1647,https://www.musinsa.com/app/goods/2243599?loc=goods_rank
컬쳐,13,87MMG005,MMLG,[팔칠엠엠 일상체] Moment By Moment We say No Concept But Good Sense,"
                                                                                                                                                50000",50000,181,https://www.musinsa.com/app/goods/2285117?loc=goods_rank
컬쳐,14,P00000GT,FLICT,마이 아쿠아리움 유광 포스터(A2 Size),"
                                                                                                                                                12000",12000,1022,https://www.musinsa.com/app/goods/2329231?loc=goods_rank
컬쳐,15,22S05_AC_HH_YE,BIGWAVE COLLECTIVE,OGLS HAPPY HOLDER (YELLOW,18000,10800,156,https://www.musinsa.com/app/goods/2594888?loc=goods_rank
컬쳐,16,E300 G/BG,HEXGUITARS,일렉 기타 E300 G/BG 블루 그린 스트라토캐스터,"
                                                                                                                                                370558",370558,58,https://www.musinsa.com/app/goods/2680261?loc=goods_rank
컬쳐,17,E300 S/SF,HEXGUITARS,일렉 기타 E300 S/SF 사파리그린 스트라토캐스터,"
                                                                                                                                                370558",370558,114,https://www.musinsa.com/app/goods/2680321?loc=goods_rank
컬쳐,18,fulab_2135-2,FUTURE LAB,Future Pen Custom Package (10mm),"
                                                                                                                                                38000",38000,68,https://www.musinsa.com/app/goods/2810811?loc=goods_rank
컬쳐,19,0LM22FAC123BLK,LMC,LMC SCARY BEAR DOLL black,"
                                                                                                                                                55000",55000,699,https://www.musinsa.com/app/goods/2844613?loc=goods_rank
컬쳐,20,003,TIMCOMIX,(LIMITED EDITION) PROTECT THE SEA CANVAS,"
                                                                                                                                                1400000",1400000,15,https://www.musinsa.com/app/goods/2845575?loc=goods_rank
컬쳐,21,SSLGXX312E2,SPADE CLUB SEOUL,ADOLPHE MILLOT Poster - Green 아돌프 밀러 포스터 SSLGXX312E2,25000,21250,401,https://www.musinsa.com/app/goods/2867989?loc=goods_rank
컬쳐,22,T200 SG/TBK,HEXGUITARS,T200 SG/TBK 입문용 텔레캐스터,"
                                                                                                                                                314725",314725,30,https://www.musinsa.com/app/goods/2868931?loc=goods_rank
컬쳐,23,0LM22FAC103YLW,LMC,LMC X PLASTIC ARK FLOWERPOT yellow,"
                                                                                                                                                48000",48000,401,https://www.musinsa.com/app/goods/2884506?loc=goods_rank
컬쳐,24,0LM22FAC103SBL,LMC,LMC X PLASTIC ARK FLOWERPOT sky blue,"
                                                                                                                                                48000",48000,295,https://www.musinsa.com/app/goods/2884507?loc=goods_rank
컬쳐,25,PB382,PRINT BAKERY,[브릿지쉽하우스] NEW MISS 13,"
                                                                                                                                                480000",480000,14,https://www.musinsa.com/app/goods/2925801?loc=goods_rank
컬쳐,26,5000759534,TAMIYA,[95517] Hyundai i20 Coupe WRC (MA),"
                                                                                                                                                15600",15600,21,https://www.musinsa.com/app/goods/2940571?loc=goods_rank
컬쳐,27,ARTBPSM0001,PRINT BAKERY,[박선민] 리보틀 고블렛잔 세트,"
                                                                                                                                                220000",220000,32,https://www.musinsa.com/app/goods/3001292?loc=goods_rank
컬쳐,28,ARTBJSG0044,PRINT BAKERY,[전상근] 흑자 고블렛잔 세트,"
                                                                                                                                                130000",130000,61,https://www.musinsa.com/app/goods/3001417?loc=goods_rank
컬쳐,29,JJ_Spheric Mickey Large,CCOC,제임스 자비스 Spheric Mickey Large (Edition of 25),"
                                                                                                                                                20000000",20000000,45,https://www.musinsa.com/app/goods/3034097?loc=goods_rank
컬쳐,30,YK23SSLI01,WAIKEI,말티즈 크루 무광 포스터 A3,12000,9600,499,https://www.musinsa.com/app/goods/3041162?loc=goods_rank
컬쳐,31,P00000JE,FLICT,젬스톤 유광 포스터(A2 Size),"
                                                                                                                                                12000",12000,81,https://www.musinsa.com/app/goods/3073489?loc=goods_rank
컬쳐,32,0LM23SAC416NON,LMC,LMC X KAKAO friends Collab_Sticker,"
                                                                                                                                                5000",5000,99,https://www.musinsa.com/app/goods/3161283?loc=goods_rank
컬쳐,33,E100PLUS,HEXGUITARS,입문용 일렉기타 E100 PLUS,"
                                                                                                                                                314725",314725,236,https://www.musinsa.com/app/goods/3205936?loc=goods_rank
컬쳐,34,MAGAZINE,MARIE CLAIRE FASHION SHOWS,마리끌레르 패션쇼즈 2023 S/S & F/W COLLECTION,"
                                                                                                                                                20000",20000,34,https://www.musinsa.com/app/goods/3274104?loc=goods_rank
컬쳐,35,그라운드시소 서촌_문도 멘도,GROUNDSEESAW,문도 멘도 : 판타스틱 시티 라이프,"
                                                                                                                                                15000",15000,665,https://www.musinsa.com/app/goods/3275901?loc=goods_rank
컬쳐,36,DU23SW7004BK,DTHIRTYONE,Signalboy Dit Figure,19000,18050,90,https://www.musinsa.com/app/goods/3280646?loc=goods_rank
컬쳐,37,1,"RAOUL DUFY, La Mélodie du bonheu",[성인]더현대서울 프랑스국립현대미술관전,"
                                                                                                                                                20000",20000,193,https://www.musinsa.com/app/goods/3312526?loc=goods_rank
컬쳐,38,20230531,SNEAKERS UNBOXED SEOUL,스니커즈 언박스드 서울,"
                                                                                                                                                15000",15000,127,https://www.musinsa.com/app/goods/3317072?loc=goods_rank
컬쳐,39,B100M S/PPK,HEXGUITARS,B100 MS/PPK 메이플지판 베이스기타,"
                                                                                                                                                299495",299495,67,https://www.musinsa.com/app/goods/3325744?loc=goods_rank
컬쳐,40,B100M S/PBL,HEXGUITARS,B100 MS/PBL 메이플지판 베이스기타,"
                                                                                                                                                299495",299495,50,https://www.musinsa.com/app/goods/3325930?loc=goods_rank
컬쳐,41,3T-0288,3130STUDIO,마이 벌스데이  캣 포스터,"
                                                                                                                                                14900",14900,67,https://www.musinsa.com/app/goods/3346778?loc=goods_rank
컬쳐,42,5004911821,ASMODEE,세트업 보드게임 추상전략 타일놓기,"
                                                                                                                                                33600",33600,,https://www.musinsa.com/app/goods/3380578?loc=goods_rank
컬쳐,43,5005003807,BELLYGOM,빅 벨리곰 스탠딩 인형,"
                                                                                                                                                72000",72000,41,https://www.musinsa.com/app/goods/3386307?loc=goods_rank
컬쳐,44,0LM23FAC111NON,LMC,STICKER PACK none,"
                                                                                                                                                13000",13000,262,https://www.musinsa.com/app/goods/3432187?loc=goods_rank
컬쳐,45,그라운드시소 성수_스티키,GROUNDSEESAW,[얼리버드]스티키몬스터랩: 스틸 라이프,15000,9000,169,https://www.musinsa.com/app/goods/3440114?loc=goods_rank
컬쳐,46,none,THE COLOR RUN,[2차 티켓] 2023 THE COLOR RUN,"
                                                                                                                                                80000",80000,201,https://www.musinsa.com/app/goods/3452343?loc=goods_rank
컬쳐,47,PWIKR450467,WIGGLE WIGGLE,일회용 카메라,36000,32800,206,https://www.musinsa.com/app/goods/3458693?loc=goods_rank
컬쳐,48,11070492,사바이사바이,유럽시리즈 아트 포스터 [A4/마켓] 오페라마켓 꽃다발,"
                                                                                                                                                7900",7900,19,https://www.musinsa.com/app/goods/3462607?loc=goods_rank
컬쳐,49,1,ZANDARI FESTA,잔다리 페스타 1일권 - 10.6,"
                                                                                                                                                66000",66000,48,https://www.musinsa.com/app/goods/3494413?loc=goods_rank
컬쳐,50,1,ZANDARI FESTA,잔다리 페스타 1일권 - 10.7,"
                                                                                                                                                66000",66000,29,https://www.musinsa.com/app/goods/3494421?loc=goods_rank
컬쳐,51,1,ZANDARI FESTA,잔다리 페스타 2일권 - 10.6 ~ 10.7,132000,99000,24,https://www.musinsa.com/app/goods/3494424?loc=goods_rank
컬쳐,52,8809946770501,MR.DONOTHING,두낫띵 랜덤 피규어 - Neighborhood series01 (Random),"
                                                                                                                                                16000",16000,32,https://www.musinsa.com/app/goods/3511613?loc=goods_rank
컬쳐,53,LD06GD5216MT,LARRY CLARK,TULSA ON THE WALL POSTER,"
                                                                                                                                                25000",25000,24,https://www.musinsa.com/app/goods/3538643?loc=goods_rank
컬쳐,54,U2ECU3308RE,UFC SPORT,UFC X 나무13 짐 포스터 레드 U2ECU3308RE,13000,12350,13,https://www.musinsa.com/app/goods/3561315?loc=goods_rank
컬쳐,55,U2ECU3307BL,UFC SPORT,UFC X 나무13 루트66 포스터 블루 U2ECU3307BL,13000,12350,4,https://www.musinsa.com/app/goods/3561316?loc=goods_rank
컬쳐,56,U2ECU3306BK,UFC SPORT,UFC X 나무13 라스베가스 포스터 블랙 U2ECU3306BK,13000,12350,8,https://www.musinsa.com/app/goods/3561320?loc=goods_rank
컬쳐,57,8809905895948,BALLOON FRIENDS,WTF 정사각 포스터,"
                                                                                                                                                7500",7500,1,https://www.musinsa.com/app/goods/3573299?loc=goods_rank
컬쳐,58,8809905895856,BALLOON FRIENDS,드라마티스 페르소나이 정사각 포스터,"
                                                                                                                                                7500",7500,1,https://www.musinsa.com/app/goods/3573282?loc=goods_rank
컬쳐,59,8809905895849,BALLOON FRIENDS,런어웨이 정사각 포스터,"
                                                                                                                                                7500",7500,,https://www.musinsa.com/app/goods/3573270?loc=goods_rank
컬쳐,60,8809905895832,BALLOON FRIENDS,락 스피릿 정사각 포스터,"
                                                                                                                                                7500",7500,,https://www.musinsa.com/app/goods/3573261?loc=goods_rank
컬쳐,61,8809905895825,BALLOON FRIENDS,낫띵 이지 인 디스 월드 정사각 포스터,"
                                                                                                                                                7500",7500,,https://www.musinsa.com/app/goods/3573255?loc=goods_rank
컬쳐,62,8809905895818,BALLOON FRIENDS,낫띵 캔 스탑 어스  정사각 포스터,"
                                                                                                                                                7500",7500,1,https://www.musinsa.com/app/goods/3573247?loc=goods_rank
컬쳐,63,8809905895801,BALLOON FRIENDS,낫 루즈 스마일 정사각 포스터,"
                                                                                                                                                7500",7500,,https://www.musinsa.com/app/goods/3573241?loc=goods_rank
컬쳐,64,8809905895788,BALLOON FRIENDS,더 그레잇 이스케이프,"
                                                                                                                                                11500",11500,,https://www.musinsa.com/app/goods/3573181?loc=goods_rank
컬쳐,65,8809905895771,BALLOON FRIENDS,더 그레잇 이스케이프 A1 포스터,"
                                                                                                                                                43500",43500,,https://www.musinsa.com/app/goods/3573162?loc=goods_rank
컬쳐,66,8809905895757,BALLOON FRIENDS,"락 스피릿 A2, A3 포스터","
                                                                                                                                                11500",11500,,https://www.musinsa.com/app/goods/3573150?loc=goods_rank
컬쳐,67,8809905895740,BALLOON FRIENDS,락 스피릿 A1 포스터,"
                                                                                                                                                43500",43500,,https://www.musinsa.com/app/goods/3573131?loc=goods_rank
컬쳐,68,8809905895726,BALLOON FRIENDS,"어 피스 오브 케이크 A2, A3 포스터","
                                                                                                                                                11500",11500,,https://www.musinsa.com/app/goods/3573109?loc=goods_rank
컬쳐,69,8809905895719,BALLOON FRIENDS,어 피스 오브 케이크 A1 포스터,"
                                                                                                                                                43500",43500,,https://www.musinsa.com/app/goods/3573077?loc=goods_rank
컬쳐,70,8809905895696,BALLOON FRIENDS,"스윗 이즈 트루러브 A2, A3 포스터","
                                                                                                                                                11500",11500,,https://www.musinsa.com/app/goods/3573058?loc=goods_rank
컬쳐,71,8809905895689,BALLOON FRIENDS,스윗 이즈 트루러브 A1 포스터,"
                                                                                                                                                43500",43500,,https://www.musinsa.com/app/goods/3573045?loc=goods_rank
컬쳐,72,8809905895665,BALLOON FRIENDS,"옐로우 파라다이스 A2, A3 포스터","
                                                                                                                                                11500",11500,,https://www.musinsa.com/app/goods/3573026?loc=goods_rank
컬쳐,73,8809905895658,BALLOON FRIENDS,옐로우 파라다이스 A1 포스터,"
                                                                                                                                                43500",43500,1,https://www.musinsa.com/app/goods/3573012?loc=goods_rank
컬쳐,74,8809905895634,BALLOON FRIENDS,"낫씽 캔 스탑 어스 A2, A3 포스터","
                                                                                                                                                11500",11500,,https://www.musinsa.com/app/goods/3573002?loc=goods_rank
컬쳐,75,8809905895627,BALLOON FRIENDS,낫씽 캔 스탑 어스 A1 포스터,"
                                                                                                                                                43500",43500,,https://www.musinsa.com/app/goods/3572984?loc=goods_rank
컬쳐,76,8809905895603,BALLOON FRIENDS,"네버 포겟 투 스마일 A2, A3 포스터","
                                                                                                                                                11500",11500,,https://www.musinsa.com/app/goods/3572936?loc=goods_rank
컬쳐,77,8809905895597,BALLOON FRIENDS,네버 포겟 투 스마일 A1 포스터,"
                                                                                                                                                43500",43500,,https://www.musinsa.com/app/goods/3572921?loc=goods_rank
컬쳐,78,5004167070,KAKAO FRIENDS,춘식이는최고야 랜덤피규어ver.2,"
                                                                                                                                                12000",12000,2,https://www.musinsa.com/app/goods/3564452?loc=goods_rank
컬쳐,79,LD06GD5217MT,LARRY CLARK,WASSUP ROCKERS SKATE BOYS POSTER,"
                                                                                                                                                25000",25000,6,https://www.musinsa.com/app/goods/3556411?loc=goods_rank
컬쳐,80,U2ECU3309WH,UFC SPORT,UFC X 나무13 한강 포스터 화이트 U2ECU3309WH,13000,12350,7,https://www.musinsa.com/app/goods/3561312?loc=goods_rank
컬쳐,81,GT_ch_bs,GRAPE LAB,친환경 추석 선물세트 with 북스탠드 보름달 Deep 버전,"
                                                                                                                                                39000",39000,1,https://www.musinsa.com/app/goods/3556152?loc=goods_rank
컬쳐,82,GT_ch_bs,GRAPE LAB,친환경 추석 선물세트 with 북스탠드 초승달 Lite 버전,"
                                                                                                                                                29000",29000,,https://www.musinsa.com/app/goods/3528120?loc=goods_rank
컬쳐,83,5005803363,DEDERIT,돼지 피그미 핑꿀이  봉제 인형,"
                                                                                                                                                22900",22900,10,https://www.musinsa.com/app/goods/3545845?loc=goods_rank
컬쳐,84,5005796201,DEDERIT,잠자는 오리 패브릭 애착 쿠션 인형,"
                                                                                                                                                21900",21900,20,https://www.musinsa.com/app/goods/3544090?loc=goods_rank
컬쳐,85,5005796200,DEDERIT,나른 곰돌이  패브릭 소품 인형,"
                                                                                                                                                17900",17900,9,https://www.musinsa.com/app/goods/3544089?loc=goods_rank
컬쳐,86,5005796199,DEDERIT,곰 파자마 곰돌이 애착 봉제 인형,"
                                                                                                                                                24900",24900,6,https://www.musinsa.com/app/goods/3544088?loc=goods_rank
컬쳐,87,5005796197,DEDERIT,당근 토끼인형 애착 봉제 인형,"
                                                                                                                                                19900",19900,7,https://www.musinsa.com/app/goods/3544086?loc=goods_rank
컬쳐,88,5005796196,DEDERIT,오리 꾸덕이 애착 선물용 봉제 인형,"
                                                                                                                                                25500",25500,26,https://www.musinsa.com/app/goods/3544085?loc=goods_rank
컬쳐,89,5005796195,DEDERIT,새싹 노란 병아리 애착 선물용 봉제 인형,"
                                                                                                                                                18900",18900,20,https://www.musinsa.com/app/goods/3544084?loc=goods_rank
컬쳐,90,5005796194,DEDERIT,멍충 오리  애착 봉제 인형,"
                                                                                                                                                21900",21900,9,https://www.musinsa.com/app/goods/3544082?loc=goods_rank
컬쳐,91,5005796193,DEDERIT,오로라  곰 애착 봉제인형,"
                                                                                                                                                29900",29900,4,https://www.musinsa.com/app/goods/3544078?loc=goods_rank
컬쳐,92,5005795878,DEDERIT,모카 토끼 애착 선물용 봉제 인형,"
                                                                                                                                                27500",27500,14,https://www.musinsa.com/app/goods/3544033?loc=goods_rank
컬쳐,93,5005795877,DEDERIT,스마일 개구리 애착  봉제 인형,"
                                                                                                                                                17500",17500,16,https://www.musinsa.com/app/goods/3544032?loc=goods_rank
컬쳐,94,5005795876,DEDERIT,멍충 개구리  애착 봉제인형,"
                                                                                                                                                21900",21900,15,https://www.musinsa.com/app/goods/3544031?loc=goods_rank
컬쳐,95,5005795875,DEDERIT,벌크업 근육 복근 사자 곰 쿠션  대형 인형,"
                                                                                                                                                24500",24500,14,https://www.musinsa.com/app/goods/3544030?loc=goods_rank
컬쳐,96,5005795874,DEDERIT,토끼 뚠뚠이 애착 선물용 봉제 인형 60cm,"
                                                                                                                                                22900",22900,17,https://www.musinsa.com/app/goods/3544028?loc=goods_rank
컬쳐,97,5005795873,DEDERIT,펭귄 뚠뚠이 애착 선물용 봉제 인형 45cm,"
                                                                                                                                                22900",22900,10,https://www.musinsa.com/app/goods/3544027?loc=goods_rank
컬쳐,98,5005795872,DEDERIT,해달  애착 봉제인형,"
                                                                                                                                                23500",23500,16,https://www.musinsa.com/app/goods/3544026?loc=goods_rank
컬쳐,99,5005795871,DEDERIT,브라운 곰돌이 테디베어 애착  곰인형 35cm,"
                                                                                                                                                20900",20900,11,https://www.musinsa.com/app/goods/3544025?loc=goods_rank
컬쳐,100,5005795870,DEDERIT,닭 동물 애착 여자친구 선물 인형,"
                                                                                                                                                19900",19900,27,https://www.musinsa.com/app/goods/3544024?loc=goods_rank
