﻿카테고리,순위,품번,브랜드명,상품명(한글),판매가,비회원가,좋아요 수,URL
선글라스안경테,1,Jayce-OB267-Black Brown,ONE BRILLIANT,Jayce-OB267-Black Brown,112000,112000,1889,https://www.musinsa.com/app/goods/2474822?loc=goods_rank
선글라스안경테,2,BAUUS C1,BVH EYEWEAR,BAUUS C1,88000,29800,16143,https://www.musinsa.com/app/goods/1496749?loc=goods_rank
선글라스안경테,3,RC B019 BLACK GLASS,RECLOW,RC B019 BLACK GLASS,29000,24900,55060,https://www.musinsa.com/app/goods/1515680?loc=goods_rank
선글라스안경테,4,SMO005002,SPECS MONTANA,SMO 5-2,"
                                                                                                                                                190000",190000,3,https://www.musinsa.com/app/goods/2882306?loc=goods_rank
선글라스안경테,5,RC E374 BLACK GLASS,RECLOW,RC E374 BLACK GLASS,29000,24200,13020,https://www.musinsa.com/app/goods/1739961?loc=goods_rank
선글라스안경테,6,Damian 70s,BVH EYEWEAR,Damian 70s 블루라이트 차단 렌즈,59800,59800,2176,https://www.musinsa.com/app/goods/3233732?loc=goods_rank
선글라스안경테,7,RI-001,SEMICOLON EYEWEAR,Julien Silver Glasses,118000,64600,13,https://www.musinsa.com/app/goods/3564576?loc=goods_rank
선글라스안경테,8,오버사이즈 선글라스 블랙,ISTANDARD,오버사이즈 선글라스 블랙,39900,19900,205,https://www.musinsa.com/app/goods/2930667?loc=goods_rank
선글라스안경테,9,RT 3036 C3,RIETI,ALETTA RT 3036 C3 남녀공용 베타티타늄,138000,59000,130,https://www.musinsa.com/app/goods/3300709?loc=goods_rank
선글라스안경테,10,SEOUL-SoWol-bk,HANGLE EYEWEAR,서울컬렉션 소월 블랙,98000,98000,6359,https://www.musinsa.com/app/goods/1759226?loc=goods_rank
선글라스안경테,11,GS-2053,GLOSTERN,나비 GS-2053 베이지,29900,23900,19,https://www.musinsa.com/app/goods/2161659?loc=goods_rank
선글라스안경테,12,OBLIQ C3,BVH EYEWEAR,OBLIQ C3,68000,68000,560,https://www.musinsa.com/app/goods/1496830?loc=goods_rank
선글라스안경테,13,RC B557 BLACK,RECLOW,RC B557 BLACK,29000,20400,6905,https://www.musinsa.com/app/goods/1176399?loc=goods_rank
선글라스안경테,14,ELL,BVH EYEWEAR,ELL,129800,129800,20149,https://www.musinsa.com/app/goods/2451396?loc=goods_rank
선글라스안경테,15,Jayce-OB267-Black,ONE BRILLIANT,Jayce-OB267-Black,112000,112000,1173,https://www.musinsa.com/app/goods/2474749?loc=goods_rank
선글라스안경테,16,NEMO,BVH EYEWEAR,NEMO,129800,28800,355,https://www.musinsa.com/app/goods/3365161?loc=goods_rank
선글라스안경테,17,FMO136,FAKEME,Harry (해리) [48] BSV,"
                                                                                                                                                185000",185000,597,https://www.musinsa.com/app/goods/1043538?loc=goods_rank
선글라스안경테,18,BROOM,BVH EYEWEAR,BROOM,129800,129800,3772,https://www.musinsa.com/app/goods/3123083?loc=goods_rank
선글라스안경테,19,2395556,BLUE ELEPHANT,JERRSON grey,138000,42000,1535,https://www.musinsa.com/app/goods/3146918?loc=goods_rank
선글라스안경테,20,4639bk,LAFLORIDA,산타 블랙 glasses 블루라이트 차단 렌즈 적용,48000,39900,7162,https://www.musinsa.com/app/goods/247051?loc=goods_rank
선글라스안경테,21,CARBA 31 (s) -black-,PEARLBACKEN,MARK 24 -black-,"
                                                                                                                                                158000",158000,109,https://www.musinsa.com/app/goods/2848984?loc=goods_rank
선글라스안경테,22,Chico-OB221-Black,ONE BRILLIANT,Chico-OB221-Black,112000,28000,22791,https://www.musinsa.com/app/goods/2064798?loc=goods_rank
선글라스안경테,23,RC BB557 GRAY 선글라스,RECLOW,RC BB557 GRAY 선글라스,39000,27200,1696,https://www.musinsa.com/app/goods/2880784?loc=goods_rank
선글라스안경테,24,MOMO,BVH EYEWEAR,MOMO,129800,129800,8324,https://www.musinsa.com/app/goods/3123085?loc=goods_rank
선글라스안경테,25,DYLAN C3,DAYWALKER,자이스 렌즈 남녀공용 자외선차단 선글라스 DYLAN C3,135000,81000,250,https://www.musinsa.com/app/goods/3150259?loc=goods_rank
선글라스안경테,26,DYLAN C5,DAYWALKER,자이스 렌즈 남녀공용 자외선차단 선글라스 DYLAN C5,135000,81000,878,https://www.musinsa.com/app/goods/3150298?loc=goods_rank
선글라스안경테,27,스퀘어 베이직 선글라스 블랙,ISTANDARD,스퀘어 베이직 선글라스 블랙,49900,19900,3419,https://www.musinsa.com/app/goods/2930487?loc=goods_rank
선글라스안경테,28,AT4103GC03,SODAMON,동글이 안경테,39000,19000,773,https://www.musinsa.com/app/goods/1719596?loc=goods_rank
선글라스안경테,29,[리퍼브] RECLOW 8001 COL.01 BLACK,RECLOW,[리퍼브] RC 8001 COL.01 BLACK 틴트선글라스,27000,18900,330,https://www.musinsa.com/app/goods/3255852?loc=goods_rank
선글라스안경테,30,TA46BK1,ASHCOMPACT,타르 46 블랙,98000,72000,252,https://www.musinsa.com/app/goods/3323373?loc=goods_rank
선글라스안경테,31,NewSeongsu-bk,HANGLE EYEWEAR,뉴성수 블랙,108000,68000,1218,https://www.musinsa.com/app/goods/2668921?loc=goods_rank
선글라스안경테,32,SEOUL-DdukSeom-bk,HANGLE EYEWEAR,서울컬렉션 뚝섬 블랙,98000,61000,3850,https://www.musinsa.com/app/goods/1773784?loc=goods_rank
선글라스안경테,33,DAVID,BVH EYEWEAR,DAVID,190000,59800,1359,https://www.musinsa.com/app/goods/2208680?loc=goods_rank
선글라스안경테,34,FL26030,FACETION,풀 티타늄  안경테 FL26030,135000,59000,2798,https://www.musinsa.com/app/goods/2526352?loc=goods_rank
선글라스안경테,35,RT 2011 C1,RIETI,OTELLO RT 2011 C1 남녀공용 편광렌즈,138000,59000,615,https://www.musinsa.com/app/goods/3272407?loc=goods_rank
선글라스안경테,36,RT 3036 C2,RIETI,ALETTA RT 3036 C2 남녀공용 베타티타늄,138000,59000,204,https://www.musinsa.com/app/goods/3300721?loc=goods_rank
선글라스안경테,37,L23SUAC08NV,LARTIGENT,L3 COLOR SUNGLASSES(NAVY),69000,58650,581,https://www.musinsa.com/app/goods/3325023?loc=goods_rank
선글라스안경테,38,AL53070909,ALO EYEWEAR,AL5307 0909 릴산클리어 볼드 미니 스퀘어 블랙 안경테,"
                                                                                                                                                49000",49000,2,https://www.musinsa.com/app/goods/3563331?loc=goods_rank
선글라스안경테,39,2395556,BLUE ELEPHANT,ZENTA brown,138000,42000,513,https://www.musinsa.com/app/goods/3122124?loc=goods_rank
선글라스안경테,40,2395556,BLUE ELEPHANT,JERRSON crystal,138000,42000,117,https://www.musinsa.com/app/goods/3146911?loc=goods_rank
선글라스안경테,41,2395556,BLUE ELEPHANT,DIND black,138000,42000,502,https://www.musinsa.com/app/goods/3411324?loc=goods_rank
선글라스안경테,42,755361,ROHEYD,칼리고 C1S,"
                                                                                                                                                39800",39800,79,https://www.musinsa.com/app/goods/2086378?loc=goods_rank
선글라스안경테,43,1359798,BLUE ELEPHANT,ANDY flesh,138000,39000,3020,https://www.musinsa.com/app/goods/1099995?loc=goods_rank
선글라스안경테,44,santa_sv_1,LAFLORIDA,산타 실버 안경 블루라이트차단 렌즈 적용,42000,38000,367,https://www.musinsa.com/app/goods/1164690?loc=goods_rank
선글라스안경테,45,Thur,SBKA,SBKA Thur-C01 블루라이트 뿔테안경,"
                                                                                                                                                38000",38000,1784,https://www.musinsa.com/app/goods/2905675?loc=goods_rank
선글라스안경테,46,milwaukee_orange,LAFLORIDA,밀워키 오렌지 틴트 렌즈 선글라스,47000,37800,1818,https://www.musinsa.com/app/goods/777548?loc=goods_rank
선글라스안경테,47,RC FBB82 CRYSTAL GLASS 청광VER 안경,RECLOW,RC FBB82 CRYSTAL GLASS 청광VER 안경,49000,36750,260,https://www.musinsa.com/app/goods/3230699?loc=goods_rank
선글라스안경테,48,Moxie-OB288-Black,ONE BRILLIANT,Moxie-OB288-Black,112000,36500,10,https://www.musinsa.com/app/goods/2476530?loc=goods_rank
선글라스안경테,49,Harrison-OB263-Pink Tint,ONE BRILLIANT,Harrison-OB263-Pink Tint,112000,112000,97,https://www.musinsa.com/app/goods/2473358?loc=goods_rank
선글라스안경테,50,brown,HANGLE EYEWEAR,한글 오벌 선글라스 브라운,68000,29900,760,https://www.musinsa.com/app/goods/2615348?loc=goods_rank
선글라스안경테,51,AMMATT-GT,AM EYEWEAR,맷 다크톨토이즈,297000,29700,15,https://www.musinsa.com/app/goods/2802777?loc=goods_rank
선글라스안경테,52,RC FBB82 CRYSTAL GLASS 안경,RECLOW,RC FBB82 CRYSTAL GLASS 안경,35000,28000,1023,https://www.musinsa.com/app/goods/2941781?loc=goods_rank
선글라스안경테,53,딜런 C3(830),FRAMEWORK,딜런 C3 편광 선글라스,139000,139000,19,https://www.musinsa.com/app/goods/3374298?loc=goods_rank
선글라스안경테,54,에버리 C3(824),FRAMEWORK,에버리 C3 선글라스,139000,139000,77,https://www.musinsa.com/app/goods/3374314?loc=goods_rank
선글라스안경테,55,위니 C3(843),FRAMEWORK,위니 C3 선글라스,139000,139000,41,https://www.musinsa.com/app/goods/3374322?loc=goods_rank
선글라스안경테,56,Julian-OB0116-Black/Brown,ONE BRILLIANT,Julian-OB0116-Black/Brown,95000,27500,3496,https://www.musinsa.com/app/goods/1032306?loc=goods_rank
선글라스안경테,57,RC TR B019 Limited 5Color 선글라스,RECLOW,RC TR B019 Limited 5Color 선글라스,39000,27200,487,https://www.musinsa.com/app/goods/2557506?loc=goods_rank
선글라스안경테,58,RC FBB56 CRYSTAL BLUE,RECLOW,RC FBB56 CRYSTAL BLUE 선글라스,39000,27200,457,https://www.musinsa.com/app/goods/2572099?loc=goods_rank
선글라스안경테,59,RC TR B102 CRYSTAL GLASS 안경,RECLOW,RC TR B102 CRYSTAL GLASS 안경,35000,27200,47,https://www.musinsa.com/app/goods/2968956?loc=goods_rank
선글라스안경테,60,1081,PLAINBRAND,레트로안경 오버사이즈 PLAIN B1081[3color],65000,27000,626,https://www.musinsa.com/app/goods/1989187?loc=goods_rank
선글라스안경테,61,RC E303 CRYSTAL CLASS,RECLOW,RC E303 CRYSTAL CLASS,29000,26100,13914,https://www.musinsa.com/app/goods/1035325?loc=goods_rank
선글라스안경테,62,RC E386 BLACK SILVER,RECLOW,RC E386 BLACK SILVER,29000,26100,3135,https://www.musinsa.com/app/goods/1108083?loc=goods_rank
선글라스안경테,63,RC B019 GRAY GLASS,RECLOW,RC B019 GRAY GLASS,29000,26100,326,https://www.musinsa.com/app/goods/1515687?loc=goods_rank
선글라스안경테,64,RC E386 BLACK GOLD,RECLOW,RC E386 BLACK GOLD,29000,25900,362,https://www.musinsa.com/app/goods/1108081?loc=goods_rank
선글라스안경테,65,CEJA,BVH EYEWEAR,블루라이트 차단 렌즈 CEJA,129800,129800,2327,https://www.musinsa.com/app/goods/2574574?loc=goods_rank
선글라스안경테,66,1100234,2CUBE,WEBCORSAIR(BLACK),49800,22900,2558,https://www.musinsa.com/app/goods/1705933?loc=goods_rank
선글라스안경테,67,1134657,2CUBE,SPICOM (BLACK),48000,22900,1813,https://www.musinsa.com/app/goods/1821591?loc=goods_rank
선글라스안경테,68,1248317,2CUBE,2DOT SQUARE EYEWEAR(BLACK),38000,21900,2131,https://www.musinsa.com/app/goods/2289474?loc=goods_rank
선글라스안경테,69,5002653906,2CUBE,ROW 2DOT SQUARE EYEWEAR(BLACK),38000,20900,38,https://www.musinsa.com/app/goods/3125357?loc=goods_rank
선글라스안경테,70,OBLIQ C4,BVH EYEWEAR,OBLIQ C4,68000,68000,307,https://www.musinsa.com/app/goods/1496838?loc=goods_rank
선글라스안경테,71,몬트 투명실버,ISTANDARD,몬트 투명실버,49900,19900,78,https://www.musinsa.com/app/goods/2929808?loc=goods_rank
선글라스안경테,72,톰 선글라스 블랙,ISTANDARD,톰 선글라스 블랙,59900,19900,186,https://www.musinsa.com/app/goods/2930675?loc=goods_rank
선글라스안경테,73,DESDD201C01,DOLPHIN WAVE,돌핀 드라이빙 선글라스 DD 201 (블랙),89000,89000,74,https://www.musinsa.com/app/goods/3296092?loc=goods_rank
선글라스안경테,74,DDSDB202C04,DOLPHIN WAVE,뉴 클랩 DB202 (오렌지),69000,69000,64,https://www.musinsa.com/app/goods/2497919?loc=goods_rank
선글라스안경테,75,KSHOLCUS-1657,KSUBI,홀커스 블랙 아시안핏,190000,30000,20,https://www.musinsa.com/app/goods/46126?loc=goods_rank
선글라스안경테,76,PLEA Ⅱ C3,BVH EYEWEAR,[남녀공용] 선글라스 PLEA Ⅱ C3,64000,18900,25,https://www.musinsa.com/app/goods/324630?loc=goods_rank
선글라스안경테,77,16HR03,HYBITION,Roswell Original Glossy Black,48000,33800,1093,https://www.musinsa.com/app/goods/358760?loc=goods_rank
선글라스안경테,78,16HR01,HYBITION,Roswell Original Glossy Black,48000,33800,1325,https://www.musinsa.com/app/goods/358779?loc=goods_rank
선글라스안경테,79,HOLIDAY C3,BVH EYEWEAR,[남녀공용] 선글라스 HOLIDAY C3,82000,81000,14,https://www.musinsa.com/app/goods/366480?loc=goods_rank
선글라스안경테,80,RECLOW 8001 COL.01 BLACK,RECLOW,RC 8001 COL.01 BLACK 틴트선글라스,"
                                                                                                                                                27000",27000,1216,https://www.musinsa.com/app/goods/391035?loc=goods_rank
선글라스안경테,81,BM16G04-C1,BENFIX,콤비메탈 안경테 BM16G04-C1,"
                                                                                                                                                6500",6500,15,https://www.musinsa.com/app/goods/404086?loc=goods_rank
선글라스안경테,82,KWSUPER.L-1537,KAREN WALKER,수퍼 루나 1537 옐로우 골드미러,350000,40000,2,https://www.musinsa.com/app/goods/449296?loc=goods_rank
선글라스안경테,83,KWSUPER.L-1536,KAREN WALKER,수퍼 루나 1536 카키 골드미러 아시안핏,350000,40000,8,https://www.musinsa.com/app/goods/449334?loc=goods_rank
선글라스안경테,84,KSARA-1708,KSUBI,아라 브라운 화이트도트 아시안핏,220000,20000,19,https://www.musinsa.com/app/goods/456579?loc=goods_rank
선글라스안경테,85,genzie_152,Genzie,익시온 글라스 (블랙),"
                                                                                                                                                85000",85000,1119,https://www.musinsa.com/app/goods/468171?loc=goods_rank
선글라스안경테,86,Cielonda-z02,CIELONDA,제트-Y 틴트렌즈 선글라스,77900,28200,826,https://www.musinsa.com/app/goods/476904?loc=goods_rank
선글라스안경테,87,17ss98,SEXTO,[써지컬스틸][안경줄]W-TYPE 001 E.L GOLD,"
                                                                                                                                                12000",12000,11,https://www.musinsa.com/app/goods/500293?loc=goods_rank
선글라스안경테,88,eye-ciel1506bk,CIELONDA,YUL1506 -BK1 안경테,75900,29800,480,https://www.musinsa.com/app/goods/530379?loc=goods_rank
선글라스안경테,89,ciel-s-003pk,CIELONDA,ZET-Pink Tint. 틴트렌즈,69800,28200,1658,https://www.musinsa.com/app/goods/554727?loc=goods_rank
선글라스안경테,90,RIVI C1,BVH EYEWEAR,[남녀공용] 선글라스 RIVI C1,64000,27800,11,https://www.musinsa.com/app/goods/555622?loc=goods_rank
선글라스안경테,91,103,THINCKER,띵커 스틸 틴트 선글라스,39000,35100,882,https://www.musinsa.com/app/goods/582246?loc=goods_rank
선글라스안경테,92,OPSOME-C15,optical W,썸 그레이 레드,180000,30000,2,https://www.musinsa.com/app/goods/583686?loc=goods_rank
선글라스안경테,93,17astroBK,CIELONDA,ASTRO BLACK 안경테,59800,29900,3945,https://www.musinsa.com/app/goods/689223?loc=goods_rank
선글라스안경테,94,5618-MTAU-01,BVH EYEWEAR,[남녀공용]BVH 옵티카 5618-MTAU-01,"
                                                                                                                                                124000",124000,9,https://www.musinsa.com/app/goods/712624?loc=goods_rank
선글라스안경테,95,7618-PTU-05,BVH EYEWEAR,[남녀공용]BVH 옵티카 7618-PTU-05,"
                                                                                                                                                124000",124000,8,https://www.musinsa.com/app/goods/712859?loc=goods_rank
선글라스안경테,96,2018RPK,STANLEYKUBRICK,롤리-핑크,"
                                                                                                                                                69000",69000,2,https://www.musinsa.com/app/goods/746547?loc=goods_rank
선글라스안경테,97,HR002,HYBITION,Rover Original Gold,68000,68000,45,https://www.musinsa.com/app/goods/766468?loc=goods_rank
선글라스안경테,98,HR004,HYBITION,Rover Original Silver,68000,68000,108,https://www.musinsa.com/app/goods/766477?loc=goods_rank
선글라스안경테,99,HR006,HYBITION,Rover Original Silver,68000,68000,39,https://www.musinsa.com/app/goods/766484?loc=goods_rank
선글라스안경테,100,santa_mid_bk,LAFLORIDA,산타 미들 블랙 안경,49000,29100,420,https://www.musinsa.com/app/goods/782792?loc=goods_rank
