﻿카테고리,순위,품번,브랜드명,상품명(한글),판매가,비회원가,좋아요 수,URL
뷰티,1,MB1F0117A,MANYOFACTORY,[사용기한 임박] 퓨어 클렌징 오일 400ml +55ml,49000,14900,405,https://www.musinsa.com/app/goods/3508560?loc=goods_rank
뷰티,2,50050021,TYPE NO,TYPE No. 핸드케어 세트 [핸드크림 31ml 2종+핸드겔31ml],28000,12900,59,https://www.musinsa.com/app/goods/3202796?loc=goods_rank
뷰티,3,JD_B_NWOR,JAVIN DE SEOUL,[본품+리필]윙크 파운데이션 팩트 15g(사은품증정),46000,39100,757,https://www.musinsa.com/app/goods/1665351?loc=goods_rank
뷰티,4,MC3A01A,JMW,BLDC 드라이기 에어슈팅 MC3A01A,89000,61000,859,https://www.musinsa.com/app/goods/2764562?loc=goods_rank
뷰티,5,hair iron,FOR BEAUT,엠스타일러ax 남자 고데기,108000,68900,5412,https://www.musinsa.com/app/goods/2532174?loc=goods_rank
뷰티,6,1152825,CLEAN,웜 코튼 EDP 60ML,93000,39900,5227,https://www.musinsa.com/app/goods/3359990?loc=goods_rank
뷰티,7,OBG001,OBGE,내추럴 커버 파운데이션,46000,36800,13156,https://www.musinsa.com/app/goods/2307295?loc=goods_rank
뷰티,8,PFOKR19005,FORMENT,시그니처 퍼퓸 50ml (코튼허그/코튼키스),49000,39000,22154,https://www.musinsa.com/app/goods/1434514?loc=goods_rank
뷰티,9,1079584,MAISON MARGIELA PERFUME,레플리카 레이지 선데이 모닝 EDT 30ML,98000,88200,10373,https://www.musinsa.com/app/goods/2027859?loc=goods_rank
뷰티,10,Deep cleansing bar,GILLETTE,랩스 손흥민 에디션(핸들 1입 + 면도날 4입 + 스탠드) + 스티커팩 + 쇼핑백 증정(단독구성),59900,39900,626,https://www.musinsa.com/app/goods/3455509?loc=goods_rank
뷰티,11,01SKAC09021,MEDIHEAL,피토 엔자임 필링 패드 90매,26000,17900,63,https://www.musinsa.com/app/goods/3168777?loc=goods_rank
뷰티,12,JD_C_ESP,JAVIN DE SEOUL,윙크 아이 쉐이드 프라이머 11종 택1+윙크 플레이 마스카라,16000,13600,1011,https://www.musinsa.com/app/goods/2996838?loc=goods_rank
뷰티,13,MA1A0207B,MANYOFACTORY,[사용기한 임박] 갈락 나이아신 2.0 에센스 50mlX2,58000,14900,23,https://www.musinsa.com/app/goods/3508280?loc=goods_rank
뷰티,14,8809506310963,S.NATURE,아쿠아 오아시스 수분 젤크림 80ml,32000,22900,698,https://www.musinsa.com/app/goods/3389334?loc=goods_rank
뷰티,15,beplain0025,BEPLAIN,[2개]녹두 약산성 클렌징폼 80ml(증정 : 클렌징 폼 20ml),30000,21000,1611,https://www.musinsa.com/app/goods/1588781?loc=goods_rank
뷰티,16,6198007,DR.G,레드 블레미쉬 클리어 수딩 크림 50ml 듀오 선물하기 세트 (온라인전용),62000,28000,18334,https://www.musinsa.com/app/goods/1897996?loc=goods_rank
뷰티,17,MB1F0302A,MANYOFACTORY,[사용기한 임박] 비피다 바이옴 앰플 토너 400mlX2,48000,14900,23,https://www.musinsa.com/app/goods/3508786?loc=goods_rank
뷰티,18,T0010821,LUSH,더티 보디 스프레이 200ml - 바디 스프레이,"
                                                                                                                                                60000",60000,1989,https://www.musinsa.com/app/goods/3341874?loc=goods_rank
뷰티,19,111570308,HERA,블랙쿠션 리필 15g (옵션),33000,29700,5808,https://www.musinsa.com/app/goods/1867543?loc=goods_rank
뷰티,20,GPB10000050BK,GRAFEN,타투 퍼퓸 원우드 50ml,44000,35000,5633,https://www.musinsa.com/app/goods/2243193?loc=goods_rank
뷰티,21,PN,ROM&ND,[한정수량/초특가] 무드 페블 네일 6종 SET (밀크그로서리 시리즈),40000,5900,17,https://www.musinsa.com/app/goods/3540451?loc=goods_rank
뷰티,22,8809506310406,S.NATURE,[사은품증정] 아쿠아 스쿠알란 수분크림 60ml,28000,15900,886,https://www.musinsa.com/app/goods/2633306?loc=goods_rank
뷰티,23,PFOKR19046,FORMENT,시그니처 퍼퓸 코튼 디어 나잇 50ml,62000,49000,3586,https://www.musinsa.com/app/goods/2249394?loc=goods_rank
뷰티,24,1288175,PRO8,스테이온 젤 아이라이너+듀얼 아이라이너 브러쉬 기획,35000,31500,1626,https://www.musinsa.com/app/goods/1667640?loc=goods_rank
뷰티,25,JD_B_NWR,JAVIN DE SEOUL,윙크 파운데이션 팩트 리필 15g,18000,15300,1298,https://www.musinsa.com/app/goods/1665352?loc=goods_rank
뷰티,26,PN,ROM&ND,[1+1/초특가] 롬앤 무드 페블 네일 12colors,16000,2900,41,https://www.musinsa.com/app/goods/3540413?loc=goods_rank
뷰티,27,52520045S,GLINT,하이라이터 (5종 택1),22000,19800,149,https://www.musinsa.com/app/goods/3492318?loc=goods_rank
뷰티,28,JD_B_NWO,JAVIN DE SEOUL,윙크 파운데이션 팩트 15g,28000,19600,2497,https://www.musinsa.com/app/goods/1665261?loc=goods_rank
뷰티,29,MA1A2009A,MANYOFACTORY,[사용기한 임박] 비피다 콤플렉스 앰플 50ml,35000,14900,6,https://www.musinsa.com/app/goods/3509473?loc=goods_rank
뷰티,30,SW19DISMID8ML,SW19,SW19 DISCOVERY MIDNIGHT 8ml,28000,25200,1226,https://www.musinsa.com/app/goods/2959962?loc=goods_rank
뷰티,31,AMRZ230MAA,MOREMO,리커버리 밤 B (230ml 대용량) (증정) 리커버리밤 20ml*2개,39000,24000,418,https://www.musinsa.com/app/goods/1965673?loc=goods_rank
뷰티,32,1111187,RALPH LAUREN PERFUME,폴로 EDT 59ML,98000,68600,569,https://www.musinsa.com/app/goods/2213555?loc=goods_rank
뷰티,33,3014911,W.DRESSROOM,[2개선택] 퍼퓸 핸드크림 50ml 모음전,24000,10900,3469,https://www.musinsa.com/app/goods/1549514?loc=goods_rank
뷰티,34,JD_B_NWLR,JAVIN DE SEOUL,[본품+리필]레더ver.윙크 파운데이션 팩트 15g,46000,32200,388,https://www.musinsa.com/app/goods/2030502?loc=goods_rank
뷰티,35,MB1F0130B,MANYOFACTORY,[사용기한 임박] 블랙헤드&포어 클렌징 SET(퓨어 클렌징 오일 145ml+포어크림 30ml+킬패드 3매),19700,9900,32,https://www.musinsa.com/app/goods/3509564?loc=goods_rank
뷰티,36,007,DASIQUE,프로 컨실러 팔레트 2종,"
                                                                                                                                                29000",29000,339,https://www.musinsa.com/app/goods/3378154?loc=goods_rank
뷰티,37,SC40TR03,COSRX,더 비타민씨 23 세럼,23000,18500,788,https://www.musinsa.com/app/goods/2775186?loc=goods_rank
뷰티,38,OTLPT001,ODDTYPE,[NEW Color] 언씬 블러 틴트 10color,22000,18700,12074,https://www.musinsa.com/app/goods/3153848?loc=goods_rank
뷰티,39,MMBOE109,MUSINSA STANDARD BEAUTY,룸 스프레이 미스틱 우드 300ml,14900,13390,4980,https://www.musinsa.com/app/goods/2526266?loc=goods_rank
뷰티,40,150100425,AESTURA,아토베리어365 크림 더블 기획 세트,62000,52700,24,https://www.musinsa.com/app/goods/3509701?loc=goods_rank
뷰티,41,801518571,L'AIR DE SAVON,센슈얼 터치 50ml,35000,25500,1933,https://www.musinsa.com/app/goods/1446834?loc=goods_rank
뷰티,42,5001837047,THE SAEM,커버 퍼펙션 트리플 팟 컨실러 (4colors)+NEW컬러 추가,15000,12000,2433,https://www.musinsa.com/app/goods/2981404?loc=goods_rank
뷰티,43,11111-1,SKINFOOD,당근 &미나리 &도토리 패드 2개 골라담기,52000,37400,6092,https://www.musinsa.com/app/goods/2682283?loc=goods_rank
뷰티,44,PFOKR20019,FORMENT,시그니처 퍼퓸 스프레이(섬유향수) 코튼허그 200ml,40000,23000,8898,https://www.musinsa.com/app/goods/1851470?loc=goods_rank
뷰티,45,G4032800,3CE,블러 워터 틴트(증정),17000,15200,5306,https://www.musinsa.com/app/goods/2211904?loc=goods_rank
뷰티,46,42165,HUXLEY,퍼퓸 블루 메디나 탠저린,48000,45600,291,https://www.musinsa.com/app/goods/2953576?loc=goods_rank
뷰티,47,BBIA,BBIA,[2SET] 라스트 블러쉬 (11color),13000,11050,463,https://www.musinsa.com/app/goods/2661735?loc=goods_rank
뷰티,48,무신사_SET12,AROMATICA,로즈마리 대용량 샴푸 & 트리트먼트 세트,80000,44000,1,https://www.musinsa.com/app/goods/3503541?loc=goods_rank
뷰티,49,dfset002,DR.FORHAIR,피토테라피 샴푸 500mlx3 + 70mlx3,99000,43500,143,https://www.musinsa.com/app/goods/1430785?loc=goods_rank
뷰티,50,470129,DR.FORHAIR,피토프레시 샴푸 500mlx3 + 70mlx3,99000,43500,173,https://www.musinsa.com/app/goods/2044411?loc=goods_rank
뷰티,51,17777,BE READY,무드업 음영 아이팔레트 7g,20000,14000,1356,https://www.musinsa.com/app/goods/1368165?loc=goods_rank
뷰티,52,10275213,BEYOND,핸드크림 3종 기획세트 (센트 파라다이스 에디션),13500,6750,96,https://www.musinsa.com/app/goods/3273728?loc=goods_rank
뷰티,53,111975678,LANEIGE,NEW 네오 쿠션 매트 본품15g + 리필15g + [사은품증정],45000,40500,1135,https://www.musinsa.com/app/goods/2346563?loc=goods_rank
뷰티,54,ttl1056,THETOOLLAB,쫀쫀밀착 롱래스팅 텐션 퍼프(보송/촉촉) 2세트,"
                                                                                                                                                20000",20000,248,https://www.musinsa.com/app/goods/3004423?loc=goods_rank
뷰티,55,NZC,ROM&ND,[롬앤X산리오캐릭터즈] 누 제로 쿠션,25000,19900,1116,https://www.musinsa.com/app/goods/2527592?loc=goods_rank
뷰티,56,GB002,GREYGROUND,바디 스프레이 Blue jean (Aqua),29000,19000,26,https://www.musinsa.com/app/goods/1267005?loc=goods_rank
뷰티,57,B-OXST01-1425A,BANILACO,커버리셔스 얼티밋 화이트 모이스처 쿠션 (본품+리필),48000,38900,7,https://www.musinsa.com/app/goods/3540308?loc=goods_rank
뷰티,58,72809,SKINFOOD,캐롯 카로틴 마스크 10매+5매,30000,18600,246,https://www.musinsa.com/app/goods/3004113?loc=goods_rank
뷰티,59,PN,ROM&ND,[한정수량/초특가] 무드 페블 네일 5종 SET (에너제틱 브라이트 시리즈),40000,6900,4,https://www.musinsa.com/app/goods/3540440?loc=goods_rank
뷰티,60,5001611167,MAISON MARGIELA PERFUME,레플리카 레이지 선데이 모닝 10ML,40000,36000,3110,https://www.musinsa.com/app/goods/3122081?loc=goods_rank
뷰티,61,131174415,INNISFREE,스키니 꼼꼼카라 3.5g (2종 택1),"
                                                                                                                                                12000",12000,35,https://www.musinsa.com/app/goods/3376168?loc=goods_rank
뷰티,62,3190582,URIAGE,스틱레브르 오리지널 4g 듀오,26000,17000,316,https://www.musinsa.com/app/goods/3190582?loc=goods_rank
뷰티,63,SW19MIDEDP50ML,SW19,SW19 미드나잇 오 드 퍼퓸,89000,80100,7756,https://www.musinsa.com/app/goods/2959415?loc=goods_rank
뷰티,64,20310R,ISNTREE,머그워트 카밍 클레이 마스크 100ml,20000,16900,625,https://www.musinsa.com/app/goods/1748986?loc=goods_rank
뷰티,65,8809506310475,S.NATURE,[사은품 증정] 아쿠아 오아시스 토너 300ml,25000,15900,1248,https://www.musinsa.com/app/goods/2632600?loc=goods_rank
뷰티,66,5007020838,VT COSMETICS,VT 리들샷 100,"
                                                                                                                                                32000",32000,2,https://www.musinsa.com/app/goods/3573511?loc=goods_rank
뷰티,67,PWIKR410082,WIGGLE WIGGLE,무선 칫솔살균기 - Wiggle Bear,39800,31800,837,https://www.musinsa.com/app/goods/3181409?loc=goods_rank
뷰티,68,OH2317,THE LAB by blanc doux,저분자 히알루론산 토너 500ml,34000,31500,1192,https://www.musinsa.com/app/goods/1703238?loc=goods_rank
뷰티,69,AMRW153BEO,MOREMO,딜라이트풀 오일 150ml 2개세트 (증정) 미라클 2x 헤어샴푸 100ml,46000,30900,19,https://www.musinsa.com/app/goods/3299158?loc=goods_rank
뷰티,70,71025,MAKE UP FOREVER,아쿠아 레지스트 컬러 잉크,36000,30600,73,https://www.musinsa.com/app/goods/2953438?loc=goods_rank
뷰티,71,1655414,TOO COOL FOR SCHOOL,[1+1] 아트클래스 픽싱 젤 라이너,20000,14900,346,https://www.musinsa.com/app/goods/1557781?loc=goods_rank
뷰티,72,6321347,DR.G,레드 블레미쉬 클리어 수딩 토너 500mL,39000,29900,1507,https://www.musinsa.com/app/goods/2025037?loc=goods_rank
뷰티,73,0,LAHEINE,2세대 더 퀸 티 스타일 헤어드라이기 2colors,169000,29900,213,https://www.musinsa.com/app/goods/3445362?loc=goods_rank
뷰티,74,5003320442,UNIX,캔디바 헤어 고데기 UCI-B2016,"
                                                                                                                                                29900",29900,25,https://www.musinsa.com/app/goods/3479552?loc=goods_rank
뷰티,75,23A11221000,FWEE,쿠션 글래스 리필기획,35000,29750,1097,https://www.musinsa.com/app/goods/2853432?loc=goods_rank
뷰티,76,110652160,MAMONDE,레티놀 앰플 토너 150ml,18000,14400,111,https://www.musinsa.com/app/goods/2040016?loc=goods_rank
뷰티,77,110651791,MAMONDE,프로바이오틱스 세라마이드 인텐스 크림 60ml,36000,28800,39,https://www.musinsa.com/app/goods/2189363?loc=goods_rank
뷰티,78,beplain0040,BEPLAIN,[2개] 녹두 밸런싱 토너 200ml (증정 : 밸런싱 토너 50ml),40000,26000,180,https://www.musinsa.com/app/goods/1732914?loc=goods_rank
뷰티,79,-,HEART PERCENT,도트 온 무드 립펜슬 슬림,14000,12600,280,https://www.musinsa.com/app/goods/3350774?loc=goods_rank
뷰티,80,비벨벳쿠션 뉴클래스,ESPOIR,프로 테일러 비 벨벳 커버 쿠션 뉴클래스 (리필),17000,11900,471,https://www.musinsa.com/app/goods/2660507?loc=goods_rank
뷰티,81,,SKINFOOD,캐롯 카로틴 카밍 워터 패드 30매 2+1,26000,23400,396,https://www.musinsa.com/app/goods/2882875?loc=goods_rank
뷰티,82,3194310,URIAGE,제모스 페이스 40ml,29000,23200,5,https://www.musinsa.com/app/goods/3194310?loc=goods_rank
뷰티,83,S 03,SHEMONBRED,에센셜 메이크업 미스트 (50ml),"
                                                                                                                                                23000",23000,39,https://www.musinsa.com/app/goods/1918482?loc=goods_rank
뷰티,84,OTGDA003,ODDTYPE,미러 파우치 [실버],12000,11400,1269,https://www.musinsa.com/app/goods/3218770?loc=goods_rank
뷰티,85,5003243921,DR.G,레드 블레미쉬 포 맨 올인원 플루이드 200mL 대용량,35000,22500,169,https://www.musinsa.com/app/goods/3316219?loc=goods_rank
뷰티,86,GW01,GILLA8,다마스크로즈엑스트라래디언스화이트닝크림,"
                                                                                                                                                22000",22000,1,https://www.musinsa.com/app/goods/1490829?loc=goods_rank
뷰티,87,T0004388,LUSH,허벌리즘 100g - 프레쉬 클렌저/클렌징,"
                                                                                                                                                22000",22000,35,https://www.musinsa.com/app/goods/3386752?loc=goods_rank
뷰티,88,3202372,URIAGE,푸루리시드 100ml,26000,20800,2,https://www.musinsa.com/app/goods/3202372?loc=goods_rank
뷰티,89,DERMA 006,GROOMING LAB,더마에디션 시카세이프 남자 올인원 로션 100ml,31000,20000,25,https://www.musinsa.com/app/goods/2025877?loc=goods_rank
뷰티,90,M,ROM&ND,글래스팅 멜팅 밤,13000,9900,3073,https://www.musinsa.com/app/goods/2982925?loc=goods_rank
뷰티,91,5003726345,PRO8,딥 포커스 펜 아이라이너 (4종 택 1),22000,19900,25,https://www.musinsa.com/app/goods/3487034?loc=goods_rank
뷰티,92,beplain0070,BEPLAIN,녹두 클렌징 오일 200ml,29000,19800,555,https://www.musinsa.com/app/goods/2036869?loc=goods_rank
뷰티,93,MPDMEHP1,MADPEACH,데일리 무드 아이섀도우 팔레트 01 셀피쉬 핑크,32000,19800,49,https://www.musinsa.com/app/goods/3466002?loc=goods_rank
뷰티,94,섬유향수,MUMCHIT,[SET] 섬유향수 70ml 13종(택2),20000,9900,962,https://www.musinsa.com/app/goods/1412579?loc=goods_rank
뷰티,95,NE0243,NATURE REPUBLIC,비타페어C 잡티세럼 스페셜 기획세트,24900,18700,128,https://www.musinsa.com/app/goods/3024202?loc=goods_rank
뷰티,96,111570295,HERA,블랙쿠션 15gx2 (옵션) + [사은품 증정],66000,59400,24192,https://www.musinsa.com/app/goods/1867509?loc=goods_rank
뷰티,97,ZS201350,ZIZUSS,슈가링 셀프왁싱 키트 350g,"
                                                                                                                                                18300",18300,249,https://www.musinsa.com/app/goods/2640982?loc=goods_rank
뷰티,98,CL1,KUMO,원스텝 브러쉬 클렌징 워터 300ml,23000,18200,19,https://www.musinsa.com/app/goods/1660226?loc=goods_rank
뷰티,99,12472615,PERIPERA,잉크 무드 글로이 틴트,11000,8800,2711,https://www.musinsa.com/app/goods/2396304?loc=goods_rank
뷰티,100,BMLO010500000N,BLACKMONSTER,나이트 크림 (리뉴얼),19000,17100,987,https://www.musinsa.com/app/goods/1241556?loc=goods_rank
