﻿카테고리,순위,품번,브랜드명,상품명(한글),판매가,비회원가,좋아요 수,URL
속옷,1,MHMP0001,MUSINSA STANDARD,맨즈 드로즈 3팩,"
                                                                                                                                                21900",21900,19307,https://www.musinsa.com/app/goods/803032?loc=goods_rank
속옷,2,MMJMP001,MUSINSA STANDARD,[쿨탠다드] 맨즈 드로즈 3팩,"
                                                                                                                                                27900",27900,14580,https://www.musinsa.com/app/goods/1504726?loc=goods_rank
속옷,3,2180035,PLAYBOY,남성 남자 어위크 패키지 드로즈 7매입 팬티 세트 PMD2108,"
                                                                                                                                                29900",29900,5963,https://www.musinsa.com/app/goods/2603332?loc=goods_rank
속옷,4,NP2312OUB1,CALVIN KLEIN UNDERWEAR,남성 웨이스트밴드 코튼 스트레치 버라이어티 3PK 트렁크_NP2312OUB1,79000,71100,10116,https://www.musinsa.com/app/goods/2054418?loc=goods_rank
속옷,5,OBMDR894CL,GUESS UNDERWEAR,실버블랙 로고밴딩 드로즈 6PACK,234000,70000,3520,https://www.musinsa.com/app/goods/2108176?loc=goods_rank
속옷,6,CFADR371-BNC,CODES COMBINE INNERWEAR,베이직 컬러 남성 드로즈 3PACK (블랙/네이비/챠콜),66000,36000,8620,https://www.musinsa.com/app/goods/1392057?loc=goods_rank
속옷,7,SPPPD49U04,SPAO,(먼작귀) 먼가 작고 귀여운 긴팔 잠옷(NAVY)_SPPPD49U04,"
                                                                                                                                                39900",39900,498,https://www.musinsa.com/app/goods/3446979?loc=goods_rank
속옷,8,Greekw,JOSLOUNGE,[웜모달] (w) Greek Pajama Set,98000,94080,3,https://www.musinsa.com/app/goods/3348521?loc=goods_rank
속옷,9,ZIKLAG230102418,ZIKLAG,맨즈 에센셜 드로즈 4PACK,59900,59900,271,https://www.musinsa.com/app/goods/3101568?loc=goods_rank
속옷,10,SPPPD49U07,SPAO,(다이노탱) 다이노탱 긴팔 잠옷(NAVY)_SPPPD49U07,"
                                                                                                                                                39900",39900,1758,https://www.musinsa.com/app/goods/3446965?loc=goods_rank
속옷,11,1170FI4DRE1644FBLK,FILA UNDERWEAR,에센셜 베이직 여성 사각드로즈(FI4DRE1644FBLK),10000,4000,284,https://www.musinsa.com/app/goods/3434426?loc=goods_rank
속옷,12,CCWRP934BK,CODES COMBINE INNERWEAR,코지 모달 브라렛 팬티 세트 - 블랙,59600,32000,9,https://www.musinsa.com/app/goods/3560815?loc=goods_rank
속옷,13,5002924554,DOSSY,모던 실크핏 반팔 카라 커플 잠옷 세트,51000,25900,788,https://www.musinsa.com/app/goods/3198704?loc=goods_rank
속옷,14,BR918PT907,COMFORTLAB,뉴코튼 베이직 브라렛 세트,58000,25800,710,https://www.musinsa.com/app/goods/3296791?loc=goods_rank
속옷,15,m1037_214186,LA LINGERIE,[LAB17-377] 노와이어 브라,35200,12320,91,https://www.musinsa.com/app/goods/1202940?loc=goods_rank
속옷,16,ECWRP781SK,ELLE INNERWEAR,에어로웜 컴포트핏 노와이어 브라 팬티 세트 - 스킨,58000,23000,83,https://www.musinsa.com/app/goods/3435590?loc=goods_rank
속옷,17,ECWRP781BK,ELLE INNERWEAR,에어로웜 컴포트핏 노와이어 브라 팬티 세트 - 블랙,58000,23000,258,https://www.musinsa.com/app/goods/3435592?loc=goods_rank
속옷,18,CUUN2EX40BK,CHAMPION,[ASIA] 클래식 복서 브리프 3팩 (BLACK),38000,15000,231,https://www.musinsa.com/app/goods/3510231?loc=goods_rank
속옷,19,SMSAI062,SUNDAYLOUNGE,남자 플랫체크 파자마 롱세트 SMSAI062,95000,95000,268,https://www.musinsa.com/app/goods/1686600?loc=goods_rank
속옷,20,SPPPD25U10,SPAO,(포켓몬) 자 이제 시작이야 내꿈을 잠옷(BLACK)_SPPPD25U10,39900,19900,1095,https://www.musinsa.com/app/goods/3222181?loc=goods_rank
속옷,21,BR006,ROCKCAKE,Line San Serif Triangular Bra - Gray,"
                                                                                                                                                39000",39000,212,https://www.musinsa.com/app/goods/3317616?loc=goods_rank
속옷,22,m1037_214187,LA LINGERIE,[LAB17-377] 팬티,17600,6160,161,https://www.musinsa.com/app/goods/1202939?loc=goods_rank
속옷,23,BG231573,JAMES DEAN,보디가드 맨즈 스킨핏 드로즈 4PACK,67900,67900,181,https://www.musinsa.com/app/goods/3317436?loc=goods_rank
속옷,24,NBXDCA3102_20,NEW BALANCE,NBXDCA3102,49900,29900,35,https://www.musinsa.com/app/goods/2983131?loc=goods_rank
속옷,25,5001184541,TERAWOOD HOMEWEAR,커플 면 조이풀 빅사이즈  잠옷 상하세트,53800,28900,236,https://www.musinsa.com/app/goods/3161149?loc=goods_rank
속옷,26,LSWBX264_LSWPX265,LEVI'S BODYWEAR,레트로 에코텐셀스판 브라 헴팬티 세트,94000,27900,127,https://www.musinsa.com/app/goods/3080416?loc=goods_rank
속옷,27,CCWRP991LB,CODES COMBINE INNERWEAR,코드 포인트 데일리 브라 팬티 세트 - 애쉬베이지,52000,26000,177,https://www.musinsa.com/app/goods/3461354?loc=goods_rank
속옷,28,CCWRP991BU,CODES COMBINE INNERWEAR,코드 포인트 데일리 브라 팬티 세트 - 블루,52000,26000,89,https://www.musinsa.com/app/goods/3461360?loc=goods_rank
속옷,29,CCWRP981GY,CODES COMBINE INNERWEAR,슬림 라인 포인트 브라팬티세트_다크그레이,52000,26000,260,https://www.musinsa.com/app/goods/3461366?loc=goods_rank
속옷,30,HYARPS01GY,HYGGE UNDERWEAR,[DAILY] 데일리 브라렛 팬티 세트 - 블루그레이,28000,25200,3694,https://www.musinsa.com/app/goods/1829772?loc=goods_rank
속옷,31,LHWBY402_LHWPY402,LEVI'S BODYWEAR,베이지 퓨징 브라 팬티 세트,28000,22000,623,https://www.musinsa.com/app/goods/3080404?loc=goods_rank
속옷,32,QF7295ADUB1,CALVIN KLEIN UNDERWEAR,여성 1996 코튼 AF 힙스터 팬티_QF7295ADUB1,45000,21900,1191,https://www.musinsa.com/app/goods/3018347?loc=goods_rank
속옷,33,1459662,UNCOATED 247,[RENEWAL] 드로우즈 엑셀 리얼블랙,27200,21760,24,https://www.musinsa.com/app/goods/2272968?loc=goods_rank
속옷,34,PMFTOBM14,PUMA BODYWEAR,여성 드라이셀 트렁크 1종 차콜,17900,7000,250,https://www.musinsa.com/app/goods/2570453?loc=goods_rank
속옷,35,m1037_496389,LA LINGERIE,LAB20-474 홀리데이 팬티,19800,6930,143,https://www.musinsa.com/app/goods/1925717?loc=goods_rank
속옷,36,UNBDAY05,UNBDAY,남성  심리스 보정 나시,40000,20000,58,https://www.musinsa.com/app/goods/3372964?loc=goods_rank
속옷,37,8H21SSWMPJM001,8HOURS,(W) 핀 스트라이프 숏 슬리브 세트 (스카이 블루),69900,69900,1218,https://www.musinsa.com/app/goods/2632488?loc=goods_rank
속옷,38,TRYNEW7TRK02,TRY,NEW7 니트 코튼 트렁크 팬티 네이비,29900,29900,10,https://www.musinsa.com/app/goods/3005476?loc=goods_rank
속옷,39,8H21SSWMPJM001,8HOURS,(W) 클래식 하프집 원피스 (네이비),59900,59900,791,https://www.musinsa.com/app/goods/2632552?loc=goods_rank
속옷,40,NB2734OUB1,CALVIN KLEIN UNDERWEAR,남성 코튼 스트레치 5PK 로우 라이즈 트렁크_NB2734OUB1,119000,107100,4031,https://www.musinsa.com/app/goods/2681962?loc=goods_rank
속옷,41,TRYKNITTED04,TRY,T-남성 심플 니트 트렁크 팬티 블랙,29900,29900,52,https://www.musinsa.com/app/goods/3005421?loc=goods_rank
속옷,42,TRY01T04,TRY,링클케어 40수 트렁크 체크 블랙,29900,29900,27,https://www.musinsa.com/app/goods/3007394?loc=goods_rank
속옷,43,TRY2103171233,TRY,T-맨즈 45수 시그니처 트렁크 4PACK,59900,19900,1076,https://www.musinsa.com/app/goods/1848968?loc=goods_rank
속옷,44,MSK5,MOGRAMI,스킨이즘 남성 드로즈 분모자팬티 7종세트,"
                                                                                                                                                44000",44000,1528,https://www.musinsa.com/app/goods/3056544?loc=goods_rank
속옷,45,MMJMP002,MUSINSA STANDARD,[쿨탠다드] 맨즈 드로즈 컬러 리버스 3팩,27900,25090,2723,https://www.musinsa.com/app/goods/1504727?loc=goods_rank
속옷,46,JDMD202211,JAMES DEAN,JD 압박 해소 프리 컷팅 심리스 드로즈 5PACK,53900,19900,1426,https://www.musinsa.com/app/goods/2768667?loc=goods_rank
속옷,47,ZL20230102,ZIKLAG,ZL-맨즈 에센셜 드로즈 그린블랙,25900,25900,34,https://www.musinsa.com/app/goods/3009407?loc=goods_rank
속옷,48,5001609624,DOSSY,실크핏 클린 긴팔 커플 잠옷 세트,39900,23900,8394,https://www.musinsa.com/app/goods/2966703?loc=goods_rank
속옷,49,MMAMT303-NA/WH,MUSINSA STANDARD,코튼 텐셀 파자마 세트 [네이비/화이트],49900,39890,2192,https://www.musinsa.com/app/goods/2142484?loc=goods_rank
속옷,50,MHBR0001-BK,MUSINSA STANDARD,우먼즈 와이어리스 브라 [블랙],23900,21490,7904,https://www.musinsa.com/app/goods/803035?loc=goods_rank
속옷,51,SPPPD25U02,SPAO,(해리포터) 호그와트 매직패스 잠옷(MIX)_SPPPD25U02,39900,19900,474,https://www.musinsa.com/app/goods/3182471?loc=goods_rank
속옷,52,EDS0052,BYC,보디드라이-쿨와이드탱탑 EDS0052,"
                                                                                                                                                30000",30000,2,https://www.musinsa.com/app/goods/3403167?loc=goods_rank
속옷,53,JDD0141235,JAMES DEAN,JD 맨즈 무지 모달 심리스 드로즈 4PACK,59900,59900,69,https://www.musinsa.com/app/goods/3373517?loc=goods_rank
속옷,54,ANJS22D42,ANYBODY,벨리곰 별꿈나라 수면잠옷+안대 세트 ANJS22D42_7358,49900,25100,1568,https://www.musinsa.com/app/goods/2948332?loc=goods_rank
속옷,55,8H21SSMPJM006,8HOURS,(M) 핀 스트라이프 숏 슬리브 세트 (스카이 블루),69900,69900,245,https://www.musinsa.com/app/goods/2632289?loc=goods_rank
속옷,56,MHWP0001,MUSINSA STANDARD,우먼즈 심리스 팬티 3팩,"
                                                                                                                                                20900",20900,9144,https://www.musinsa.com/app/goods/803037?loc=goods_rank
속옷,57,MMAMT303-BK/WH,MUSINSA STANDARD,코튼 텐셀 파자마 세트 [블랙/화이트],49900,44890,3358,https://www.musinsa.com/app/goods/2142483?loc=goods_rank
속옷,58,UNDERWEAR,SKOOT HANDMEDOWNS,Censored Set,"
                                                                                                                                                178000",178000,177,https://www.musinsa.com/app/goods/2904936?loc=goods_rank
속옷,59,MWJLP007,MUSINSA STANDARD,우먼즈 헴 라인 팬티 3팩,22900,19390,2697,https://www.musinsa.com/app/goods/1693211?loc=goods_rank
속옷,60,OCMDR392BNG,GUESS UNDERWEAR,오리지널 로고밴딩 드로즈 3PACK(BK/DNY/GY),84000,42000,140,https://www.musinsa.com/app/goods/3036572?loc=goods_rank
속옷,61,SPPPD49U05,SPAO,(최고심) 마음대로 갓생살자 긴팔 잠옷(CREAM)_SPPPD49U05,"
                                                                                                                                                39900",39900,396,https://www.musinsa.com/app/goods/3446974?loc=goods_rank
속옷,62,SPPPD49U03,SPAO,(잔망루피) 군싹 루피 잠옷(LIGHT PINK)_SPPPD49U03,"
                                                                                                                                                39900",39900,395,https://www.musinsa.com/app/goods/3446985?loc=goods_rank
속옷,63,SPPPD49U01,SPAO,(산리오캐릭터즈) 산리오캐릭터즈 긴팔 잠옷(BLACK)_SPPPD49U01,"
                                                                                                                                                39900",39900,367,https://www.musinsa.com/app/goods/3446999?loc=goods_rank
속옷,64,ANPE23A21,ANYBODY,편애 팬티_일체형 네모 ANPE23A21_7358,9900,5900,187,https://www.musinsa.com/app/goods/2884059?loc=goods_rank
속옷,65,CCMDR181-DKB,CODES COMBINE INNERWEAR,실버 아웃밴드 포인트 드로즈 3PACK (DBR/KH/BK),66000,36000,159,https://www.musinsa.com/app/goods/3002152?loc=goods_rank
속옷,66,1170FI4DRE1644FPBG,FILA UNDERWEAR,에센셜 베이직 여성 사각드로즈(FI4DRE1644FPBG),10000,4000,89,https://www.musinsa.com/app/goods/3434428?loc=goods_rank
속옷,67,OBWRP195BK,GUESS UNDERWEAR,텐셀 스판 블랙 브라렛 팬티 세트,65000,35000,6276,https://www.musinsa.com/app/goods/2295836?loc=goods_rank
속옷,68,PT107BK_PT107SK,CODES COMBINE INNERWEAR,여성 사각 팬티 2PACK (BK/SK),"
                                                                                                                                                33600",33600,807,https://www.musinsa.com/app/goods/1617097?loc=goods_rank
속옷,69,303521,BUBBLELIME,(3장)본디드 무봉제 스포츠 T팬티 요가 티팬티_G01,"
                                                                                                                                                14900",14900,1212,https://www.musinsa.com/app/goods/1634714?loc=goods_rank
속옷,70,F3787AD_001,CALVIN KLEIN UNDERWEAR,여성 모던코튼 비키니 팬티_F3787AD_001,35000,31500,11866,https://www.musinsa.com/app/goods/1388637?loc=goods_rank
속옷,71,m1037_214212,LA LINGERIE,[LAB19-453] 노와이어 브라,39600,13860,39,https://www.musinsa.com/app/goods/1202909?loc=goods_rank
속옷,72,5002924553,DOSSY,퓨어 모달 반팔 커플 잠옷 세트,59000,29900,375,https://www.musinsa.com/app/goods/3198696?loc=goods_rank
속옷,73,OCMDR995BB,GUESS UNDERWEAR,톤온톤&화이트밴딩 어텀 드로즈 2PACK(BK/BK),56000,28000,55,https://www.musinsa.com/app/goods/3474924?loc=goods_rank
속옷,74,NBXDDA201M_99,NEW BALANCE,NBXDDA201M,39900,27900,979,https://www.musinsa.com/app/goods/3193498?loc=goods_rank
속옷,75,NBXDDA201M_19,NEW BALANCE,NBXDDA201M,39900,27900,331,https://www.musinsa.com/app/goods/3288093?loc=goods_rank
속옷,76,AOFYIBM05_MSS,ADIDAS UNDERWEAR,(노와이어) 트레포일 비비드 브라팬티 1세트 WH,42900,25900,569,https://www.musinsa.com/app/goods/2979694?loc=goods_rank
속옷,77,MMJMP003,MUSINSA STANDARD,[쿨탠다드] 맨즈 드로즈 실버 밴드 3팩,27900,25090,1264,https://www.musinsa.com/app/goods/1504728?loc=goods_rank
속옷,78,PCLKR510020,WIGGLE WIGGLE FASHION,라운지 로브 - Smile Cherry Argyle,119000,99900,2465,https://www.musinsa.com/app/goods/2862128?loc=goods_rank
속옷,79,PCLKR510021,WIGGLE WIGGLE FASHION,라운지 로브 -  Dont Panic,119000,99900,1627,https://www.musinsa.com/app/goods/2862139?loc=goods_rank
속옷,80,1170FI4BAF1141FOTL,FILA UNDERWEAR,텐셀 노와이어 브라(FI4BAF1141FOTL),22000,11000,75,https://www.musinsa.com/app/goods/3011050?loc=goods_rank
속옷,81,MWALR109-LB,MUSINSA STANDARD,우먼즈 모달 브라렛 [라이트 베이지],"
                                                                                                                                                23900",23900,1517,https://www.musinsa.com/app/goods/2288758?loc=goods_rank
속옷,82,SS007C,OFFHOUR,커플 컴포트 스트라이프 라인 반팔 + 반바지 잠옷 세트,34000,23900,694,https://www.musinsa.com/app/goods/3347094?loc=goods_rank
속옷,83,ECWRP781NV,ELLE INNERWEAR,에어로웜 컴포트핏 노와이어 브라 팬티 세트 - 네이비,58000,23000,153,https://www.musinsa.com/app/goods/3435586?loc=goods_rank
속옷,84,AOMYDEM51,ADIDAS UNDERWEAR,퍼포먼스 싱글져지 남성 롱드로즈 6팩,124900,89100,69,https://www.musinsa.com/app/goods/2987898?loc=goods_rank
속옷,85,MMJMP007,MUSINSA STANDARD,맨즈 코튼 드로즈 블랙 & 화이트 3팩,"
                                                                                                                                                21900",21900,1072,https://www.musinsa.com/app/goods/1528791?loc=goods_rank
속옷,86,5001609619,DOSSY,소프킨 코지 커플 잠옷 세트,39900,21900,913,https://www.musinsa.com/app/goods/2966687?loc=goods_rank
속옷,87,MHBR0001-LB,MUSINSA STANDARD,우먼즈 와이어리스 브라 [라이트 베이지],23900,21490,5891,https://www.musinsa.com/app/goods/803036?loc=goods_rank
속옷,88,MWBLT101-WH,MUSINSA STANDARD,우먼즈 튜브 브라 탑 [화이트],23900,21490,5407,https://www.musinsa.com/app/goods/2288762?loc=goods_rank
속옷,89,40306MDNHL,CALVIN KLEIN UNDERWEAR,[손흥민 캡슐] 남성 모던코튼 스트레치 3PK 트렁크_40306MDNHL,"
                                                                                                                                                85000",85000,146,https://www.musinsa.com/app/goods/3518624?loc=goods_rank
속옷,90,1288417,JOSLOUNGE,(w) Blue Mountains Pajama Set,92000,82800,1745,https://www.musinsa.com/app/goods/1795269?loc=goods_rank
속옷,91,ZLSIM02269,ZIKLAG,ZL 우먼즈 노라인 심리스 팬티 4PACK,39900,39900,1810,https://www.musinsa.com/app/goods/1919730?loc=goods_rank
속옷,92,JDJD05,JAMES DEAN,JD 맨즈 힐링 에어 드로즈  5PACK,35800,19900,442,https://www.musinsa.com/app/goods/1686373?loc=goods_rank
속옷,93,TRY230206,TRY,T-맨즈 링클케어 프리 트렁크 4PACK,68900,68900,461,https://www.musinsa.com/app/goods/1718953?loc=goods_rank
속옷,94,AOMYDBN01,ADIDAS UNDERWEAR,퍼포먼스 블랙패키지 드로즈 8종,119000,79200,363,https://www.musinsa.com/app/goods/2980000?loc=goods_rank
속옷,95,Jellybeansw,JOSLOUNGE,[모달] (w) Jellybean Short Pajama Set,88000,79200,88,https://www.musinsa.com/app/goods/3124726?loc=goods_rank
속옷,96,NB10851PP,CALVIN KLEIN UNDERWEAR,남성 모던코튼 스트레치 3PK 트렁크_NB10851PP,85000,76500,2447,https://www.musinsa.com/app/goods/2394563?loc=goods_rank
속옷,97,m1037_825314,LA LINGERIE,LAB18-405 브라팬티세트,52800,18480,84,https://www.musinsa.com/app/goods/2333355?loc=goods_rank
속옷,98,NB1348O1DE,CALVIN KLEIN UNDERWEAR,남성 프라이드 에디션 5PK 로우라이즈 트렁크_NB1348O1DE,109000,72600,183,https://www.musinsa.com/app/goods/3226421?loc=goods_rank
속옷,99,PFYISL36_,PUMA BODYWEAR,성 하이 퍼포먼스 브라팬티 2종 블랙,35900,17900,369,https://www.musinsa.com/app/goods/2263199?loc=goods_rank
속옷,100,PCLKR510017,WIGGLE WIGGLE FASHION,배스 랩 타월 - Smile Cherry Argyle,79000,69500,2436,https://www.musinsa.com/app/goods/2862200?loc=goods_rank
