﻿카테고리,순위,품번,브랜드명,상품명(한글),판매가,비회원가,좋아요 수,URL
양말레그웨어,1,T17Z010,IL-O-GONG-CHIL,[10PACK] 1507 모노 트라우져 하프 삭스 _ 스노우화이트/화이트/블랙,24000,14900,93024,https://www.musinsa.com/app/goods/998051?loc=goods_rank
양말레그웨어,2,MMASC101-WH,MUSINSA STANDARD,라이트웨이트 크루 삭스 7팩 [화이트],"
                                                                                                                                                19900",19900,85375,https://www.musinsa.com/app/goods/991339?loc=goods_rank
양말레그웨어,3,MMASC102-WH,MUSINSA STANDARD,라이트웨이트 미들 삭스 7팩 [화이트],"
                                                                                                                                                19900",19900,31621,https://www.musinsa.com/app/goods/1094748?loc=goods_rank
양말레그웨어,4,mono trouser 6p,IL-O-GONG-CHIL,[6PACK] 1507 모노 트라우져 삭스_ 스노우화이트/화이트/블랙 - 흘러내리지 않는 양말,19800,14900,38951,https://www.musinsa.com/app/goods/734085?loc=goods_rank
양말레그웨어,5,T17Z005,IL-O-GONG-CHIL,[10PACK] 1507 엠보 트라우져 하프 삭스 _ 스노우 화이트/블랙,24000,12500,12930,https://www.musinsa.com/app/goods/1443937?loc=goods_rank
양말레그웨어,6,MMASC001-WH,MUSINSA STANDARD,크루 삭스 7팩 [화이트],22900,15990,16496,https://www.musinsa.com/app/goods/746158?loc=goods_rank
양말레그웨어,7,S21489,ADIDAS,솔리드 크루 삭스 3P - 화이트:블랙,22000,15400,16592,https://www.musinsa.com/app/goods/479245?loc=goods_rank
양말레그웨어,8,T17Z010,IL-O-GONG-CHIL,[10PACK] 1507 모노 트라우져 스니커즈 삭스 _  스노우 화이트/블랙,20000,13900,11619,https://www.musinsa.com/app/goods/991570?loc=goods_rank
양말레그웨어,9,FAKE-W4P,IL-O-GONG-CHIL,[10PACK] 1507 페이크 삭스(실리콘 처리) _ 스노우 화이트/블랙,22000,16900,20067,https://www.musinsa.com/app/goods/763821?loc=goods_rank
양말레그웨어,10,JB3FW-ASO002BLACK,GROVE,23FW BURNS SOCKS_BLACK,22000,19800,114,https://www.musinsa.com/app/goods/3534749?loc=goods_rank
양말레그웨어,11,JB3FW-ASO002GREY,GROVE,23FW BURNS SOCKS_GREY,22000,19800,147,https://www.musinsa.com/app/goods/3534751?loc=goods_rank
양말레그웨어,12,T17Z010,IL-O-GONG-CHIL,[10PACK] 1507 스쿨팩 삭스 - 스노우화이트/화이트/블랙,33000,11500,7170,https://www.musinsa.com/app/goods/2832613?loc=goods_rank
양말레그웨어,13,MMASC101-BK,MUSINSA STANDARD,라이트웨이트 크루 삭스 7팩 [블랙],"
                                                                                                                                                19900",19900,20475,https://www.musinsa.com/app/goods/991340?loc=goods_rank
양말레그웨어,14,HD21FSS004,HDEX,메인로고 삭스 4컬러 3packs,21000,18900,2125,https://www.musinsa.com/app/goods/2959926?loc=goods_rank
양말레그웨어,15,T17Z010,IL-O-GONG-CHIL,[10PACK] 1507 스쿨팩 미니 삭스 - 스노우화이트/화이트/블랙,27800,9900,920,https://www.musinsa.com/app/goods/2832593?loc=goods_rank
양말레그웨어,16,MMASC001-BK,MUSINSA STANDARD,크루 삭스 7팩 [블랙],"
                                                                                                                                                22900",22900,12092,https://www.musinsa.com/app/goods/746159?loc=goods_rank
양말레그웨어,17,SOCK_1290,SUPERBASIC,1290 남녀공용 골지 양말 5켤레 (30색상),"
                                                                                                                                                10900",10900,19046,https://www.musinsa.com/app/goods/752821?loc=goods_rank
양말레그웨어,18,HD21FSS004,HDEX,메인로고 삭스 4컬러 5packs,35000,28000,1512,https://www.musinsa.com/app/goods/2959925?loc=goods_rank
양말레그웨어,19,MMJSC029-WH,MUSINSA STANDARD,페이크 삭스 7팩 [화이트],16900,15190,12419,https://www.musinsa.com/app/goods/792919?loc=goods_rank
양말레그웨어,20,MMJSC030-WH,MUSINSA STANDARD,쇼트 삭스 7팩 [화이트],15900,11890,6949,https://www.musinsa.com/app/goods/1094835?loc=goods_rank
양말레그웨어,21,MMJSC030-BK,MUSINSA STANDARD,쇼트 삭스 7팩 [블랙],"
                                                                                                                                                15900",15900,989,https://www.musinsa.com/app/goods/1094836?loc=goods_rank
양말레그웨어,22,GD3576,ADIDAS,미드컷 크루 삭스 3P - 블랙:화이트,22000,15400,4365,https://www.musinsa.com/app/goods/1477846?loc=goods_rank
양말레그웨어,23,JB3FW-ASO002IVORY,GROVE,23FW BURNS SOCKS_IVORY,22000,19800,251,https://www.musinsa.com/app/goods/3534752?loc=goods_rank
양말레그웨어,24,basic h_lip,IL-O-GONG-CHIL,[5PACK] 1507 베이직 트라우져 립삭스 _ 스노우 화이트/블랙,16500,10900,4153,https://www.musinsa.com/app/goods/1348077?loc=goods_rank
양말레그웨어,25,1194527,UNISEX,베이직 남녀공용 무지 장목 양말 7pack(화이트블랙),27000,13900,305,https://www.musinsa.com/app/goods/2057448?loc=goods_rank
양말레그웨어,26,PUO31977,PUMA SOCKS,크레오라 롱 삭스 4PACK [사이즈/컬러선택],18000,9900,342,https://www.musinsa.com/app/goods/2765906?loc=goods_rank
양말레그웨어,27,2030653,PUMA SOCKS,크레오라 쿼터삭스 5PACK [사이즈/컬러선택],14000,7900,497,https://www.musinsa.com/app/goods/1645632?loc=goods_rank
양말레그웨어,28,T17Z010,IL-O-GONG-CHIL,[5PACK] 1507 모노 트라우져 하프 삭스 _ 스노우 화이트,12000,9900,6947,https://www.musinsa.com/app/goods/1346009?loc=goods_rank
양말레그웨어,29,5005210850,MIZUNO,쿠션 미드 5족,20900,17900,506,https://www.musinsa.com/app/goods/3414085?loc=goods_rank
양말레그웨어,30,5004252764,BENSIMON,HEMISH LEG WARMER - BROWN,"
                                                                                                                                                32000",32000,27,https://www.musinsa.com/app/goods/3478964?loc=goods_rank
양말레그웨어,31,T17Z005,IL-O-GONG-CHIL,[10PACK] 1507 뱀부 스니커즈 삭스_ 아이보리/블랙/스노우 화이트,21000,14900,745,https://www.musinsa.com/app/goods/1466645?loc=goods_rank
양말레그웨어,32,MMASC203-WH/BK,MUSINSA STANDARD,라이트웨이트 크루 삭스 10팩 [화이트/블랙],27900,23690,21231,https://www.musinsa.com/app/goods/1986031?loc=goods_rank
양말레그웨어,33,T17Z003,IL-O-GONG-CHIL,[5PACK] 1507 클래식 더블 애슬레틱 하프 삭스 - 스노우화이트/블랙,17000,11800,244,https://www.musinsa.com/app/goods/2943288?loc=goods_rank
양말레그웨어,34,MWASC011-MN,MUSINSA STANDARD,니 하이 삭스 5팩 [모노],"
                                                                                                                                                20900",20900,3849,https://www.musinsa.com/app/goods/1260388?loc=goods_rank
양말레그웨어,35,STATSK,SAUNALABS,[10족세트] 스포츠 에슬레틱 이중바닥 양말,38000,20000,330,https://www.musinsa.com/app/goods/2856806?loc=goods_rank
양말레그웨어,36,MMASC007-MN,MUSINSA STANDARD,리브드 크루 삭스 7팩 [모노],"
                                                                                                                                                19900",19900,1715,https://www.musinsa.com/app/goods/1260385?loc=goods_rank
양말레그웨어,37,5000618466,SOCKPIENS,[8팩] 무압박 밴드 여자 무지 중목 양말,18900,14900,3673,https://www.musinsa.com/app/goods/2845854?loc=goods_rank
양말레그웨어,38,SNKSC01,SILN,See through over knee socks (BLACK),"
                                                                                                                                                18000",18000,105,https://www.musinsa.com/app/goods/3142646?loc=goods_rank
양말레그웨어,39,SPSSKSK,SAUNALABS,[10족세트] 스포츠 스니커즈 이중바닥 양말,30000,17900,138,https://www.musinsa.com/app/goods/2861303?loc=goods_rank
양말레그웨어,40,IJ0733,ADIDAS,미드컷 크루 삭스 3P - 화이트,22000,19900,740,https://www.musinsa.com/app/goods/3364214?loc=goods_rank
양말레그웨어,41,T17Z003,IL-O-GONG-CHIL,[6PACK] 1507 모노 트라우져 뱀부 삭스 _ 스노우 화이트/아이보리/블랙,22000,14900,2736,https://www.musinsa.com/app/goods/1358721?loc=goods_rank
양말레그웨어,42,SOCKS_1190,SUPERBASIC,1190 쿠션 크루삭스 5켤레 (2색상),"
                                                                                                                                                13900",13900,1603,https://www.musinsa.com/app/goods/783120?loc=goods_rank
양말레그웨어,43,S17Z005,IL-O-GONG-CHIL,[5PACK] 1507 빈티지 엠보 스케이트 삭스 - 아이보리/ 블랙/ 스노우 화이트,18500,13900,208,https://www.musinsa.com/app/goods/2937242?loc=goods_rank
양말레그웨어,44,T17Z010,IL-O-GONG-CHIL,[10PACK] 1507 모노 트라우져 쇼트 삭스 _ 화이트/블랙/스노우화이트,24000,12900,2499,https://www.musinsa.com/app/goods/2347097?loc=goods_rank
양말레그웨어,45,CKSS2E601MU,CHAMPION,[US] 클래식 Crew 양말 (MULTI COLOR) CKSS2E601MU,19000,9900,1016,https://www.musinsa.com/app/goods/2411315?loc=goods_rank
양말레그웨어,46,T17Z010,IL-O-GONG-CHIL,[5PACK] 1507 모노 트라우져 하프 삭스 _ 화이트,12000,9900,823,https://www.musinsa.com/app/goods/2584266?loc=goods_rank
양말레그웨어,47,T17Z003,IL-O-GONG-CHIL,[4PACK] 1507 클래식 애슬레틱 스케이트 삭스 - 컬러팩,19800,9900,250,https://www.musinsa.com/app/goods/2929716?loc=goods_rank
양말레그웨어,48,파노라믹 펄,BIARRITZ,[3set]파노라믹 펄  레이스 니삭스 3족 세트,"
                                                                                                                                                9900",9900,137,https://www.musinsa.com/app/goods/3301256?loc=goods_rank
양말레그웨어,49,HLSSCC001MC,HIGHLAND DELI AND GROCERY,Fresh Experience Socks 2pairs,15000,15000,220,https://www.musinsa.com/app/goods/2809856?loc=goods_rank
양말레그웨어,50,DXSO7102N-SBL,DISCOVERY EXPEDITION,픽셀 로고 하이 삭스 (S/BLUE),13000,7800,43,https://www.musinsa.com/app/goods/2444240?loc=goods_rank
양말레그웨어,51,T17Z002,IL-O-GONG-CHIL,[5PACK] 1507 우먼스 모노 슬림 립삭스,14800,9900,4160,https://www.musinsa.com/app/goods/472686?loc=goods_rank
양말레그웨어,52,M220MSC512M,T.I FOR MEN,네프사 양말_M220MSC512M,14900,7450,3,https://www.musinsa.com/app/goods/2330817?loc=goods_rank
양말레그웨어,53,M220MSC505M,T.I FOR MEN,솔리드 변형 립 양말_M220MSC505M,14900,7450,5,https://www.musinsa.com/app/goods/2330837?loc=goods_rank
양말레그웨어,54,MMASC203-WH,MUSINSA STANDARD,라이트웨이트 크루 삭스 10팩 [화이트],"
                                                                                                                                                27900",27900,9185,https://www.musinsa.com/app/goods/1986029?loc=goods_rank
양말레그웨어,55,basic h_lip,IL-O-GONG-CHIL,[10PACK] 1507 베이직 트라우져 립삭스 _ 스노우 화이트/블랙,33000,16900,15330,https://www.musinsa.com/app/goods/1342874?loc=goods_rank
양말레그웨어,56,5002924562,DOSSY,[10PACK] 프라임 컴포트 크루 삭스 중목 양말,34000,16900,207,https://www.musinsa.com/app/goods/3362432?loc=goods_rank
양말레그웨어,57,23FWSO001,LOOKAST,줄리 니트 삭스,"
                                                                                                                                                26000",26000,557,https://www.musinsa.com/app/goods/3230584?loc=goods_rank
양말레그웨어,58,MMASC204-WH/BK,MUSINSA STANDARD,라이트웨이트 미들 삭스 10팩 [화이트/블랙],27900,23690,4083,https://www.musinsa.com/app/goods/1996705?loc=goods_rank
양말레그웨어,59,MMASC205-WH/BK,MUSINSA STANDARD,페이크 삭스 10팩 [화이트/블랙],23900,21490,2023,https://www.musinsa.com/app/goods/2011852?loc=goods_rank
양말레그웨어,60,100798,WILD BRICKS,GLEN CHECK DRESS SOCKS SET (brown/navy/black),"
                                                                                                                                                19500",19500,95,https://www.musinsa.com/app/goods/1248111?loc=goods_rank
양말레그웨어,61,T17Z002,IL-O-GONG-CHIL,[5PACK] 1507 우먼스 모노 슬림 하이 립삭스 - 스노우화이트/크림/블랙,15800,10900,1260,https://www.musinsa.com/app/goods/3321450?loc=goods_rank
양말레그웨어,62,MMASC204-WH,MUSINSA STANDARD,라이트웨이트 미들 삭스 10팩 [화이트],27900,25090,3685,https://www.musinsa.com/app/goods/1996702?loc=goods_rank
양말레그웨어,63,T17Z005,IL-O-GONG-CHIL,[6PACK] 모노 애슬레틱 삭스 _ 화이트/블랙/스노우 화이트,20800,13900,3355,https://www.musinsa.com/app/goods/1717607?loc=goods_rank
양말레그웨어,64,T17Z005,IL-O-GONG-CHIL,[6PACK] 1507 엠보 트라우져 삭스 _ 스노우 화이트/블랙,19800,11500,2223,https://www.musinsa.com/app/goods/1532513?loc=goods_rank
양말레그웨어,65,MMBSC111-WH,MUSINSA STANDARD,와이드 리브드 크루 삭스 7팩 [화이트],"
                                                                                                                                                19900",19900,1224,https://www.musinsa.com/app/goods/2738095?loc=goods_rank
양말레그웨어,66,23SPSO001,LOOKAST,에밀리 니트 삭스,"
                                                                                                                                                18000",18000,87,https://www.musinsa.com/app/goods/3045863?loc=goods_rank
양말레그웨어,67,T17Z031,IL-O-GONG-CHIL,[5PACK] 1507 유니섹스 컬러 트라우져 삭스 - 컬러선택형,13900,9900,17218,https://www.musinsa.com/app/goods/1729576?loc=goods_rank
양말레그웨어,68,12635030,CLOVE,Coolmax Socks 2PCS (Green),"
                                                                                                                                                17000",17000,833,https://www.musinsa.com/app/goods/2610916?loc=goods_rank
양말레그웨어,69,T17Z003,IL-O-GONG-CHIL,[10PACK] 1507 클래식 더블 애슬레틱 하프 삭스 - 스노우화이트/블랙,27000,16200,892,https://www.musinsa.com/app/goods/2929635?loc=goods_rank
양말레그웨어,70,MMASC102-BK,MUSINSA STANDARD,라이트웨이트 미들 삭스 7팩 [블랙],19900,15890,3744,https://www.musinsa.com/app/goods/1094749?loc=goods_rank
양말레그웨어,71,MMASC203-BK,MUSINSA STANDARD,라이트웨이트 크루 삭스 10팩 [블랙],"
                                                                                                                                                27900",27900,1870,https://www.musinsa.com/app/goods/1986030?loc=goods_rank
양말레그웨어,72,MMASC101-MN,MUSINSA STANDARD,라이트웨이트 크루 삭스 7팩 [모노],"
                                                                                                                                                19900",19900,7630,https://www.musinsa.com/app/goods/991341?loc=goods_rank
양말레그웨어,73,K3343LSC63IVR,KODAK,심볼 로고 양말 3팩 세트,"
                                                                                                                                                19900",19900,195,https://www.musinsa.com/app/goods/3427359?loc=goods_rank
양말레그웨어,74,mono trouser 6p,IL-O-GONG-CHIL,[10PACK] 1507 수피마 페이크 삭스 _ 스노우 화이트/블랙,24000,18900,1033,https://www.musinsa.com/app/goods/2346958?loc=goods_rank
양말레그웨어,75,HD23SSC01C03,HDEX,메인 스몰 로고 삭스 2컬러 3packs,21000,18900,294,https://www.musinsa.com/app/goods/3397125?loc=goods_rank
양말레그웨어,76,MK2335AC021M0WH,MATIN KIM,MATIN SILKET HALF SOCKS IN WHITE,"
                                                                                                                                                18000",18000,870,https://www.musinsa.com/app/goods/3401265?loc=goods_rank
양말레그웨어,77,MMJSC028-WH,MUSINSA STANDARD,스포츠 삭스 7팩 [화이트],"
                                                                                                                                                17900",17900,4404,https://www.musinsa.com/app/goods/746154?loc=goods_rank
양말레그웨어,78,MMASC102-MN,MUSINSA STANDARD,라이트웨이트 미들 삭스 7팩 [모노],19900,17890,3201,https://www.musinsa.com/app/goods/1094750?loc=goods_rank
양말레그웨어,79,BCFWIFAC04,INSTANTFUNK,메리노울 로고 니삭스 4팩,"
                                                                                                                                                69000",69000,134,https://www.musinsa.com/app/goods/3453912?loc=goods_rank
양말레그웨어,80,emem10,EMEM,[10PACK] 씬 크루삭스,39900,16900,41,https://www.musinsa.com/app/goods/3491784?loc=goods_rank
양말레그웨어,81,S21490,ADIDAS,솔리드 크루 삭스 3P - 블랙:화이트,22000,15400,4521,https://www.musinsa.com/app/goods/1547562?loc=goods_rank
양말레그웨어,82,cottonmix,SODAMON,미민 코튼믹스 니삭스 4컬러,"
                                                                                                                                                15400",15400,3442,https://www.musinsa.com/app/goods/3111130?loc=goods_rank
양말레그웨어,83,M33001ESC90WHT,MUSINSA STANDARD SPORTS,울트라 쿠셔닝 스포츠 크루 삭스 (3PACK) [화이트] 드라이액션™,15900,13515,1121,https://www.musinsa.com/app/goods/3275357?loc=goods_rank
양말레그웨어,84,SC01WHF,NINEZ,[5pack] 프리미엄 크루삭스 SC01WHF,"
                                                                                                                                                13500",13500,107,https://www.musinsa.com/app/goods/3283099?loc=goods_rank
양말레그웨어,85,T17Z003,IL-O-GONG-CHIL,[10PACK] 1507 모노 메쉬 히든 삭스 _ 스노우 화이트/블랙 (페이크 삭스),24000,12900,4960,https://www.musinsa.com/app/goods/1286366?loc=goods_rank
양말레그웨어,86,T12D7ACK51CML1FAS,TOMMY HILFIGER,[기프트 박스] 패턴 롱 삭스 5P (T12D7ACK51CML1FAS),"
                                                                                                                                                49000",49000,1,https://www.musinsa.com/app/goods/3463467?loc=goods_rank
양말레그웨어,87,5005210949,MIZUNO,남성 단목 7족,19900,10900,82,https://www.musinsa.com/app/goods/3414110?loc=goods_rank
양말레그웨어,88,CO2200TC11WH,COVERNAT,어센틱 삭스 화이트,5900,4720,1790,https://www.musinsa.com/app/goods/2342848?loc=goods_rank
양말레그웨어,89,T17Z010,IL-O-GONG-CHIL,[5PACK] 1507 모노 트라우져 하프 삭스 _ 블랙,12000,9900,1256,https://www.musinsa.com/app/goods/1346070?loc=goods_rank
양말레그웨어,90,SFW-7012,SOXFIT,SFW-7012 여성 스포츠양말 3켤레,"
                                                                                                                                                9900",9900,300,https://www.musinsa.com/app/goods/2249328?loc=goods_rank
양말레그웨어,91,hackesch22W_AC09,HACKESCH,Too Leg Warmers_Gray,56000,39200,1074,https://www.musinsa.com/app/goods/2950171?loc=goods_rank
양말레그웨어,92,UNBDAY12,UNBDAY,[3PACKS] 여자 고탄력 팬티 스타킹 (4 color),17800,8900,582,https://www.musinsa.com/app/goods/1505508?loc=goods_rank
양말레그웨어,93,P0000CFR,FITS,웨이더 OTC 라이트 브라운,"
                                                                                                                                                32000",32000,5,https://www.musinsa.com/app/goods/2494504?loc=goods_rank
양말레그웨어,94,5001523193,SHOOPEN,[슈탠다드] 남녀공용 3팩 페이크 삭스(라이트웨이트) HPAO7DA12U,"
                                                                                                                                                7900",7900,5,https://www.musinsa.com/app/goods/3032839?loc=goods_rank
양말레그웨어,95,레그워머 (블랙),SPUNKY,레그워머 (블랙),32000,30400,5230,https://www.musinsa.com/app/goods/1222903?loc=goods_rank
양말레그웨어,96,WAPOHOS03420133-999,POLO RALPH LAUREN,코튼블렌드 캐주얼 크루 삭스 3팩 - 멀티,"
                                                                                                                                                30000",30000,1931,https://www.musinsa.com/app/goods/2433154?loc=goods_rank
양말레그웨어,97,LOEIL_W,LOEIL,베이직 코튼 니삭스 - 블랙,8800,7000,633,https://www.musinsa.com/app/goods/3105584?loc=goods_rank
양말레그웨어,98,17SC007,WILD BRICKS,MALLARD/REINDEER SOCKS 4SET (beige/navy/khaki/brown),"
                                                                                                                                                26000",26000,906,https://www.musinsa.com/app/goods/651864?loc=goods_rank
양말레그웨어,99,UO323CSC74_WHT0,UMBRO,변형 로고 에센셜 3PACK 미드 삭스 화이트(UO323CSC74),"
                                                                                                                                                25900",25900,138,https://www.musinsa.com/app/goods/3405111?loc=goods_rank
양말레그웨어,100,GY23CHW001,GLOWNY,SHEER KNEE HIGH SOCKS (IVORY),28000,25200,35,https://www.musinsa.com/app/goods/3536103?loc=goods_rank
