﻿카테고리,순위,품번,브랜드명,상품명(한글),판매가,비회원가,좋아요 수,URL
주얼리,1,06,QUARQOR,#3106 RING,25000,18750,14032,https://www.musinsa.com/app/goods/1717973?loc=goods_rank
주얼리,2,8,BYWEEKEND,silver925 big plat earring,"
                                                                                                                                                43000",43000,66,https://www.musinsa.com/app/goods/2321689?loc=goods_rank
주얼리,3,N065,DOHAS,freedom leather necklace,"
                                                                                                                                                28000",28000,3247,https://www.musinsa.com/app/goods/3034777?loc=goods_rank
주얼리,4,FTQFAXA812M,MARTIN PLAN,Slim Aim Ring,32000,30400,2372,https://www.musinsa.com/app/goods/2685504?loc=goods_rank
주얼리,5,JALJHP3BS807FA000,JESTINA,LALA J 새틴 리본 헤어집게핀 (JALJHP3BS807FA000),99000,47200,273,https://www.musinsa.com/app/goods/3105742?loc=goods_rank
주얼리,6,DFJW2203SV,DRAW FIT,레이어드 체인 써지컬 팔찌 [SILVER],25000,22500,7275,https://www.musinsa.com/app/goods/2570743?loc=goods_rank
주얼리,7,LPFL1A17G400000000,LLOYD,원형 큐빅 14K 귀걸이 (9종 택1),"
                                                                                                                                                39900",39900,1241,https://www.musinsa.com/app/goods/2181027?loc=goods_rank
주얼리,8,JALJHP3BS802FA000,JESTINA,LALA J 리본 헤어핀 - 블랙 (JALJHP3BS802FA000),49000,39200,891,https://www.musinsa.com/app/goods/3045318?loc=goods_rank
주얼리,9,DF22SS11012,DOFFJASON,카우하이드 체인 로프 레더 팔찌 BLACK,46000,39000,3542,https://www.musinsa.com/app/goods/2541647?loc=goods_rank
주얼리,10,FTRMAXA813M,MARTIN PLAN,Flat Flower Ring,39000,37000,988,https://www.musinsa.com/app/goods/3326349?loc=goods_rank
주얼리,11,fw1,KINDABABY,tiny pearls head band,46000,29900,95,https://www.musinsa.com/app/goods/2286307?loc=goods_rank
주얼리,12,1,NONENON,BIG BLOOM NEC,35000,28000,1756,https://www.musinsa.com/app/goods/2031098?loc=goods_rank
주얼리,13,JALJHS2BF820FA000,JESTINA,LALA J 헤어 스크런치 - 코지 그레이 (JALJHS2BF820FA000),70000,28000,241,https://www.musinsa.com/app/goods/2642452?loc=goods_rank
주얼리,14,DP2212HB001MBBM,DEPOUND,새틴 헤어밴드 미디움 [블랙],"
                                                                                                                                                28000",28000,167,https://www.musinsa.com/app/goods/3104620?loc=goods_rank
주얼리,15,1MG23SAC106,MARITHE FRANCOIS GIRBAUD,DENIM LOGO HAIR BAND blue,39000,27300,734,https://www.musinsa.com/app/goods/3037447?loc=goods_rank
주얼리,16,N067,DOHAS,leather hook necklace,"
                                                                                                                                                27000",27000,892,https://www.musinsa.com/app/goods/3247997?loc=goods_rank
주얼리,17,20ss cuff,SSY,[서지컬]핸드커프스 체인 팔찌,26000,13000,411,https://www.musinsa.com/app/goods/1473721?loc=goods_rank
주얼리,18,22 fw acc 1,KINDABABY,adorable pearl velvet ribbon,37000,25900,117,https://www.musinsa.com/app/goods/2955387?loc=goods_rank
주얼리,19,202-305,POSTLUDE,[SILVER] SV S CU R EARRING,35000,24500,3718,https://www.musinsa.com/app/goods/1490905?loc=goods_rank
주얼리,20,AC22FW04,ACHA,써지컬스틸 고양이 양면 목걸이 _ 실버,"
                                                                                                                                                21000",21000,804,https://www.musinsa.com/app/goods/2834291?loc=goods_rank
주얼리,21,AC23SS05,ACHA,써지컬스틸 메테오 펜던트 목걸이 _ 실버,22000,17600,140,https://www.musinsa.com/app/goods/3273694?loc=goods_rank
주얼리,22,LT_SP_NU_BD,CRAFTLINK,NOCHE DE UYUNI(우유니의 밤) BUNDLE(번들) 매듭팔찌,"
                                                                                                                                                16000",16000,265,https://www.musinsa.com/app/goods/3352932?loc=goods_rank
주얼리,23,SVB-#188,SHOVEOFF,SVB-#188 커팅 오닉스팔찌,25000,15000,419,https://www.musinsa.com/app/goods/874419?loc=goods_rank
주얼리,24,SVR-#626,SHOVEOFF,SVR-#626 brass RING 반지,"
                                                                                                                                                14000",14000,6727,https://www.musinsa.com/app/goods/1373065?loc=goods_rank
주얼리,25,P00000PL,VINEDEW,뱀줄 써지컬스틸 목걸이 2 type,"
                                                                                                                                                13500",13500,426,https://www.musinsa.com/app/goods/2892403?loc=goods_rank
주얼리,26,51,KINDABABY,vintage rose necklace(4colors),43000,43000,457,https://www.musinsa.com/app/goods/1457476?loc=goods_rank
주얼리,27,4301803,LUV IS TRUE,PO HEART PIN(SILVER),12000,10800,6080,https://www.musinsa.com/app/goods/1594008?loc=goods_rank
주얼리,28,S06484,VINTAGE HOLLYWOOD,Pearly Double Earring,39000,39000,88,https://www.musinsa.com/app/goods/2258589?loc=goods_rank
주얼리,29,06,QUARQOR,#5128 RING,25000,18750,3357,https://www.musinsa.com/app/goods/1717978?loc=goods_rank
주얼리,30,001 SBR,VAHOSTUDIO,sharp butterfly ring,"
                                                                                                                                                128000",128000,1506,https://www.musinsa.com/app/goods/2288182?loc=goods_rank
주얼리,31,11302744,JBANS CLASSIC,프리즘213 심플컬러스트링595BK 팔찌세트 (C2101-SE154_BK),31000,18600,13857,https://www.musinsa.com/app/goods/1806399?loc=goods_rank
주얼리,32,63020111G114FW22,VIVIENNE WESTWOOD,여성 소라다 바스 릴리프 목걸이 - 핑크 골드,380000,245000,451,https://www.musinsa.com/app/goods/3032528?loc=goods_rank
주얼리,33,JJT1NQ8AS075R4420,JESTINA,TIARA DUELLO 14K 목걸이 (JJT1NQ8AS075R4420),450000,220500,18,https://www.musinsa.com/app/goods/1287017?loc=goods_rank
주얼리,34,SBR-02,BICYCLETROPHY,S.S 체인팔찌 02 (2 TYPE),27000,24300,16520,https://www.musinsa.com/app/goods/1032085?loc=goods_rank
주얼리,35,6102003501P102FW22,VIVIENNE WESTWOOD,여성 칼리오페 팔찌 - 플래티넘:화이트,280000,188000,302,https://www.musinsa.com/app/goods/3196275?loc=goods_rank
주얼리,36,SNE-04,BICYCLETROPHY,S.S 체인 목걸이 04 (써지컬스틸 사각바 펜던트 목걸이),23000,20700,14060,https://www.musinsa.com/app/goods/1688203?loc=goods_rank
주얼리,37,TBH02ABBC001,TOWTOW ARCHIVE,PEACEMARK SYMBOL BRACELET-IVORY : ARCHIVE-001,"
                                                                                                                                                42000",42000,6560,https://www.musinsa.com/app/goods/2288198?loc=goods_rank
주얼리,38,N23MB05,NUMBERING,#5926,"
                                                                                                                                                160000",160000,125,https://www.musinsa.com/app/goods/3410924?loc=goods_rank
주얼리,39,101257,WILD BRICKS,BD CHAIN BRACELET (silver),"
                                                                                                                                                32000",32000,5636,https://www.musinsa.com/app/goods/1936888?loc=goods_rank
주얼리,40,001 SBN,VAHOSTUDIO,sharp butterfly necklace,"
                                                                                                                                                128000",128000,1250,https://www.musinsa.com/app/goods/2288183?loc=goods_rank
주얼리,41,FMQFAXA817M,MAISON MINED,FUSION RING,39000,31200,3825,https://www.musinsa.com/app/goods/2678989?loc=goods_rank
주얼리,42,23HOT RAW NECK,SSY,로우 빈티지 펄 목걸이,43000,29670,1456,https://www.musinsa.com/app/goods/3276186?loc=goods_rank
주얼리,43,JJMBNQ2BF549SW420,JESTINA,WHITEMOND 목걸이 (JJMBNQ2BF549SW420),120000,102000,71,https://www.musinsa.com/app/goods/2893829?loc=goods_rank
주얼리,44,P0000KCI,AEKKI,간절한 기도 목걸이,135000,94500,68,https://www.musinsa.com/app/goods/656084?loc=goods_rank
주얼리,45,HHPNGR,51PERCENT,Half & Half Pearl necklace - Grey,"
                                                                                                                                                89000",89000,303,https://www.musinsa.com/app/goods/2983593?loc=goods_rank
주얼리,46,LAYERED LEATHER_D1,MARK-4,LAYERED LEATHER (BLACK),24000,21600,12439,https://www.musinsa.com/app/goods/757929?loc=goods_rank
주얼리,47,AJOSS23-AC-03-SV,AJOBYAJO,[PBA] Razor Blade Necklace [SILVER],"
                                                                                                                                                86000",86000,2572,https://www.musinsa.com/app/goods/3111642?loc=goods_rank
주얼리,48,P00000XG,LUNNE,14k 루나 컷팅 원터치 링 귀걸이 (14k골드) #ER19,"
                                                                                                                                                85000",85000,37,https://www.musinsa.com/app/goods/2787678?loc=goods_rank
주얼리,49,13,ESEELMI,HANDMADE PEARL N LAPIS LAZULI NECKLACE,99000,79000,39,https://www.musinsa.com/app/goods/3514408?loc=goods_rank
주얼리,50,necklace-012,SEPTEMBER5,Square bold chian necklace,"
                                                                                                                                                19000",19000,3012,https://www.musinsa.com/app/goods/1296458?loc=goods_rank
주얼리,51,ES23MCP017,EOU STUDIO,MENS TEXTURE R4,"
                                                                                                                                                75000",75000,13,https://www.musinsa.com/app/goods/3462937?loc=goods_rank
주얼리,52,DW00400220DW00400221,DANIEL WELLINGTON,CLASSIC LUMINE RING 3컬러 커플링,78000,74100,1253,https://www.musinsa.com/app/goods/2839568?loc=goods_rank
주얼리,53,P00000RF,VINEDEW,텐더 러브 이니셜 커플 체인팔찌,"
                                                                                                                                                18500",18500,233,https://www.musinsa.com/app/goods/3073763?loc=goods_rank
주얼리,54,m1037_840765,HAS,BFH001 Black Round logo Hairband,28000,18200,3903,https://www.musinsa.com/app/goods/2377519?loc=goods_rank
주얼리,55,AJOSS23-AC-08-SV,AJOBYAJO,[PBA] White Pearl Bracelet [SILVER],"
                                                                                                                                                72000",72000,5161,https://www.musinsa.com/app/goods/3111637?loc=goods_rank
주얼리,56,AC22FW01,ACHA,써지컬스틸 링 체인 목걸이 _ 실버,"
                                                                                                                                                17000",17000,7306,https://www.musinsa.com/app/goods/701986?loc=goods_rank
주얼리,57,2020-003r,HAKKABLACKS,실버 회전 파도 반지,"
                                                                                                                                                62000",62000,481,https://www.musinsa.com/app/goods/2252068?loc=goods_rank
주얼리,58,B.W.P-n-05,AG47,B.W.P Necklace-05 Cross Pendent,"
                                                                                                                                                62000",62000,566,https://www.musinsa.com/app/goods/2511914?loc=goods_rank
주얼리,59,23S1N2,GRAYNOISE,Needle chain necklace (925 silver),"
                                                                                                                                                62000",62000,364,https://www.musinsa.com/app/goods/3126201?loc=goods_rank
주얼리,60,JJLJNQ1BS302SW420,JESTINA,WHITEMOND 목걸이 (JJLJNQ1BS302SW420),128000,59200,3135,https://www.musinsa.com/app/goods/1751913?loc=goods_rank
주얼리,61,JJLJNQ1BS300SW420,JESTINA,WHITEMOND 목걸이 (JJLJNQ1BS300SW420),128000,59200,6217,https://www.musinsa.com/app/goods/1751915?loc=goods_rank
주얼리,62,101496,WILD BRICKS,WL DUAL BRACELET (indigo),"
                                                                                                                                                59000",59000,4494,https://www.musinsa.com/app/goods/2468034?loc=goods_rank
주얼리,63,101871,WILD BRICKS,EN SHORT NECKLACE (black),"
                                                                                                                                                59000",59000,587,https://www.musinsa.com/app/goods/3190891?loc=goods_rank
주얼리,64,B.W.P-n-03,AG47,B.W.P Necklace-03 Basic Pearl 8mm,"
                                                                                                                                                58000",58000,928,https://www.musinsa.com/app/goods/2511745?loc=goods_rank
주얼리,65,1000,DOL,개나리 네크리스 [실버/골드],"
                                                                                                                                                57000",57000,184,https://www.musinsa.com/app/goods/3191814?loc=goods_rank
주얼리,66,E0085,BLESSED BULLET,스퀘어 체인 목걸이_실버925_엔틱실버/블랙실버/로즈골드/골드,199000,56000,2296,https://www.musinsa.com/app/goods/1952824?loc=goods_rank
주얼리,67,JJLJNQ3BF340SR420,JESTINA,WHITEMOND HEART 목걸이 (JJLJNQ3BF340SR420),99000,55200,58,https://www.musinsa.com/app/goods/3414469?loc=goods_rank
주얼리,68,Un.silver.138,VERTE,[MENS] SOIR NECKLACE (2 COLOR),"
                                                                                                                                                55000",55000,1300,https://www.musinsa.com/app/goods/2843117?loc=goods_rank
주얼리,69,HHPN,51PERCENT,Half & Half Pearl necklace,"
                                                                                                                                                54000",54000,1506,https://www.musinsa.com/app/goods/2363562?loc=goods_rank
주얼리,70,IEJE3G001G2,IL CORSO,레이어드 진주 체인 팔찌 그레이 IEJE3G001G2,75000,52500,215,https://www.musinsa.com/app/goods/3239754?loc=goods_rank
주얼리,71,TBH12CDBC003NVON,TOWTOW ARCHIVE,MAUI LEATHER BRACELET-NAVY : ARCHIVE-005,"
                                                                                                                                                52000",52000,2399,https://www.musinsa.com/app/goods/2288225?loc=goods_rank
주얼리,72,TBH12CDBC003BRON,TOWTOW ARCHIVE,MAUI LEATHER BRACELET-BROWN : ARCHIVE-005,"
                                                                                                                                                52000",52000,432,https://www.musinsa.com/app/goods/2782669?loc=goods_rank
주얼리,73,m1037_751822,HAS,LV039 Classic freshwater pearl necklace.,69000,51750,5170,https://www.musinsa.com/app/goods/2216460?loc=goods_rank
주얼리,74,TBH12ABBC002PP,TOWTOW ARCHIVE,CLOVER SYMBOL BRACELET-PURPLE : ARCHIVE-003,"
                                                                                                                                                48000",48000,5809,https://www.musinsa.com/app/goods/2288200?loc=goods_rank
주얼리,75,E0085,BLESSED BULLET,스퀘어 체인 팔찌_실버925,139000,46000,116,https://www.musinsa.com/app/goods/3227184?loc=goods_rank
주얼리,76,un.silver.89,VERTE,AVOCAT NECKLACE (SILVER),"
                                                                                                                                                45000",45000,3592,https://www.musinsa.com/app/goods/2696430?loc=goods_rank
주얼리,77,202305,RUNDS,블랙 젬스톤 넥크리스,"
                                                                                                                                                45000",45000,2178,https://www.musinsa.com/app/goods/3090752?loc=goods_rank
주얼리,78,GSPR-003,GLORY_ARDEN,변색/알러지없는 써지컬스틸 4mm 기본링,14000,11200,756,https://www.musinsa.com/app/goods/355765?loc=goods_rank
주얼리,79,project 13,THE COLDEST MOMENT,TCM vintage stone necklace,49000,44100,416,https://www.musinsa.com/app/goods/3494567?loc=goods_rank
주얼리,80,163,BYWEEKEND,silver925 basic cubic ring,"
                                                                                                                                                43000",43000,19,https://www.musinsa.com/app/goods/3480348?loc=goods_rank
주얼리,81,TBH32ABBC030,TOWTOW ARCHIVE,PAISLEY SYMBOL BRACELET-TURQUOISE,"
                                                                                                                                                42000",42000,209,https://www.musinsa.com/app/goods/3408340?loc=goods_rank
주얼리,82,deux.k.09,VERTE,[14K] HAUTE PEARL EARRING (8MM)(GRAY),"
                                                                                                                                                41000",41000,14,https://www.musinsa.com/app/goods/3423536?loc=goods_rank
주얼리,83,SC1044T-ESV18,STONEHENGE,실버 진주 귀걸이 SC1044,80000,40000,130,https://www.musinsa.com/app/goods/3226057?loc=goods_rank
주얼리,84,ss 10,KINDABABY,selena silk ribbon headband,49000,39200,95,https://www.musinsa.com/app/goods/3280145?loc=goods_rank
주얼리,85,23ss26,MERRYMOTIVE,3 pendant point with slim chain necklace,"
                                                                                                                                                39000",39000,221,https://www.musinsa.com/app/goods/3177589?loc=goods_rank
주얼리,86,OPLCNM2311,OURPIERRE,러브 스키니 비즈 네크리스 블랙 (M),"
                                                                                                                                                39000",39000,188,https://www.musinsa.com/app/goods/3425973?loc=goods_rank
주얼리,87,2023SS-003N,HAKKABLACKS,Morse Code Shell Necklace (Black-Silver),"
                                                                                                                                                38000",38000,292,https://www.musinsa.com/app/goods/3358443?loc=goods_rank
주얼리,88,C0233,BLESSED BULLET,10mm 가시 링크 목걸이_빈티지 실버/실버,119000,36000,1673,https://www.musinsa.com/app/goods/1864706?loc=goods_rank
주얼리,89,deux.silver.122,VERTE,LIEN EARRING (SILVER),"
                                                                                                                                                35000",35000,566,https://www.musinsa.com/app/goods/2696579?loc=goods_rank
주얼리,90,5002956574,MARDI MERCREDI,HAIR BAND LOGO EMBELLISHMENT TERRY_BLACK WHITE,"
                                                                                                                                                35000",35000,910,https://www.musinsa.com/app/goods/3206514?loc=goods_rank
주얼리,91,KCRMAAC542MIVA,KIRSH,컬렉션 비건 레더 스크런치 [아이보리],39000,35100,154,https://www.musinsa.com/app/goods/3250107?loc=goods_rank
주얼리,92,23 Summer AWAW,PEARLY MORE,유어 네임 데일리 목걸이,41000,34850,96,https://www.musinsa.com/app/goods/3374844?loc=goods_rank
주얼리,93,38103,HAWHA,BOLD SPARKLE CHAIN NECKLACE,43000,34400,363,https://www.musinsa.com/app/goods/2540241?loc=goods_rank
주얼리,94,w0001,BLESSED BULLET,블랙라인 볼드 체인 목걸이_블랙실버_6mm/8mm/11mm/10mm/13mm,107000,34000,1878,https://www.musinsa.com/app/goods/986482?loc=goods_rank
주얼리,95,FL-703_layered,FLAREUP,[세트상품] Layered SET Necklace (FL-703),"
                                                                                                                                                34000",34000,8445,https://www.musinsa.com/app/goods/1046567?loc=goods_rank
주얼리,96,5004507306,MARDI MERCREDI,HAIR BAND LOGO EMBELLISHMENT VELVET_GREEN CREAM,35000,33250,49,https://www.musinsa.com/app/goods/3555079?loc=goods_rank
주얼리,97,22ss_20,MERRYMOTIVE,Grey corduroy ribbon hairpin,"
                                                                                                                                                33000",33000,169,https://www.musinsa.com/app/goods/2431934?loc=goods_rank
주얼리,98,nff1,NFF,choco shop ring,"
                                                                                                                                                33000",33000,1,https://www.musinsa.com/app/goods/3562626?loc=goods_rank
주얼리,99,22WTE,PEARLY MORE,리틀 스노우맨 컷팅 볼체인 목걸이,38000,32300,45,https://www.musinsa.com/app/goods/2968475?loc=goods_rank
주얼리,100,571,ALMOSTBLUE,담수 진주 목걸이 (2/4/6/8 mm),34800,31800,1765,https://www.musinsa.com/app/goods/2513172?loc=goods_rank
