﻿카테고리,순위,품번,브랜드명,상품명(한글),판매가,비회원가,좋아요 수,URL
리빙,1,APOGSPLBL01GN,APIECEOFCAKE,Signature Bear Cushion&Blanket_Green,45000,45000,4681,https://www.musinsa.com/app/goods/1798257?loc=goods_rank
리빙,2,SD_CS,AOZ,솔리드 디퓨저 클라우드 실버,"
                                                                                                                                                106000",106000,3,https://www.musinsa.com/app/goods/3068344?loc=goods_rank
리빙,3,PWIKR450359,WIGGLE WIGGLE,차량용 방향제 - Wiggle Bear,32700,29800,514,https://www.musinsa.com/app/goods/3453786?loc=goods_rank
리빙,4,MMAUM004-BK,MUSINSA STANDARD,UV 차단 자동 장우산 [블랙],"
                                                                                                                                                19900",19900,5811,https://www.musinsa.com/app/goods/793813?loc=goods_rank
리빙,5,MMAUM004-GI,MUSINSA STANDARD,UV 차단 자동 장우산 [그레이쉬 베이지],"
                                                                                                                                                19900",19900,1216,https://www.musinsa.com/app/goods/2999055?loc=goods_rank
리빙,6,10808R1,HELINOX,엄브렐라 투 - 코요테탄,"
                                                                                                                                                75000",75000,55,https://www.musinsa.com/app/goods/2806728?loc=goods_rank
리빙,7,MIGH0001-BK,MUSINSA STANDARD,무신사 스탠다드 상의용 옷걸이 10팩 [블랙],"
                                                                                                                                                15900",15900,11694,https://www.musinsa.com/app/goods/1136908?loc=goods_rank
리빙,8,3267,PARACHASE,3267 울트라 빅사이즈 초대형 골프 3단 자동 우산,"
                                                                                                                                                26000",26000,161,https://www.musinsa.com/app/goods/2237485?loc=goods_rank
리빙,9,DP-DBL,DE:PROJECT,디불 차량용방향제,"
                                                                                                                                                49000",49000,163,https://www.musinsa.com/app/goods/2440843?loc=goods_rank
리빙,10,PWIKR450436,WIGGLE WIGGLE,블루밍 장우산,35000,32900,269,https://www.musinsa.com/app/goods/3353102?loc=goods_rank
리빙,11,ZLUV2353,ZIKLAG,UV 차단 암막 3단 자동 양우산 2color,41900,41900,2301,https://www.musinsa.com/app/goods/3308959?loc=goods_rank
리빙,12,1626318,WIGGLE WIGGLE,우드 장우산 - Smile_Check,35000,29700,828,https://www.musinsa.com/app/goods/1919396?loc=goods_rank
리빙,13,1541931,WIGGLE WIGGLE,미니 5단 양우산,34000,27200,1390,https://www.musinsa.com/app/goods/1492326?loc=goods_rank
리빙,14,protein,LOWCALSIC,프로틴바 초코청크맛 1box  (12ea),29900,26900,521,https://www.musinsa.com/app/goods/2983372?loc=goods_rank
리빙,15,gbhhome,GBH HOME,DAILY DISHWASHING LIQUID (1종 주방세제),13000,11700,14,https://www.musinsa.com/app/goods/2985510?loc=goods_rank
리빙,16,46,MORL HOME,[선물포장] 에나멜 파우치 (Long) 3컬러,"
                                                                                                                                                11000",11000,392,https://www.musinsa.com/app/goods/3233361?loc=goods_rank
리빙,17,1538678,WIGGLE WIGGLE,투명우산 시즌2,16800,15100,3589,https://www.musinsa.com/app/goods/1476068?loc=goods_rank
리빙,18,39,MORL HOME,마블 메모지 2컬러,"
                                                                                                                                                3000",3000,14,https://www.musinsa.com/app/goods/3233242?loc=goods_rank
리빙,19,MMAUM004-KH,MUSINSA STANDARD,UV 차단 자동 장우산 [카키],"
                                                                                                                                                19900",19900,1499,https://www.musinsa.com/app/goods/793815?loc=goods_rank
리빙,20,OALTNF500A1,SIDIZ,T50 컴퓨터 책상 의자 화이트 (HA),"
                                                                                                                                                284000",284000,99,https://www.musinsa.com/app/goods/3065442?loc=goods_rank
리빙,21,3109,PARACHASE,3109 빅 사이즈 K4 자동 3단 우산,"
                                                                                                                                                23000",23000,2418,https://www.musinsa.com/app/goods/1390980?loc=goods_rank
리빙,22,1325644621,KUNDAL,오브제 바이 쿤달 퍼퓸 볼케니크 스톤디퓨저,"
                                                                                                                                                40500",40500,1384,https://www.musinsa.com/app/goods/2831488?loc=goods_rank
리빙,23,RF4ACBD1UM002_CLASSIC CHECK,ROCKFISH WEATHERWEAR,CLASSIC UMBRELLA SHORT (CLASSIC CHECK) - 3color,44000,39600,1537,https://www.musinsa.com/app/goods/3118128?loc=goods_rank
리빙,24,RF4ACBD1UM002_BLACK DOT,ROCKFISH WEATHERWEAR,CLASSIC UMBRELLA SHORT (DOT) - BLACK,44000,39600,2912,https://www.musinsa.com/app/goods/3118133?loc=goods_rank
리빙,25,MMAUM002-BK,MUSINSA STANDARD,UV 차단 3단 우양산 [블랙],"
                                                                                                                                                16900",16900,3341,https://www.musinsa.com/app/goods/793816?loc=goods_rank
리빙,26,2021-0025,ELEGANT TABLE,모던비어글라스 맥주잔,"
                                                                                                                                                8800",8800,27,https://www.musinsa.com/app/goods/2337476?loc=goods_rank
리빙,27,심리스베딩 FULL OF LUCK MIDNIGHT,DROPDROPDROP,DRP 심리스베딩 FULL OF LUCK MIDNIGHT,169000,135200,54,https://www.musinsa.com/app/goods/3538627?loc=goods_rank
리빙,28,1652734,WIGGLE WIGGLE,투명우산 1 - Smile We Love,"
                                                                                                                                                13000",13000,1748,https://www.musinsa.com/app/goods/1954374?loc=goods_rank
리빙,29,MMAUM004-NA,MUSINSA STANDARD,UV 차단 자동 장우산 [네이비],"
                                                                                                                                                19900",19900,1171,https://www.musinsa.com/app/goods/793814?loc=goods_rank
리빙,30,1667820,DANSOON,프레그런스 디퓨저 200ml+200ml,24000,19900,29,https://www.musinsa.com/app/goods/1836459?loc=goods_rank
리빙,31,로이,MIX&MATCH,미드센추리 로이 항균 4면 밴딩패드 SS/Q 12colors,19900,17900,2105,https://www.musinsa.com/app/goods/2797851?loc=goods_rank
리빙,32,MIGH0002-BK,MUSINSA STANDARD,무신사 스탠다드 하의용 옷걸이 8팩 [블랙],"
                                                                                                                                                15900",15900,7812,https://www.musinsa.com/app/goods/1136909?loc=goods_rank
리빙,33,1125374-0-2,MAATILA,가드 M2 알러지케어 차렵이불세트(SS/Q/K) 6종,99900,59900,184,https://www.musinsa.com/app/goods/3456540?loc=goods_rank
리빙,34,5005470934,PASTELLA,파스텔우산 16K 자동 장우산 PS1,"
                                                                                                                                                14800",14800,109,https://www.musinsa.com/app/goods/3464556?loc=goods_rank
리빙,35,101088,WILD BRICKS,EN STRIPE BLANKET (black),"
                                                                                                                                                59000",59000,96,https://www.musinsa.com/app/goods/1732396?loc=goods_rank
리빙,36,2231985,KINTO,데이오프텀블러500ML(카키)-24,"
                                                                                                                                                50000",50000,30,https://www.musinsa.com/app/goods/1860783?loc=goods_rank
리빙,37,23OHSUB01SKF,ODDONEOUT,Blue Ballerina umbrella,"
                                                                                                                                                49000",49000,1759,https://www.musinsa.com/app/goods/3325563?loc=goods_rank
리빙,38,check black,MIX&MATCH,[사은품증정]체커보드 극세사 밍크 양털 담요 3size,14900,11900,4827,https://www.musinsa.com/app/goods/2821809?loc=goods_rank
리빙,39,humidumbrella,FOGBOW,humid umbrella,"
                                                                                                                                                45000",45000,59,https://www.musinsa.com/app/goods/3424124?loc=goods_rank
리빙,40,APOGFWLBL01VI,APIECEOFCAKE,Signature Bear Cushion&Blanket_Violet,45000,40500,1226,https://www.musinsa.com/app/goods/2159450?loc=goods_rank
리빙,41,5,HETRAS,프리미엄 대용량 디퓨저 500ml 5개 선물세트,"
                                                                                                                                                39800",39800,85,https://www.musinsa.com/app/goods/2803443?loc=goods_rank
리빙,42,Oilly_CHF_Viktoria,TOUNOU,"Oilly 작가, Viktoria 쉬폰 패브릭 포스터","
                                                                                                                                                39900",39900,69,https://www.musinsa.com/app/goods/3418577?loc=goods_rank
리빙,43,8809693358212,JOGUMAN STUDIO,주방매트,"
                                                                                                                                                39000",39000,25,https://www.musinsa.com/app/goods/3360129?loc=goods_rank
리빙,44,TN21SAC015OR,THISISNEVERTHAT,Rhodia notepad N° 11 Orange,6000,2400,832,https://www.musinsa.com/app/goods/1778964?loc=goods_rank
리빙,45,LHC8032,LOCKNLOCK,핫탱크 보온도시락 460ml (전용가방+젓가락),54800,37900,95,https://www.musinsa.com/app/goods/2909160?loc=goods_rank
리빙,46,DP0049,DR.PIEL,와이드 필터 샤워기 리필필터 1년 세트 (1차필터 6EA + 2차필터 2EA),"
                                                                                                                                                37800",37800,1,https://www.musinsa.com/app/goods/3497006?loc=goods_rank
리빙,47,kai bedding 5,MIX&MATCH,미드센추리 카이 항균 이불베개세트 SS/Q 미드나잇그린,39900,35900,2421,https://www.musinsa.com/app/goods/2798743?loc=goods_rank
리빙,48,Checklist,SOSOMOONGOO,문덕 스탠드 체크리스트: 이루다,"
                                                                                                                                                8900",8900,245,https://www.musinsa.com/app/goods/2051360?loc=goods_rank
리빙,49,5003265029,SAMICK,NEW 라이프 9존 매트리스 토퍼(풀세트 멀티싱글),95500,34900,16,https://www.musinsa.com/app/goods/3402880?loc=goods_rank
리빙,50,MG2CSMAB80ANV,MAHAGRID,COLLEGE LOGO PILLOW NAVY(MG2CSMAB80A),49000,34300,143,https://www.musinsa.com/app/goods/2299807?loc=goods_rank
리빙,51,PWIKR410080,WIGGLE WIGGLE,쿠션담요 - Honey Bee,42800,34200,1094,https://www.musinsa.com/app/goods/2979695?loc=goods_rank
리빙,52,.,ROMANE,Romane 롱 발매트,"
                                                                                                                                                32000",32000,233,https://www.musinsa.com/app/goods/2392352?loc=goods_rank
리빙,53,RF4ACBD1UM001_BLACK DOT,ROCKFISH WEATHERWEAR,CLASSIC UMBRELLA LONG (DOT) - BLACK,35000,31500,636,https://www.musinsa.com/app/goods/3118127?loc=goods_rank
리빙,54,RF4ACBD1UM001_GINGHAM CHECK,ROCKFISH WEATHERWEAR,CLASSIC UMBRELLA LONG (GINGHAM CHECK) - 3color,35000,31500,612,https://www.musinsa.com/app/goods/3118132?loc=goods_rank
리빙,55,NG2DSUAB62AMX,NICEGHOSTCLUB,쓰리 스타 러그 매트_믹스(NG2DSUAB62A),39000,31200,4828,https://www.musinsa.com/app/goods/3031152?loc=goods_rank
리빙,56,LHC8045S,LOCKNLOCK,미니보온도시락 메트로 푸드자 300ml (커버포함),43500,30500,100,https://www.musinsa.com/app/goods/2634303?loc=goods_rank
리빙,57,12373685,MONOFLAT,모던 스탠드 Y자 행거,"
                                                                                                                                                29900",29900,276,https://www.musinsa.com/app/goods/1753031?loc=goods_rank
리빙,58,1663770,WIGGLE WIGGLE,메트로 텀블러 위글위글 에디션,33000,29700,1234,https://www.musinsa.com/app/goods/1973069?loc=goods_rank
리빙,59,777,XDDESIGN,UV 차단 3단 자동 우산,"
                                                                                                                                                29000",29000,1626,https://www.musinsa.com/app/goods/2236994?loc=goods_rank
리빙,60,3262,PARACHASE,3262 프리미엄 우드그립 빅사이즈 자동 3단 우산,"
                                                                                                                                                28000",28000,109,https://www.musinsa.com/app/goods/2237331?loc=goods_rank
리빙,61,LHC4277S,LOCKNLOCK,메트로 드라이브 텀블러 650ml(+세척솔+빨대 구성),39900,27900,747,https://www.musinsa.com/app/goods/2634316?loc=goods_rank
리빙,62,kinder_m,MIX&MATCH,킨더 고밀도 60수 바이오워싱 매트리스커버 SS/Q 6colors,29900,26900,834,https://www.musinsa.com/app/goods/2932291?loc=goods_rank
리빙,63,5002755505,EARPEARP,SUNGLASSES CHICHI(러그),29000,26900,450,https://www.musinsa.com/app/goods/3123013?loc=goods_rank
리빙,64,2+1,HETRAS,프리미엄 대용량 디퓨저 500ml 3개 선물세트,"
                                                                                                                                                26100",26100,537,https://www.musinsa.com/app/goods/2803439?loc=goods_rank
리빙,65,MMAUM003-BK,MUSINSA STANDARD,24K 장우산 [블랙],"
                                                                                                                                                25900",25900,2067,https://www.musinsa.com/app/goods/2030199?loc=goods_rank
리빙,66,SET-M-20-025,HARIBO,[SET] 골드베렌 스푼 2P · 포크 2P,"
                                                                                                                                                24600",24600,121,https://www.musinsa.com/app/goods/1721748?loc=goods_rank
리빙,67,SANGUINE BEAR,SANGUINE,생귄 곰돌이 방향제,"
                                                                                                                                                24070",24070,3,https://www.musinsa.com/app/goods/3391068?loc=goods_rank
리빙,68,CO2300TC02,COVERNAT,어센틱 로고 장우산,39000,23400,236,https://www.musinsa.com/app/goods/3235297?loc=goods_rank
리빙,69,3218,PARACHASE,3218 프리미엄 우드 그립 전자동 3단 암막 우산 - 우양산겸용,"
                                                                                                                                                23000",23000,83,https://www.musinsa.com/app/goods/1391058?loc=goods_rank
리빙,70,7165,PARACHASE,7165 프리미엄 우드그립 가죽포인트 16K 남성 장우산,"
                                                                                                                                                23000",23000,1442,https://www.musinsa.com/app/goods/1402557?loc=goods_rank
리빙,71,2101,PARACHASE,2101 12패널 시그니처 이니셜 각인 우드그립 자동 장우산,"
                                                                                                                                                23000",23000,2358,https://www.musinsa.com/app/goods/2582572?loc=goods_rank
리빙,72,1019-1,PARACHASE,1019-1 로즈골드 메탈릭 16패널 장우산,"
                                                                                                                                                22000",22000,2301,https://www.musinsa.com/app/goods/1833302?loc=goods_rank
리빙,73,17,DOADREAM,호텔식 100수 베개커버,"
                                                                                                                                                21900",21900,,https://www.musinsa.com/app/goods/3378095?loc=goods_rank
리빙,74,PWIKR410112,WIGGLE WIGGLE,욕실 슬리퍼 S2 - Kitten,"
                                                                                                                                                21800",21800,31,https://www.musinsa.com/app/goods/3533162?loc=goods_rank
리빙,75,belly_f_8,MIX&MATCH,[벨리곰X믹스앤매치]마켓 벨리 메모리폼 극세사발매트 40*60,26900,21500,72,https://www.musinsa.com/app/goods/3224295?loc=goods_rank
리빙,76,3101,PARACHASE,3101 A3 우드그립 3단 자동우산,"
                                                                                                                                                21000",21000,109,https://www.musinsa.com/app/goods/1391092?loc=goods_rank
리빙,77,D17YM,CROWCANYON,D17 시리얼보울 옐로우마블,"
                                                                                                                                                21000",21000,136,https://www.musinsa.com/app/goods/1555615?loc=goods_rank
리빙,78,D17LGM,CROWCANYON,D17 시리얼보울 민트마블,"
                                                                                                                                                21000",21000,209,https://www.musinsa.com/app/goods/2715443?loc=goods_rank
리빙,79,D17PKM,CROWCANYON,D17 시리얼보울 핑크마블,"
                                                                                                                                                21000",21000,118,https://www.musinsa.com/app/goods/2715479?loc=goods_rank
리빙,80,CO2300TC01,COVERNAT,어센틱 로고 단우산,35000,21000,627,https://www.musinsa.com/app/goods/3235302?loc=goods_rank
리빙,81,REW-007K,THERMOS,심플 데일리 보냉백 REW-007K 7L 도시락 가방,24000,21000,12,https://www.musinsa.com/app/goods/3529866?loc=goods_rank
리빙,82,LCB110S01,LOCKNLOCK,DOSILOCK 프로페셔널 도시락 세트,28500,19900,523,https://www.musinsa.com/app/goods/2668026?loc=goods_rank
리빙,83,Radian Tritan,BLENDER BOTTLE,레디안 트라이탄 946ml,24900,19920,8,https://www.musinsa.com/app/goods/2832701?loc=goods_rank
리빙,84,263501,GIORDANO,263501 장우산_10color,24800,19800,131,https://www.musinsa.com/app/goods/3386507?loc=goods_rank
리빙,85,LUJSU80006,JINYSTAR,POE 돔형 스마일 드롭 장우산 LUJSU80006,"
                                                                                                                                                19000",19000,101,https://www.musinsa.com/app/goods/3236239?loc=goods_rank
리빙,86,1078207,COLLINS,인센스 - GOOD TIMES EDITION,"
                                                                                                                                                18900",18900,215,https://www.musinsa.com/app/goods/2941022?loc=goods_rank
리빙,87,PWIKR410098,WIGGLE WIGGLE,욕실 슬리퍼 - Bubble Bear,21800,18900,1628,https://www.musinsa.com/app/goods/3184515?loc=goods_rank
리빙,88,5006946764,UNROLL SURFACE,리트컵 머그_자연소재 컵 - 베이직 (3 colors) 330ml,"
                                                                                                                                                18000",18000,1178,https://www.musinsa.com/app/goods/3001988?loc=goods_rank
리빙,89,HEM 100,HEM,인센스 스틱 향 100개입,"
                                                                                                                                                16900",16900,825,https://www.musinsa.com/app/goods/1244310?loc=goods_rank
리빙,90,belly_p1,MIX&MATCH,[벨리곰X믹스앤매치]얌얌 벨리 항균 코디베개커버 50*70,21900,16900,187,https://www.musinsa.com/app/goods/3224355?loc=goods_rank
리빙,91,1691099,JUPAZIP,회전식 풀메탈 주차번호판,25900,16500,133,https://www.musinsa.com/app/goods/1501360?loc=goods_rank
리빙,92,5002922285,SHOOPEN,16립 반자동 장우산 HPAULDA01A,"
                                                                                                                                                15900",15900,309,https://www.musinsa.com/app/goods/3372689?loc=goods_rank
리빙,93,MMJGH003-BK,MUSINSA STANDARD,무신사 스탠다드 아우터용 옷걸이 10팩 [블랙],16900,15190,5358,https://www.musinsa.com/app/goods/1291189?loc=goods_rank
리빙,94,1763814,WIGGLE WIGGLE,투명우산 - Cocktail Party,16800,15100,376,https://www.musinsa.com/app/goods/2565946?loc=goods_rank
리빙,95,6834999,PENCO,다용도 PVC 비닐 지퍼파우치 5종 라지,"
                                                                                                                                                15000",15000,8,https://www.musinsa.com/app/goods/2138571?loc=goods_rank
리빙,96,PWIKR410100,WIGGLE WIGGLE,세안밴드 - Bubble Bear,15200,13800,528,https://www.musinsa.com/app/goods/3347174?loc=goods_rank
리빙,97,5000313763,PLAYBOY GOLF,남녀공용 골프 캐노피  장우산 PBUM107,42500,42500,678,https://www.musinsa.com/app/goods/2755913?loc=goods_rank
리빙,98,5002870270,SHOOPEN,3단 우산 HPAUHDA01A,"
                                                                                                                                                9900",9900,97,https://www.musinsa.com/app/goods/3358735?loc=goods_rank
리빙,99,D49LGM,CROWCANYON,D49 스몰스푼 민트마블,"
                                                                                                                                                9000",9000,5,https://www.musinsa.com/app/goods/3421344?loc=goods_rank
리빙,100,5002694322,INDIGO,기본 18개월 탁상 달력 v.3 (23년 7월24년 12월날짜+만년),"
                                                                                                                                                8800",8800,100,https://www.musinsa.com/app/goods/3306298?loc=goods_rank
