﻿카테고리,순위,품번,브랜드명,상품명(한글),판매가,비회원가,좋아요 수,URL
리빙,1,APOGSPLBL01GN,APIECEOFCAKE,Signature Bear Cushion&Blanket_Green,45000,45000,4715,https://www.musinsa.com/app/goods/1798257?loc=goods_rank
리빙,2,MMAUM004-BK,MUSINSA STANDARD,UV 차단 자동 장우산 [블랙],"
                                                                                                                                                19900",19900,5815,https://www.musinsa.com/app/goods/793813?loc=goods_rank
리빙,3,MMAUM003-BK,MUSINSA STANDARD,24K 장우산 [블랙],"
                                                                                                                                                25900",25900,2071,https://www.musinsa.com/app/goods/2030199?loc=goods_rank
리빙,4,RF4ACBD1UM002_CLASSIC CHECK,ROCKFISH WEATHERWEAR,CLASSIC UMBRELLA SHORT (CLASSIC CHECK) - 3color,44000,39600,1536,https://www.musinsa.com/app/goods/3118128?loc=goods_rank
리빙,5,ZLUV2353,ZIKLAG,UV 차단 암막 3단 자동 양우산 2color,41900,41900,2301,https://www.musinsa.com/app/goods/3308959?loc=goods_rank
리빙,6,ENN116WHT,LOCKNLOCK,진공사료통 7L,59000,49900,91,https://www.musinsa.com/app/goods/2668082?loc=goods_rank
리빙,7,3109,PARACHASE,3109 빅 사이즈 K4 자동 3단 우산,"
                                                                                                                                                23000",23000,2419,https://www.musinsa.com/app/goods/1390980?loc=goods_rank
리빙,8,BWGRUMBRE1PDBZZZ,BROOKLYN WORKS,아웃도어 우산,60000,42000,94,https://www.musinsa.com/app/goods/3383527?loc=goods_rank
리빙,9,mosh!_450ml_화이트,MOSH,보온보냉 라떼 텀블러 450ml 화이트,"
                                                                                                                                                38800",38800,1371,https://www.musinsa.com/app/goods/907608?loc=goods_rank
리빙,10,NG2DSUAB62AMX,NICEGHOSTCLUB,쓰리 스타 러그 매트_믹스(NG2DSUAB62A),39000,31200,4830,https://www.musinsa.com/app/goods/3031152?loc=goods_rank
리빙,11,PFOKR04012_3,FORMENT,올라운드 퍼퓸 디퓨저 120ml,44000,30500,877,https://www.musinsa.com/app/goods/1851176?loc=goods_rank
리빙,12,5005470934,PASTELLA,파스텔우산 16K 자동 장우산 PS1,"
                                                                                                                                                14800",14800,109,https://www.musinsa.com/app/goods/3464556?loc=goods_rank
리빙,13,3247,PARACHASE,3247 자외선차단율 99% 초경량 암막 자동 3단 우산 양산,"
                                                                                                                                                26000",26000,253,https://www.musinsa.com/app/goods/2358268?loc=goods_rank
리빙,14,MMAUM004-KH,MUSINSA STANDARD,UV 차단 자동 장우산 [카키],"
                                                                                                                                                19900",19900,1499,https://www.musinsa.com/app/goods/793815?loc=goods_rank
리빙,15,MMJGD001-BK,MUSINSA STANDARD,무신사 스탠다드 테이프 클리너 [블랙],14900,9590,2188,https://www.musinsa.com/app/goods/1306914?loc=goods_rank
리빙,16,PWIKR450460,WIGGLE WIGGLE,주차번호판 -  Popping Land,13800,13100,104,https://www.musinsa.com/app/goods/3455042?loc=goods_rank
리빙,17,MIGH0001-BK,MUSINSA STANDARD,무신사 스탠다드 상의용 옷걸이 10팩 [블랙],"
                                                                                                                                                15900",15900,11694,https://www.musinsa.com/app/goods/1136908?loc=goods_rank
리빙,18,TNF500HLDA,SIDIZ,시디즈 T50 컴퓨터 책상 의자 화이트 (HLDA),"
                                                                                                                                                369000",369000,149,https://www.musinsa.com/app/goods/3065590?loc=goods_rank
리빙,19,TNE500HLDA,SIDIZ,T50 컴퓨터 책상 의자 블랙 (HLDA),"
                                                                                                                                                359000",359000,49,https://www.musinsa.com/app/goods/3065589?loc=goods_rank
리빙,20,MP23SC091MU,NUNUSSI,누누씨) 좋은 하루의 조건 스티커,"
                                                                                                                                                3000",3000,448,https://www.musinsa.com/app/goods/3354548?loc=goods_rank
리빙,21,SB01F1,SIDIZ,스테포 자세교정 2단 발받침대,"
                                                                                                                                                64000",64000,363,https://www.musinsa.com/app/goods/3065042?loc=goods_rank
리빙,22,MIGH0002-BK,MUSINSA STANDARD,무신사 스탠다드 하의용 옷걸이 8팩 [블랙],"
                                                                                                                                                15900",15900,7813,https://www.musinsa.com/app/goods/1136909?loc=goods_rank
리빙,23,ZK-MEQS,ZINUS,퀵스냅 침대 프레임 (블랙/화이트) SS/Q/K,181000,144800,2,https://www.musinsa.com/app/goods/2861925?loc=goods_rank
리빙,24,MMJGH003-BK,MUSINSA STANDARD,무신사 스탠다드 아우터용 옷걸이 10팩 [블랙],16900,15190,5358,https://www.musinsa.com/app/goods/1291189?loc=goods_rank
리빙,25,1538678,WIGGLE WIGGLE,투명우산 시즌2,16800,15100,3589,https://www.musinsa.com/app/goods/1476068?loc=goods_rank
리빙,26,LH76,LEXON,MINA L AUDIO 미나 L 오디오 램프 조명+블루투스 스피커 - LH76,165000,132000,647,https://www.musinsa.com/app/goods/2684105?loc=goods_rank
리빙,27,PWIKR450359,WIGGLE WIGGLE,차량용 방향제 - Wiggle Bear,32700,29800,514,https://www.musinsa.com/app/goods/3453786?loc=goods_rank
리빙,28,protein,LOWCALSIC,프로틴바 초코청크맛 1box  (12ea),29900,26900,522,https://www.musinsa.com/app/goods/2983372?loc=goods_rank
리빙,29,SD_CS,AOZ,솔리드 디퓨저 클라우드 실버,"
                                                                                                                                                106000",106000,3,https://www.musinsa.com/app/goods/3068344?loc=goods_rank
리빙,30,2101,PARACHASE,2101 12패널 시그니처 이니셜 각인 우드그립 자동 장우산,"
                                                                                                                                                23000",23000,2361,https://www.musinsa.com/app/goods/2582572?loc=goods_rank
리빙,31,PWIKR410074,WIGGLE WIGGLE,발매트 - Smile Rainbow,23000,20700,1198,https://www.musinsa.com/app/goods/2997916?loc=goods_rank
리빙,32,263501,GIORDANO,263501 장우산_10color,24800,19800,132,https://www.musinsa.com/app/goods/3386507?loc=goods_rank
리빙,33,10808R1,HELINOX,엄브렐라 투 - 코요테탄,"
                                                                                                                                                75000",75000,55,https://www.musinsa.com/app/goods/2806728?loc=goods_rank
리빙,34,11 H-STRAP,GONG APRON,[이니셜자수 무료] H스트랩 앞치마 (블랙데님),"
                                                                                                                                                66000",66000,609,https://www.musinsa.com/app/goods/1369104?loc=goods_rank
리빙,35,WM88,WATER TANK BASEMENT,인센스밤 레드쿠퍼,"
                                                                                                                                                65000",65000,19,https://www.musinsa.com/app/goods/3091730?loc=goods_rank
리빙,36,101090,WILD BRICKS,BS FLEECE BLANKET (brown),"
                                                                                                                                                49000",49000,107,https://www.musinsa.com/app/goods/1732403?loc=goods_rank
리빙,37,DP-DBL,DE:PROJECT,디불 차량용방향제,"
                                                                                                                                                49000",49000,163,https://www.musinsa.com/app/goods/2440843?loc=goods_rank
리빙,38,with_5,MIX&MATCH,위드 M2 알러지케어 항균 차렵이불세트 SS/Q 그린,52900,47600,1598,https://www.musinsa.com/app/goods/3092484?loc=goods_rank
리빙,39,N235AET010055,NATIONALGEOGRAPHIC,N235AET010 디 오리지널 에이프런 KHAKI,55000,45000,100,https://www.musinsa.com/app/goods/3043512?loc=goods_rank
리빙,40,MMBGD103-WH,MUSINSA STANDARD,코마 30수 호텔 수건 10팩 [화이트],43900,39490,784,https://www.musinsa.com/app/goods/2743561?loc=goods_rank
리빙,41,LUVGU70008,VOGUE,[각인서비스]안전한 자동 친환경 에코우드 LUVGU70008,"
                                                                                                                                                39000",39000,58,https://www.musinsa.com/app/goods/3296465?loc=goods_rank
리빙,42,MG2DFMAB94AGN,MAHAGRID,PIXEL RUG GREEN(MG2DFMAB94A),"
                                                                                                                                                39000",39000,84,https://www.musinsa.com/app/goods/3457441?loc=goods_rank
리빙,43,DP0049,DR.PIEL,와이드 필터 샤워기 리필필터 1년 세트 (1차필터 6EA + 2차필터 2EA),"
                                                                                                                                                37800",37800,1,https://www.musinsa.com/app/goods/3497006?loc=goods_rank
리빙,44,PWIKR450436,WIGGLE WIGGLE,블루밍 장우산,35000,32900,270,https://www.musinsa.com/app/goods/3353102?loc=goods_rank
리빙,45,RF4ACBD1UM001_BLACK DOT,ROCKFISH WEATHERWEAR,CLASSIC UMBRELLA LONG (DOT) - BLACK,35000,31500,638,https://www.musinsa.com/app/goods/3118127?loc=goods_rank
리빙,46,RF4ACBD1UM001_GINGHAM CHECK,ROCKFISH WEATHERWEAR,CLASSIC UMBRELLA LONG (GINGHAM CHECK) - 3color,35000,31500,611,https://www.musinsa.com/app/goods/3118132?loc=goods_rank
리빙,47,ppc-orrum,PHOTOZENIA GOODS,제주 오름 프린팅 베개 커버,32000,30200,370,https://www.musinsa.com/app/goods/2763351?loc=goods_rank
리빙,48,1612565,WIGGLE WIGGLE,발매트(L) - Smile We Love,39800,29800,1607,https://www.musinsa.com/app/goods/1832743?loc=goods_rank
리빙,49,1626318,WIGGLE WIGGLE,우드 장우산 - Smile_Check,35000,29700,830,https://www.musinsa.com/app/goods/1919396?loc=goods_rank
리빙,50,777,XDDESIGN,UV 차단 3단 자동 우산,"
                                                                                                                                                29000",29000,1626,https://www.musinsa.com/app/goods/2236994?loc=goods_rank
리빙,51,1733260,EMERCI,스마일 가죽 차량용 방향제 본품+리필 세트,"
                                                                                                                                                28900",28900,198,https://www.musinsa.com/app/goods/2638014?loc=goods_rank
리빙,52,PWIKR410094,WIGGLE WIGGLE,페이스 타월 세트 (2p)- Flower Edition,33800,28700,931,https://www.musinsa.com/app/goods/3181461?loc=goods_rank
리빙,53,CKT230S01,LOCKNLOCK,데코 올실리콘 키친툴 세트 6P (거치대포함),39500,27900,147,https://www.musinsa.com/app/goods/3009620?loc=goods_rank
리빙,54,1541931,WIGGLE WIGGLE,미니 5단 양우산,34000,27200,1391,https://www.musinsa.com/app/goods/1492326?loc=goods_rank
리빙,55,2+1,HETRAS,프리미엄 대용량 디퓨저 500ml 3개 선물세트,"
                                                                                                                                                26100",26100,537,https://www.musinsa.com/app/goods/2803439?loc=goods_rank
리빙,56,3267,PARACHASE,3267 울트라 빅사이즈 초대형 골프 3단 자동 우산,"
                                                                                                                                                26000",26000,161,https://www.musinsa.com/app/goods/2237485?loc=goods_rank
리빙,57,RC 클로버 3단 우양산 파스텔 핑크,RECLOW,RC 클로버 3단 우양산 파스텔 핑크,29900,25900,128,https://www.musinsa.com/app/goods/3398576?loc=goods_rank
리빙,58,5005792058,DEDERIT,귀여운 캐릭터 누운 고양이 대형 워셔블 러그,"
                                                                                                                                                25500",25500,1,https://www.musinsa.com/app/goods/3541915?loc=goods_rank
리빙,59,3249,PARACHASE,3249 경량 UV 차단 암막 자동 3단 우산 양산겸용,"
                                                                                                                                                25000",25000,99,https://www.musinsa.com/app/goods/1396900?loc=goods_rank
리빙,60,3214,PARACHASE,3214 프리미엄 곡자 우드 그립 암막 전자동 3단 우양산,"
                                                                                                                                                23500",23500,2923,https://www.musinsa.com/app/goods/1385169?loc=goods_rank
리빙,61,7165,PARACHASE,7165 프리미엄 우드그립 가죽포인트 16K 남성 장우산,"
                                                                                                                                                23000",23000,1443,https://www.musinsa.com/app/goods/1402557?loc=goods_rank
리빙,62,1019-1,PARACHASE,1019-1 로즈골드 메탈릭 16패널 장우산,"
                                                                                                                                                22000",22000,2302,https://www.musinsa.com/app/goods/1833302?loc=goods_rank
리빙,63,MP23SC071PK,NUNUSSI,누누씨) 넌 할수이써! 노트,"
                                                                                                                                                5000",5000,360,https://www.musinsa.com/app/goods/3354565?loc=goods_rank
리빙,64,5,PHOTOZENIA GOODS,스탠다드 고밀도 60수 면 베개 커버 - 카키,"
                                                                                                                                                20000",20000,6,https://www.musinsa.com/app/goods/3434994?loc=goods_rank
리빙,65,MMAUM004-GI,MUSINSA STANDARD,UV 차단 자동 장우산 [그레이쉬 베이지],"
                                                                                                                                                19900",19900,1218,https://www.musinsa.com/app/goods/2999055?loc=goods_rank
리빙,66,1920685,KUNDAL,퍼퓸 디퓨저 200ml 2구 세트,"
                                                                                                                                                18500",18500,237,https://www.musinsa.com/app/goods/1602449?loc=goods_rank
리빙,67,APOGFWLRG01,APIECEOFCAKE,TD Rug_Ivory,45000,18000,481,https://www.musinsa.com/app/goods/2985381?loc=goods_rank
리빙,68,124313,KUNDAL,오브제 바이 쿤달 퍼퓸 볼케니크 스톤디퓨저 리필액 10ml + 10ml 2개,"
                                                                                                                                                17000",17000,36,https://www.musinsa.com/app/goods/2844724?loc=goods_rank
리빙,69,MMAUM002-BK,MUSINSA STANDARD,UV 차단 3단 우양산 [블랙],"
                                                                                                                                                16900",16900,3341,https://www.musinsa.com/app/goods/793816?loc=goods_rank
리빙,70,1696184,EMERCI,카에어프레셔너 클립형 차량용 방향제 리필 3개입 세트,"
                                                                                                                                                15900",15900,29,https://www.musinsa.com/app/goods/2525965?loc=goods_rank
리빙,71,5005470929,PASTELLA,파스텔 투톤 8K 3단 수동 양우산 PS6 (UPF50+),"
                                                                                                                                                15800",15800,101,https://www.musinsa.com/app/goods/3464550?loc=goods_rank
리빙,72,5005470931,PASTELLA,파스텔우산 10K 3단 자동 원목 우산 PS8,"
                                                                                                                                                15800",15800,29,https://www.musinsa.com/app/goods/3464552?loc=goods_rank
리빙,73,PWIKR410099,WIGGLE WIGGLE,세안밴드 - Smile We Love,15200,13800,473,https://www.musinsa.com/app/goods/3347152?loc=goods_rank
리빙,74,PWIKR410100,WIGGLE WIGGLE,세안밴드 - Bubble Bear,15200,13800,528,https://www.musinsa.com/app/goods/3347174?loc=goods_rank
리빙,75,1577927,WIGGLE WIGGLE,주차번호판_2,13800,13100,852,https://www.musinsa.com/app/goods/1735190?loc=goods_rank
리빙,76,5000313763,PLAYBOY GOLF,남녀공용 골프 캐노피  장우산 PBUM107,42500,42500,678,https://www.musinsa.com/app/goods/2755913?loc=goods_rank
리빙,77,gbhhome,GBH HOME,STANDARD DRINKING GLASS (3 SIZE) 유리컵,"
                                                                                                                                                12000",12000,55,https://www.musinsa.com/app/goods/2984252?loc=goods_rank
리빙,78,1414217,KAZT,검정집게바지걸이20개,"
                                                                                                                                                11900",11900,133,https://www.musinsa.com/app/goods/2138018?loc=goods_rank
리빙,79,5003210280,KAZT,프리미엄스마트논슬립옷걸이30개,"
                                                                                                                                                11900",11900,5,https://www.musinsa.com/app/goods/3390809?loc=goods_rank
리빙,80,gbhhome,GBH HOME,DAILY DISHWASHING LIQUID (1종 주방세제),13000,11700,14,https://www.musinsa.com/app/goods/2985510?loc=goods_rank
리빙,81,46,MORL HOME,[선물포장] 에나멜 파우치 (Long) 3컬러,"
                                                                                                                                                11000",11000,394,https://www.musinsa.com/app/goods/3233361?loc=goods_rank
리빙,82,5001482182,EARPEARP,CLAYEY BUNI(칫솔걸이),12000,10900,69,https://www.musinsa.com/app/goods/2910804?loc=goods_rank
리빙,83,102097,MOOAS,2WAY 화장실 방수 욕실시계 5colors,12900,9800,3,https://www.musinsa.com/app/goods/3471649?loc=goods_rank
리빙,84,Checklist,SOSOMOONGOO,문덕 스탠드 체크리스트: 이루다,"
                                                                                                                                                8900",8900,245,https://www.musinsa.com/app/goods/2051360?loc=goods_rank
리빙,85,673319,RIFLE PAPER,Strongman Birthday Card 생일 카드,"
                                                                                                                                                8000",8000,3,https://www.musinsa.com/app/goods/2372220?loc=goods_rank
리빙,86,673588,RIFLE PAPER,So Glad I Found You Card 사랑 카드,"
                                                                                                                                                8000",8000,2,https://www.musinsa.com/app/goods/2372325?loc=goods_rank
리빙,87,673639,RIFLE PAPER,Champagne Tower Cheers Card 웨딩 카드,"
                                                                                                                                                8000",8000,10,https://www.musinsa.com/app/goods/2372391?loc=goods_rank
리빙,88,673645,RIFLE PAPER,Heart Blossom Valentine Card 발렌타인 카드,"
                                                                                                                                                8000",8000,3,https://www.musinsa.com/app/goods/2372397?loc=goods_rank
리빙,89,Back Flow Cone,SATYA,나그참파 백플로우 인센스 콘 역류향 24개입 8종,"
                                                                                                                                                7900",7900,105,https://www.musinsa.com/app/goods/1253566?loc=goods_rank
리빙,90,39,MORL HOME,마블 메모지 2컬러,"
                                                                                                                                                3000",3000,14,https://www.musinsa.com/app/goods/3233242?loc=goods_rank
리빙,91,3808,IZOLA,Unity Bottle 25 oz. (750ml),"
                                                                                                                                                65000",65000,4,https://www.musinsa.com/app/goods/103150?loc=goods_rank
리빙,92,mosh!_450_스카이sky,MOSH,보온 보냉 텀블러 450 스카이,"
                                                                                                                                                36800",36800,35,https://www.musinsa.com/app/goods/471478?loc=goods_rank
리빙,93,10803,HELINOX,택티컬 엄브렐라 - 코요테 탄,"
                                                                                                                                                68000",68000,140,https://www.musinsa.com/app/goods/706821?loc=goods_rank
리빙,94,10804,HELINOX,택티컬 엄브렐라 - 블랙,"
                                                                                                                                                68000",68000,115,https://www.musinsa.com/app/goods/706822?loc=goods_rank
리빙,95,10805,HELINOX,택티컬 엄브렐라 - 폴리지 그린,"
                                                                                                                                                68000",68000,81,https://www.musinsa.com/app/goods/706823?loc=goods_rank
리빙,96,NI_BLT_026,NORDICISLAND,블랑또 라이트 - 베이지,"
                                                                                                                                                39000",39000,37,https://www.musinsa.com/app/goods/730068?loc=goods_rank
리빙,97,MMAUM004-NA,MUSINSA STANDARD,UV 차단 자동 장우산 [네이비],"
                                                                                                                                                19900",19900,1170,https://www.musinsa.com/app/goods/793814?loc=goods_rank
리빙,98,mosh!_330ml_화이트,MOSH,보온보냉 라떼 텀블러 330ml 화이트,"
                                                                                                                                                34800",34800,438,https://www.musinsa.com/app/goods/907583?loc=goods_rank
리빙,99,8809415897586,TABLETALK,캔버스 필통,"
                                                                                                                                                18000",18000,940,https://www.musinsa.com/app/goods/963707?loc=goods_rank
리빙,100,SK0235,KAKAOFRIENDS PARTNERS,자동장우산 [스탬프트레블],33100,25500,65,https://www.musinsa.com/app/goods/1031917?loc=goods_rank
