﻿카테고리,순위,품번,브랜드명,상품명(한글),판매가,비회원가,좋아요 수,URL
시계,1,11091087,ST.SCOTT LONDON,ST5502 세크레토 남여 커플 가죽 시계 8종,188000,39000,6358,https://www.musinsa.com/app/goods/1903616?loc=goods_rank
시계,2,OTW120101DSS,OST,모던 스퀘어 디지털 실버 메쉬밴드 시계 OTW120101DSS,"
                                                                                                                                                42400",42400,124,https://www.musinsa.com/app/goods/1356612?loc=goods_rank
시계,3,AW_SB,SINJIMORU,애플워치 전기종 8/울트라/7/6/5/4/3/2/SE 세대 스포츠 루프 밴드 경량 스트랩 38/40/41/42/44/45/49mm,13900,9730,1897,https://www.musinsa.com/app/goods/2172526?loc=goods_rank
시계,4,939013,CASIO,LQ-139AMV-7B3LDF,"
                                                                                                                                                23000",23000,964,https://www.musinsa.com/app/goods/2410431?loc=goods_rank
시계,5,1711070,NIVADA,애플워치 스트랩 3종 메탈밴드 5003 7 SE 6 5 4 3 2 1 세대 38 40 41mm,89000,89000,383,https://www.musinsa.com/app/goods/2353943?loc=goods_rank
시계,6,3078568,VALENTINO RUDY,VRA205-BK 애플워치 스트랩 메탈밴드 6 5 4 3 2 1 SE 세대 38 40 42 44mm,49000,19900,2258,https://www.musinsa.com/app/goods/1990391?loc=goods_rank
시계,7,5003333202,ROSEMONT,여성시계 RS#68-03BK,"
                                                                                                                                                452000",452000,14,https://www.musinsa.com/app/goods/3420153?loc=goods_rank
시계,8,SRPJ85K1,SEIKO,SRPJ85K1,490000,392000,49,https://www.musinsa.com/app/goods/3099975?loc=goods_rank
시계,9,788055,CASIO,A-158WA-1UWDF,"
                                                                                                                                                43000",43000,12148,https://www.musinsa.com/app/goods/1880626?loc=goods_rank
시계,10,SUR307P1,SEIKO,SUR307P1,380000,304000,72,https://www.musinsa.com/app/goods/3375198?loc=goods_rank
시계,11,SUR309P1,SEIKO,SUR309P1,380000,304000,67,https://www.musinsa.com/app/goods/3375216?loc=goods_rank
시계,12,SUR311P1,SEIKO,SUR311P1,380000,304000,70,https://www.musinsa.com/app/goods/3375221?loc=goods_rank
시계,13,5003859693,CASIO,A-1100B-1DF,"
                                                                                                                                                300000",300000,14,https://www.musinsa.com/app/goods/3536207?loc=goods_rank
시계,14,3352706,VALENTINO RUDY,VR6575B-BKWT 디지털 전자시계 남여 공용시계,158000,28900,6541,https://www.musinsa.com/app/goods/2329969?loc=goods_rank
시계,15,Rococo VV005CMBK,VIVIENNE WESTWOOD,Rococo VV005CMBK,510000,169000,1269,https://www.musinsa.com/app/goods/2684503?loc=goods_rank
시계,16,3420439,VALENTINO RUDY,VRA242-WT 애플워치스트랩 풀커버 일체형 메탈밴드 실리콘밴드 set 7 6 5 4 SE 세대 44 45mm,249000,149000,578,https://www.musinsa.com/app/goods/2430493?loc=goods_rank
시계,17,Medal VV019BK,VIVIENNE WESTWOOD,Medal VV019BK,390000,139000,1613,https://www.musinsa.com/app/goods/2688443?loc=goods_rank
시계,18,952709,G-SHOCK,DW-5600E-1VDR,"
                                                                                                                                                120000",120000,493,https://www.musinsa.com/app/goods/2465474?loc=goods_rank
시계,19,AH7V53X1,ALBA,AH7V53X1,150000,105000,14,https://www.musinsa.com/app/goods/3102585?loc=goods_rank
시계,20,3종 택1,LLOYD,어썸스퀘어 클래식 남성 가죽시계 (3종 택1),159000,99000,1884,https://www.musinsa.com/app/goods/1765855?loc=goods_rank
시계,21,11376354,ST.SCOTT LONDON,STR-L01 애플워치 스트랩 프리미엄 소가죽 밴드,69000,22900,1213,https://www.musinsa.com/app/goods/2660733?loc=goods_rank
시계,22,NL1AC02NVF,FENNEC,CNS APPLE WATCH 44mm STRAP - NAVY,28000,9900,83,https://www.musinsa.com/app/goods/2493787?loc=goods_rank
시계,23,4035,TANDY,다이아몬드 원터치 셀프밴드 팔찌 시계 DIA-4035,648000,648000,108,https://www.musinsa.com/app/goods/3437927?loc=goods_rank
시계,24,11037580,ST.SCOTT LONDON,ST5107M 남성 데이트 메탈시계,268000,67000,1361,https://www.musinsa.com/app/goods/1548135?loc=goods_rank
시계,25,LL2S22702P/LL2S22906P/LL2S23100P,LLOYD,[사은품 증정] [애플워치/갤럭시워치 호환] 프리미엄 가죽 애플워치 스트랩 38/40/41MM (12종 택1),69900,49900,3868,https://www.musinsa.com/app/goods/1884659?loc=goods_rank
시계,26,939822,CASIO,LA-670WA-7DF,"
                                                                                                                                                47000",47000,867,https://www.musinsa.com/app/goods/2422370?loc=goods_rank
시계,27,5000100339,ST.SCOTT LONDON,ST5088SWBK 브렌타 레더 워치,198000,42000,3803,https://www.musinsa.com/app/goods/2746593?loc=goods_rank
시계,28,EGAPWLSB,EGARDEN,애플워치 스트랩 Leather 브라운  7 6 5 4 3 2 1 SE 전 기종 호환 가능,"
                                                                                                                                                39000",39000,1156,https://www.musinsa.com/app/goods/1420214?loc=goods_rank
시계,29,2989511,VALENTINO RUDY,VR3550A-BKBK 여자시계 가죽시계,198000,198000,576,https://www.musinsa.com/app/goods/1885370?loc=goods_rank
시계,30,VW-Beetle2-SV,VOLKSVAGEN WATCH,남여공용 디지털 메탈시계 VW-Beetle2-SV,80000,24900,311,https://www.musinsa.com/app/goods/925945?loc=goods_rank
시계,31,D12536WWW,Disney,미키마우스 디지털 손목시계 D12536WWW,39000,24800,70,https://www.musinsa.com/app/goods/2920531?loc=goods_rank
시계,32,A0014,BERTUCCI,나침반 for 19-22mm 밴드,"
                                                                                                                                                22000",22000,56,https://www.musinsa.com/app/goods/1861358?loc=goods_rank
시계,33,3078567,VALENTINO RUDY,VRA205-WT 애플워치 스트랩 메탈밴드 6 5 4 3 2 1 SE 세대 38 40 42 44mm,49000,19900,6478,https://www.musinsa.com/app/goods/1990393?loc=goods_rank
시계,34,3355100,VALENTINO RUDY,VRG111-WT 갤럭시워치 4 전용 메탈밴드 스트랩 20mm,69000,19900,157,https://www.musinsa.com/app/goods/2337835?loc=goods_rank
시계,35,.,ROMANE,Romane 애플워치 실리콘 스트랩 ver.2,"
                                                                                                                                                18000",18000,265,https://www.musinsa.com/app/goods/2028967?loc=goods_rank
시계,36,1711063,NIVADA,애플워치 스트랩 4종 가죽밴드 5007 7 SE 6 5 4 3 2 1 세대 42 44 45mm,89000,89000,480,https://www.musinsa.com/app/goods/2353920?loc=goods_rank
시계,37,AW_SWS,SINJIMORU,애플워치 전기종 8·울트라·7·6·5·4·SE·2 풀스테인리스 메탈 쥬빌레 밴드 스트랩(38-49mm),17900,14320,382,https://www.musinsa.com/app/goods/2850331?loc=goods_rank
시계,38,AW_LB,SINJIMORU,애플워치 전기종 8/울트라/7/6/5/4/3/2/SE 세대 밀레니즈 루프 밴드 메탈 스트랩 38/40/41/42/44/45/49mm,14900,10430,922,https://www.musinsa.com/app/goods/2136489?loc=goods_rank
시계,39,GW_LB,SINJIMORU,갤럭시워치 5/4/3/프로/기어/스포츠/클래식/프론티어/S3/S2 밀레니즈 루프 밴드 메탈 스트랩,14900,10430,808,https://www.musinsa.com/app/goods/2240097?loc=goods_rank
시계,40,NL1AC02YEF,FENNEC,CNS APPLE WATCH 44mm STRAP - YELLOW,28000,9900,55,https://www.musinsa.com/app/goods/2493786?loc=goods_rank
시계,41,ROTHCOWATCH001,ROTHCO,4314 SMITH & WESSON 밀리터리 와치셋 올리브다이얼,"
                                                                                                                                                55000",55000,232,https://www.musinsa.com/app/goods/121735?loc=goods_rank
시계,42,ROTHCOWATCH002,ROTHCO,4321 SMITH & WESSON 밀리터리 와치셋 블랙다이얼,"
                                                                                                                                                55000",55000,74,https://www.musinsa.com/app/goods/121736?loc=goods_rank
시계,43,VW1405L series,VOLKSVAGEN WATCH,[Volkswagen] 폭스바겐 VW1405L SERIES 본사정품,"
                                                                                                                                                89000",89000,21,https://www.musinsa.com/app/goods/455705?loc=goods_rank
시계,44,OW-059DY,Disney,[Disney] 디즈니 OW-059DY 미키마우스 메탈시계 남여공용,"
                                                                                                                                                139000",139000,16,https://www.musinsa.com/app/goods/466949?loc=goods_rank
시계,45,빈티지 가죽밴드,GLUCK,빈티지 가죽밴드 20mm 5종 택1,"
                                                                                                                                                60000",60000,12,https://www.musinsa.com/app/goods/488450?loc=goods_rank
시계,46,JA-544,JULIUS1,JA-544 여성손목시계,"
                                                                                                                                                21600",21600,416,https://www.musinsa.com/app/goods/668279?loc=goods_rank
시계,47,VW1429As,VOLKSVAGEN WATCH,VW1429As-SWSV,110000,69000,121,https://www.musinsa.com/app/goods/932445?loc=goods_rank
시계,48,VW1429As,VOLKSVAGEN WATCH,VW1429As-RBBK,110000,69000,90,https://www.musinsa.com/app/goods/932447?loc=goods_rank
시계,49,VW-Beetle2B-SV,VOLKSVAGEN WATCH,남여공용 디지털 메탈시계 VW-Beetle2B-SV,80000,24900,2791,https://www.musinsa.com/app/goods/934747?loc=goods_rank
시계,50,2160015,VALENTINO RUDY,VR1301A-WTBK 남자시계 가죽시계,168000,39800,899,https://www.musinsa.com/app/goods/1025196?loc=goods_rank
시계,51,2204853,CRONOUS,CRD88598B-RGBK 남자시계 메탈시계,"
                                                                                                                                                298000",298000,10,https://www.musinsa.com/app/goods/1057273?loc=goods_rank
시계,52,2210352,VALENTINO RUDY,발렌티노루디 VR1301B-WTWT 메쉬 남자시계 메탈시계,168000,39900,4008,https://www.musinsa.com/app/goods/1062070?loc=goods_rank
시계,53,2217431,VALENTINO RUDY,발렌티노루디 VR2533B-WTRG 여성시계 메쉬밴드시계,228000,228000,135,https://www.musinsa.com/app/goods/1069968?loc=goods_rank
시계,54,2217432,VALENTINO RUDY,VR2534A-RGWT 여성시계 가죽시계,198000,198000,170,https://www.musinsa.com/app/goods/1069969?loc=goods_rank
시계,55,1735A,BREDA,Esther - Silver/Moss,"
                                                                                                                                                226000",226000,741,https://www.musinsa.com/app/goods/1088920?loc=goods_rank
시계,56,2263514,VALENTINO RUDY,VR5084A-RGDKBR 남자시계 가죽시계,350000,350000,191,https://www.musinsa.com/app/goods/1088999?loc=goods_rank
시계,57,2281885,VALENTINO RUDY,VR6538A-RGBK 남자시계 가죽시계,188000,38900,2082,https://www.musinsa.com/app/goods/1100079?loc=goods_rank
시계,58,VW-Arteon,VOLKSVAGEN WATCH,커플메탈시계 남성용 VW-ArteonM-40,110000,45000,103,https://www.musinsa.com/app/goods/1145265?loc=goods_rank
시계,59,SP3340M-RBK,SCORPION,Alecto 크로노그래프 메탈시계 SP3340M-RBK,439000,307300,48,https://www.musinsa.com/app/goods/1189809?loc=goods_rank
시계,60,VW-Ti,VOLKSVAGEN WATCH,커플메탈시계 여성용 VW-Ti-30BK,110000,45000,285,https://www.musinsa.com/app/goods/1200095?loc=goods_rank
시계,61,VW-Ti,VOLKSVAGEN WATCH,커플메탈시계 여성용 VW-Ti-30SV,110000,45000,1851,https://www.musinsa.com/app/goods/1200100?loc=goods_rank
시계,62,VW-Ti,VOLKSVAGEN WATCH,커플메탈시계 VW-Ti 4종 택1,110000,45000,609,https://www.musinsa.com/app/goods/1203673?loc=goods_rank
시계,63,FM1929L-BK,FOCE LADY,23mm 여성 가죽시계 FM1929L-BK,118000,76700,8,https://www.musinsa.com/app/goods/1221176?loc=goods_rank
시계,64,VW-ArteonL-RG32,VOLKSVAGEN WATCH,여성메탈 손목시계  VW-ArteonL-RG32,130000,69000,14,https://www.musinsa.com/app/goods/1227248?loc=goods_rank
시계,65,VW-BeetleNewtro,VOLKSVAGEN WATCH,VW-BeetleNewtro-WH,80000,24900,957,https://www.musinsa.com/app/goods/1230173?loc=goods_rank
시계,66,2470883,VALENTINO RUDY,VR168888A-WTBR 남자시계 가죽시계,298000,298000,137,https://www.musinsa.com/app/goods/1244316?loc=goods_rank
시계,67,VW-Beetle2-GG,VOLKSVAGEN WATCH,폭스바겐 메탈시계 VW-Beetle10-NewTro10 20종 택1,80000,24900,1539,https://www.musinsa.com/app/goods/1263401?loc=goods_rank
시계,68,10973891,ST.SCOTT LONDON,ST7107F-SBB 빈센트 여성 가죽 시계,198000,50000,62,https://www.musinsa.com/app/goods/1278092?loc=goods_rank
시계,69,10973946,ST.SCOTT LONDON,ST7107M-SSB 빈센트 남성 커플시계,198000,50000,69,https://www.musinsa.com/app/goods/1278116?loc=goods_rank
시계,70,T15MSV,TORSO,T15M SV 심플샤인 메쉬밴드 남성용 시계,215000,92000,81,https://www.musinsa.com/app/goods/1282545?loc=goods_rank
시계,71,1400807,NIVADA,여성용 다이아몬드 메탈 시계 3001,270000,270000,49,https://www.musinsa.com/app/goods/1282670?loc=goods_rank
시계,72,1403417,TANDY,클래식 커플 메탈 손목시계 T-3714 남자 블랙,378000,378000,263,https://www.musinsa.com/app/goods/1284219?loc=goods_rank
시계,73,1403418,TANDY,클래식 커플 메탈 손목시계 T-3714 여자 블랙,378000,378000,560,https://www.musinsa.com/app/goods/1284220?loc=goods_rank
시계,74,1403420,TANDY,클래식 커플 메탈 손목시계 T-3714 여자 화이트,378000,378000,2278,https://www.musinsa.com/app/goods/1284223?loc=goods_rank
시계,75,1403425,TANDY,럭셔리 여성용 쥬얼워치 (스와로브스키 식입) T-4022 블랙,498000,498000,129,https://www.musinsa.com/app/goods/1284228?loc=goods_rank
시계,76,1403432,TANDY,클래식 커플 가죽 손목시계 T-1714 화이트 남여세트,596000,596000,148,https://www.musinsa.com/app/goods/1284238?loc=goods_rank
시계,77,1403433,TANDY,럭셔리 여성용 쥬얼워치 (스와로브스키 식입) T-4022 3종 중 택1,498000,498000,688,https://www.musinsa.com/app/goods/1284239?loc=goods_rank
시계,78,1411983,TANDY,럭셔리 커플 메탈 손목시계(스와로브스키 식입) T-3909 남자 실버,520000,520000,706,https://www.musinsa.com/app/goods/1305805?loc=goods_rank
시계,79,VW-Bettle-Flower,VOLKSVAGEN WATCH,VW-Beetle-Flower 탄생화 메탈 전자시계,80000,29800,1426,https://www.musinsa.com/app/goods/1306265?loc=goods_rank
시계,80,1413778,TANDY,럭셔리 커플 메탈 손목시계(스와로브스키 식입) T-3909 실버 남여세트,1040000,1040000,308,https://www.musinsa.com/app/goods/1316373?loc=goods_rank
시계,81,10988002,ST.SCOTT LONDON,ST1005LSSB 남성 가죽시계,169000,51000,20,https://www.musinsa.com/app/goods/1334532?loc=goods_rank
시계,82,10988003,ST.SCOTT LONDON,ST1005LRSC 남성 가죽시계,178000,54000,8,https://www.musinsa.com/app/goods/1334533?loc=goods_rank
시계,83,1432318,TANDY,클래식 커플 가죽 손목시계 T-1714 여자 화이트,298000,59000,815,https://www.musinsa.com/app/goods/1373167?loc=goods_rank
시계,84,1432319,TANDY,클래식 커플 가죽 손목시계 T-1714 남자 화이트,298000,59000,219,https://www.musinsa.com/app/goods/1373169?loc=goods_rank
시계,85,MF0036L02,MINI FOCUS,심플 실버컬러 여성 메탈밴드시계 MF36L2,"
                                                                                                                                                30000",30000,113,https://www.musinsa.com/app/goods/1377241?loc=goods_rank
시계,86,MF0161G03,MINI FOCUS,크로노기능 가죽밴드 남성시계 MF161G03,"
                                                                                                                                                49000",49000,21,https://www.musinsa.com/app/goods/1377368?loc=goods_rank
시계,87,OT562MA,ORIENT,국산 남성 클래식 가죽밴드 손목시계 OT562MA,"
                                                                                                                                                54000",54000,45,https://www.musinsa.com/app/goods/1382738?loc=goods_rank
시계,88,sg001,SIARGO,SG-001-RBR 세이지컬렉션 여자 스퀘어 가죽 손목 시계,"
                                                                                                                                                49800",49800,789,https://www.musinsa.com/app/goods/1388069?loc=goods_rank
시계,89,sg001,SIARGO,SG-001S-R 세이지컬렉션 여자 스퀘어 손목 시계,"
                                                                                                                                                59800",59800,214,https://www.musinsa.com/app/goods/1388106?loc=goods_rank
시계,90,sg002,SIARGO,SG-002-SB 케이퍼컬렉션 여자 가죽 손목 시계,"
                                                                                                                                                49800",49800,143,https://www.musinsa.com/app/goods/1388127?loc=goods_rank
시계,91,sg006,SIARGO,SG-006-S 커민컬렉션  여자 스틸 손목 시계,"
                                                                                                                                                47800",47800,318,https://www.musinsa.com/app/goods/1392735?loc=goods_rank
시계,92,OW016DY,Disney,미키마우스 메탈밴드 남녀공용 손목시계 OW016DY,79000,63200,116,https://www.musinsa.com/app/goods/1447342?loc=goods_rank
시계,93,OW616DY,Disney,미키마우스 메탈밴드 남녀공용 손목시계 OW616DY,79000,63200,82,https://www.musinsa.com/app/goods/1447381?loc=goods_rank
시계,94,OW035DBW,Disney,미키마우스 가죽밴드 여성용 손목시계 OW035DBW,55000,44000,15,https://www.musinsa.com/app/goods/1447631?loc=goods_rank
시계,95,OW139BKB,Disney,미키마우스 가죽밴드 손목시계 OW139BKB,59000,47200,19,https://www.musinsa.com/app/goods/1447692?loc=goods_rank
시계,96,2625407,VALENTINO RUDY,VR6617B-BKWT 남자시계 메탈시계,225000,49900,2850,https://www.musinsa.com/app/goods/1452205?loc=goods_rank
시계,97,2640021,VALENTINO RUDY,VR1117B-WTWT 남자시계 메탈시계 Collaboration Set,218000,45000,11437,https://www.musinsa.com/app/goods/1466244?loc=goods_rank
시계,98,VW-RetroSlim30-BK,VOLKSVAGEN WATCH,커플가죽시계 여성용 VW-RetroSlim30-BK,80000,50000,92,https://www.musinsa.com/app/goods/1488912?loc=goods_rank
시계,99,TW2R89100,TIMEX,TW2R89100,210000,105000,83,https://www.musinsa.com/app/goods/1497529?loc=goods_rank
시계,100,TW2R97000,TIMEX,TW2R97000,"
                                                                                                                                                210000",210000,57,https://www.musinsa.com/app/goods/1498159?loc=goods_rank
