﻿카테고리,순위,품번,브랜드명,상품명(한글),판매가,비회원가,좋아요 수,URL
신발,1,5950CHE,UGG,스티치 칼라 슈즈 (타스만) M - 체스넛,"
                                                                                                                                                178000",178000,979,https://www.musinsa.com/app/goods/2116367?loc=goods_rank
신발,2,25764001,DR.MARTENS,닥스 블랙 하이드로 슬리퍼,150000,60000,4380,https://www.musinsa.com/app/goods/1810759?loc=goods_rank
신발,3,S58WZ0042P5016T9002FW23,MAISON MARGIELA,여성 타비 발레리나 플랫 슈즈 - 실버,"
                                                                                                                                                1042000",1042000,39,https://www.musinsa.com/app/goods/3386701?loc=goods_rank
신발,4,DFSO3103BE,DRAW FIT,스웨이드 왈라비 모크 슈즈 [BEIGE],155000,139500,2312,https://www.musinsa.com/app/goods/3052437?loc=goods_rank
신발,5,1113190NBLC,UGG,UGG 로고 그래픽 클리어 미니 부츠 (클래식 클리어 미니) W - 네츄럴:블랙,"
                                                                                                                                                258000",258000,3319,https://www.musinsa.com/app/goods/2116357?loc=goods_rank
신발,6,14345001,DR.MARTENS,1461 3홀 모노 블랙,210000,178500,27527,https://www.musinsa.com/app/goods/595040?loc=goods_rank
신발,7,MMAFL005-BK,MUSINSA STANDARD,플레인 더비 슈즈 [블랙],"
                                                                                                                                                99900",99900,7196,https://www.musinsa.com/app/goods/2101924?loc=goods_rank
신발,8,203209051,ROMANTIC MOVE,[삭형x로맨틱무브] 세미 스퀘어토 키높이 더비 R23M350 (블랙),189000,139800,554,https://www.musinsa.com/app/goods/3531650?loc=goods_rank
신발,9,104913-NEGRO,VICTORIA SHOES,오다 메리제인 (104913-NEGRO),79000,67150,21250,https://www.musinsa.com/app/goods/1699941?loc=goods_rank
신발,10,GY9415,ADIDAS,알파바운스 슬라이드 2.0 - 블랙:화이트,59000,44900,6752,https://www.musinsa.com/app/goods/2432733?loc=goods_rank
신발,11,11853001,DR.MARTENS,2976 첼시부츠 스무스 블랙,260000,221000,16701,https://www.musinsa.com/app/goods/665782?loc=goods_rank
신발,12,1116109CHE,UGG,클래식 울트라 미니 부츠 - 체스넛,"
                                                                                                                                                218000",218000,2456,https://www.musinsa.com/app/goods/2116350?loc=goods_rank
신발,13,WTRD1203,WETHEROAD,WTRD1203 클리프 스퀘어토 4홀 더비슈즈 블랙 [250~290MM],89000,80100,31264,https://www.musinsa.com/app/goods/2091749?loc=goods_rank
신발,14,LCMD17M239,ELCANTO,엘칸토 남성 소프트 클래식 정장화,129000,129000,1386,https://www.musinsa.com/app/goods/3028424?loc=goods_rank
신발,15,CR0011,CUSTOMADE,4.5cm 소가죽 코만도 첼시부츠 루틴(CR0011),99000,86800,45036,https://www.musinsa.com/app/goods/1128656?loc=goods_rank
신발,16,744586,SHOOPEN,[핏더사이즈X슈펜] Seku-shi(세쿠시) 첼시 부읏츠  BYTM20W12,159000,143100,34658,https://www.musinsa.com/app/goods/1568047?loc=goods_rank
신발,17,1002072CHE,UGG,클래식 미니 M - 체스넛,"
                                                                                                                                                268000",268000,1098,https://www.musinsa.com/app/goods/2733851?loc=goods_rank
신발,18,RF1SHBD1RB009,ROCKFISH WEATHERWEAR,ORIGINAL RAIN BOOTS SHORT - 8color,87000,73950,24564,https://www.musinsa.com/app/goods/3062046?loc=goods_rank
신발,19,5955DGRY,UGG,스티치 칼라 슈즈 (타스만) W - 다크그레이,"
                                                                                                                                                178000",178000,236,https://www.musinsa.com/app/goods/2733845?loc=goods_rank
신발,20,11822002,DR.MARTENS,1460 8홀 나파 블랙 무광,260000,221000,10203,https://www.musinsa.com/app/goods/626636?loc=goods_rank
신발,21,XYAOA6140_BK,CESTI,캐쥬얼 하이탑 워커솔 로퍼 (BLACK),99000,74250,6055,https://www.musinsa.com/app/goods/2145304?loc=goods_rank
신발,22,27366268,DR.MARTENS,마일즈 웜 샌드 베이지,170000,102000,639,https://www.musinsa.com/app/goods/3095709?loc=goods_rank
신발,23,CX002 PA32,MARIO MINARDI,더비슈즈 티롤리안 미드브라운 파티나 남자 수제화 CX002PA32,298000,208600,33,https://www.musinsa.com/app/goods/2264786?loc=goods_rank
신발,24,BLACK,RADICAR,Autumn boots 어텀 부츠,"
                                                                                                                                                199000",199000,18,https://www.musinsa.com/app/goods/3332060?loc=goods_rank
신발,25,MK2335SO005M0LK,MATIN KIM,MESH ROUND BLOAFER IN LIGHT KHAKI,"
                                                                                                                                                98000",98000,842,https://www.musinsa.com/app/goods/3381968?loc=goods_rank
신발,26,KIMA3GLO01,JINNY KIM,Edgelo 엣지로 롱부츠 5cm,218000,189800,127,https://www.musinsa.com/app/goods/2911771?loc=goods_rank
신발,27,Phillip,MAC MOC,Phillip 청키 볼드창 롱부츠 워커 4Cm,129000,58850,5002,https://www.musinsa.com/app/goods/2190788?loc=goods_rank
신발,28,PMS221MSE01T020,POSTMAN,저널리스트 블랙,199000,179000,243,https://www.musinsa.com/app/goods/2340641?loc=goods_rank
신발,29,PMS231MSE04T020,POSTMAN,커뮤터 블랙,199000,179000,405,https://www.musinsa.com/app/goods/2439344?loc=goods_rank
신발,30,11838002,DR.MARTENS,1461 3홀 블랙 스무스,210000,178500,16905,https://www.musinsa.com/app/goods/595039?loc=goods_rank
신발,31,30637001,DR.MARTENS,아드리안 모노 블랙 스무스,220000,176000,638,https://www.musinsa.com/app/goods/3152092?loc=goods_rank
신발,32,5000604583,SALT AND CHOCOLATE,청키 레이스업 앵클부츠 412246017 (4cm/1color),119000,83300,1476,https://www.musinsa.com/app/goods/2843371?loc=goods_rank
신발,33,RF2SHBBLF001,ROCKFISH WEATHERWEAR,노아 유팁 더비,89000,53400,680,https://www.musinsa.com/app/goods/2491281?loc=goods_rank
신발,34,202341,ROMANTIC MOVE,비틀 유팁 더비 R23M701 (웜옐로우 스웨이드),197000,157600,369,https://www.musinsa.com/app/goods/3435829?loc=goods_rank
신발,35,0191BB,MIAMIPROJECT,0191 아르데코 소가죽 3홀 더비 구두 밴타블랙,100000,76000,9619,https://www.musinsa.com/app/goods/1020993?loc=goods_rank
신발,36,2023092000,ROMANTIC MOVE,셀렉션 스퀘어토 첼시 부츠 R21M025 (블랙),198000,152000,11641,https://www.musinsa.com/app/goods/1548618?loc=goods_rank
신발,37,23SUCL206340_Z94S,CROCS,공용 CLASSIC ALL TERRAIN CLOG WTM (23SUCL206340),"
                                                                                                                                                69900",69900,2774,https://www.musinsa.com/app/goods/3004184?loc=goods_rank
신발,38,1125730BLK,UGG,볼드 삭스 레인부츠 (타스만 X) W - 블랙,"
                                                                                                                                                138000",138000,1376,https://www.musinsa.com/app/goods/2820799?loc=goods_rank
신발,39,1991VB,MIAMIPROJECT,1991 글랜데일 소가죽 베이직 홀스빗 로퍼 밴타블랙,82000,62300,4498,https://www.musinsa.com/app/goods/1140457?loc=goods_rank
신발,40,Zoey,MAC MOC,Zoey 시크 스트릿 롱부츠 5.5Cm,129000,116100,100,https://www.musinsa.com/app/goods/3497106?loc=goods_rank
신발,41,MF2591,MIAMIPROJECT,MF 2591 퍼시픽 소가죽 베이직 페니 로퍼 밴타블랙,110000,54300,3338,https://www.musinsa.com/app/goods/1215246?loc=goods_rank
신발,42,LRCWCA9A1219,LORENZO BANFI,11430 플레인 레더 드라이빙 슈즈 블랙,359000,359000,4,https://www.musinsa.com/app/goods/3405461?loc=goods_rank
신발,43,아리조나 스톤 151211/3,BIRKENSTOCK,아리조나 스톤 151211,109000,103500,2958,https://www.musinsa.com/app/goods/501190?loc=goods_rank
신발,44,Sinsa,MAC MOC,Sinsa 3Color 롱부츠 4.5Cm,129000,103200,1745,https://www.musinsa.com/app/goods/2816441?loc=goods_rank
신발,45,MMAFL003-BK,MUSINSA STANDARD,스퀘어 더비 슈즈 [블랙],"
                                                                                                                                                99900",99900,3851,https://www.musinsa.com/app/goods/2101923?loc=goods_rank
신발,46,2NDF2900GB,FIRENZE ATELIER,SECOND.A 볼드 스퀘어라인 베이직 첼시부츠 2NDF2900GB [BLACK],110000,99000,1702,https://www.musinsa.com/app/goods/2703029?loc=goods_rank
신발,47,G2XSL401BLACK,GOALSTUDIO,GRAB-ITY BALANCE™ BASIC SLIDE-BLACK,39000,31200,3218,https://www.musinsa.com/app/goods/1767931?loc=goods_rank
신발,48,JLSO3E700,JILL BY JILLSTUART,[쭈언니콜라보]캐리 메리제인 슬링백,98000,93100,5812,https://www.musinsa.com/app/goods/3192443?loc=goods_rank
신발,49,LCMD00I326,ELCANTO,인텐스 남성 스퀘어토 더비 정장화,159000,159000,48,https://www.musinsa.com/app/goods/3560573?loc=goods_rank
신발,50,5000226105,SHOOPEN,스윗버튼 메리제인 1.0  HPWWFD4901,"
                                                                                                                                                29900",29900,2034,https://www.musinsa.com/app/goods/2777084?loc=goods_rank
신발,51,FU8298,ADIDAS,아딜렛 라이트 - 블랙: 화이트,45000,31500,12490,https://www.musinsa.com/app/goods/1755977?loc=goods_rank
신발,52,WTRD1205,WETHEROAD,WTRD1205 카민 스퀘어 4홀 더비슈즈 블랙 [245~290mm],89000,80100,649,https://www.musinsa.com/app/goods/2773355?loc=goods_rank
신발,53,DXLP1101N-WHS,DISCOVERY EXPEDITION,샌드라인 3 (WHITE),"
                                                                                                                                                39000",39000,8682,https://www.musinsa.com/app/goods/1197828?loc=goods_rank
신발,54,315-Beige,SAINTSATIN,브린 플립 플랍 쿠션 슬리퍼 베이지,"
                                                                                                                                                39000",39000,1834,https://www.musinsa.com/app/goods/2714499?loc=goods_rank
신발,55,RF1SHBD3FL006BK,ROCKFISH WEATHERWEAR,BELLA RIBBON FLAT(QUILTED) - BLACK,83000,74700,483,https://www.musinsa.com/app/goods/3445130?loc=goods_rank
신발,56,5002644135,OOFOS,OORIGINAL MOROCCAN BLUE - 조리 모로칸 블루,"
                                                                                                                                                69000",69000,508,https://www.musinsa.com/app/goods/3252786?loc=goods_rank
신발,57,5006013577,ALDO,PROSE-W/001Black,209000,69000,4,https://www.musinsa.com/app/goods/3437184?loc=goods_rank
신발,58,KM2303LBF000,KOMOREBI MUSEUM,핸드메이드 레더 발레리나 플랫슈즈 ｜ 10Colors,92000,67000,266,https://www.musinsa.com/app/goods/3245177?loc=goods_rank
신발,59,2246191,YASE,블라썸 슬라이드 레더 블랙 554,69000,65550,4547,https://www.musinsa.com/app/goods/1419850?loc=goods_rank
신발,60,0,WIGGLE WIGGLE,[위글위글X토앤토] 플립플랍 ZEROVITY SET - Cream,79000,63200,1539,https://www.musinsa.com/app/goods/3350185?loc=goods_rank
신발,61,IE9697,ADIDAS,아디케인 플립플랍 - 화이트,45000,29900,14113,https://www.musinsa.com/app/goods/3178202?loc=goods_rank
신발,62,5004042270,23.65,BAGUETTE 2-PACK,158000,59900,9592,https://www.musinsa.com/app/goods/3161736?loc=goods_rank
신발,63,2171317,SALT AND CHOCOLATE,라운드 토 메리제인 청키 플랫 로퍼 412215005 (3.5cm/2colors),99000,59400,2298,https://www.musinsa.com/app/goods/2611634?loc=goods_rank
신발,64,NBRJDS201B_19,NEW BALANCE,NBRJDS201B,"
                                                                                                                                                59000",59000,3675,https://www.musinsa.com/app/goods/2330196?loc=goods_rank
신발,65,1080109-NEGRO,VICTORIA SHOES,쿵푸 베일라리나 로나 (1080109-NEGRO),69000,55200,2993,https://www.musinsa.com/app/goods/1950541?loc=goods_rank
신발,66,5004518905,23.65,MULLY [SLIDE] BUTTER,44000,44000,369,https://www.musinsa.com/app/goods/3242464?loc=goods_rank
신발,67,5000037962,SALT AND CHOCOLATE,스퀘어 토 베이직 쿠션 플랫 412135003 (1cm/3colors),79000,47400,294,https://www.musinsa.com/app/goods/2724391?loc=goods_rank
신발,68,KKRRSSL702MIVA,KIRSH,키르시 젤-클라우드 슬라이드 [아이보리],49000,46550,3948,https://www.musinsa.com/app/goods/2597852?loc=goods_rank
신발,69,WTRD1117,WETHEROAD,WTRD1117 빅풋 커브드 5홀 볼륨 더비슈즈 블랙 [230~280MM],89000,40050,915,https://www.musinsa.com/app/goods/2773880?loc=goods_rank
신발,70,FLMPDS2U01,MANIPELLO,레이니D 숏 레인부츠 FLMPDS2U01,"
                                                                                                                                                39900",39900,60,https://www.musinsa.com/app/goods/3424878?loc=goods_rank
신발,71,E54-090,FITFLOP,아이쿠션 에고노믹 쪼리 Black,39000,35200,6054,https://www.musinsa.com/app/goods/1363028?loc=goods_rank
신발,72,M72U01051,MO SPORTS,모 슬라이드 (블랙),39000,33900,459,https://www.musinsa.com/app/goods/581524?loc=goods_rank
신발,73,IESO2E201BK,IL CORSO,블랙 EVA 웨이브 클로그 IESO2E201BK,52000,27000,1460,https://www.musinsa.com/app/goods/2534700?loc=goods_rank
신발,74,1016223CHE,UGG,오버로크 스티치 숏 부츠 (클래식 숏 II) W - 체스넛,"
                                                                                                                                                278000",278000,5965,https://www.musinsa.com/app/goods/2042868?loc=goods_rank
신발,75,1116109SAN,UGG,UGG 스웨이드 레더 미니 부츠 (클래식 울트라 미니) W - 샌드,"
                                                                                                                                                218000",218000,3775,https://www.musinsa.com/app/goods/2733844?loc=goods_rank
신발,76,R21M042-FG,ROMANTIC MOVE,베이스먼트 더비 R21M042 (FG 블랙),168000,138000,10911,https://www.musinsa.com/app/goods/1890398?loc=goods_rank
신발,77,11204757,BALLOP,아쿠아슈즈 에너지 블랙,29000,25000,258,https://www.musinsa.com/app/goods/1514305?loc=goods_rank
신발,78,PS0UL21S901,PROSPECS,OR 1988,59000,21850,115,https://www.musinsa.com/app/goods/1967952?loc=goods_rank
신발,79,801698256,CREP PROTECT,방수 스프레이,"
                                                                                                                                                20000",20000,373,https://www.musinsa.com/app/goods/1708581?loc=goods_rank
신발,80,CP0003,CUSTOMADE,[2SET]1.5cm,"
                                                                                                                                                19600",19600,646,https://www.musinsa.com/app/goods/2690813?loc=goods_rank
신발,81,Dive_beige,LOSTGARDEN,Dive_beige,"
                                                                                                                                                295000",295000,8398,https://www.musinsa.com/app/goods/2910082?loc=goods_rank
신발,82,AKAJSUS01227_멀티,AKIII CLASSIC,퀵 슬라이드 크림,29000,19000,455,https://www.musinsa.com/app/goods/1964784?loc=goods_rank
신발,83,1134991BLK,UGG,스웨이드 레더 플랫폼 부츠 (클래식 미니 플랫폼) W - 블랙,"
                                                                                                                                                278000",278000,1210,https://www.musinsa.com/app/goods/2820789?loc=goods_rank
신발,84,오솔라이트 1.5cm 인솔 2개 묶음 상품,6FT,오솔라이트 1.5cm 인솔 2개 묶음 상품,21000,18000,677,https://www.musinsa.com/app/goods/2092345?loc=goods_rank
신발,85,RCDS20,BUTTON SEOUL,어글리 대디 매쉬 운동화 (트리플 블랙),76000,53800,1562,https://www.musinsa.com/app/goods/3416013?loc=goods_rank
신발,86,5004802424,23.65,BISBEE BUTTER CAMEL,69000,69000,547,https://www.musinsa.com/app/goods/3277256?loc=goods_rank
신발,87,176885,OOFOS,OORIGINAL BLACK - 조리 블랙,"
                                                                                                                                                69000",69000,69613,https://www.musinsa.com/app/goods/1092992?loc=goods_rank
신발,88,22YSUSL0019MK,YASE,카우하이드 벨로S 모카,109000,103550,2630,https://www.musinsa.com/app/goods/2716430?loc=goods_rank
신발,89,MMBFL103-BK,MUSINSA STANDARD,와이드 플레인 더비 슈즈 [블랙],109900,93390,569,https://www.musinsa.com/app/goods/2731464?loc=goods_rank
신발,90,HS-906_BLACK,HARUTA,남성용 소가죽 페니로퍼 HS-906_BLACK,179000,161100,5985,https://www.musinsa.com/app/goods/636821?loc=goods_rank
신발,91,R23M702-IV,ROMANTIC MOVE,블랑 티롤리안 로우 R23M702 (아이보리 스웨이드),212000,159000,1420,https://www.musinsa.com/app/goods/3435994?loc=goods_rank
신발,92,KNCH547,KINCHI,GRAINY - 547(a),"
                                                                                                                                                339000",339000,1800,https://www.musinsa.com/app/goods/3075621?loc=goods_rank
신발,93,BRCB - 2,BRANS,시티 보이 - 샌드,179000,143200,5607,https://www.musinsa.com/app/goods/1973858?loc=goods_rank
신발,94,2171296,SALT AND CHOCOLATE,(샤틴안감/기모안감) 라운드 토 메리제인 플랫  (1cm/4colors+3colors),79000,47400,5878,https://www.musinsa.com/app/goods/2611574?loc=goods_rank
신발,95,26964001,DR.MARTENS,2976 하이 스무스 블랙,260000,130000,4889,https://www.musinsa.com/app/goods/2036674?loc=goods_rank
신발,96,KNCH503,KINCHI,RAWWW-503 (a),"
                                                                                                                                                269000",269000,221,https://www.musinsa.com/app/goods/3392108?loc=goods_rank
신발,97,10061-713,TIMBERLAND,남성 팀버랜드 6인치 프리미엄 부츠,"
                                                                                                                                                268000",268000,9414,https://www.musinsa.com/app/goods/451851?loc=goods_rank
신발,98,RF1SHBDEV002,ROCKFISH WEATHERWEAR,HAYDEN BOOTS - 7color,69000,62100,33046,https://www.musinsa.com/app/goods/3124961?loc=goods_rank
신발,99,LCMD82I111,ELCANTO,마쯔 남성 페니 로퍼 3.5cm LCMD82I111,129000,129000,1858,https://www.musinsa.com/app/goods/1775338?loc=goods_rank
신발,100,25685001,DR.MARTENS,2976 첼시부츠 모노 블랙,260000,221000,6846,https://www.musinsa.com/app/goods/1590038?loc=goods_rank
