﻿카테고리,순위,품번,브랜드명,상품명(한글),판매가,비회원가,좋아요 수,URL
아우터,1,1111,LAFUDGESTORE,솔라노 에어플로우 윈드 자켓_Black,74900,37000,5513,https://www.musinsa.com/app/goods/3417474?loc=goods_rank
아우터,2,TAF-2WHZU01MG,TOFFEE,2WAY 스웻 후드 집업 (MELANGE GREY),45000,39000,199196,https://www.musinsa.com/app/goods/1778404?loc=goods_rank
아우터,3,fudge,LAFUDGESTORE,[3M 신슐레이트]오리지널 M-1965 피쉬테일 파카_Original Khaki,138000,108900,75346,https://www.musinsa.com/app/goods/2064478?loc=goods_rank
아우터,4,MNPOSPC27620031-410,POLO RALPH LAUREN,치노 수트 재킷 - 네이비,419000,293300,581,https://www.musinsa.com/app/goods/3249645?loc=goods_rank
아우터,5,MMJJK601-BK,MUSINSA STANDARD,릴렉스드 베이식 블레이저 [블랙],81900,73690,57274,https://www.musinsa.com/app/goods/1558197?loc=goods_rank
아우터,6,TRSJK01BK,TRILLION,워싱 스티치 데님자켓 (BLACK),86000,50300,65002,https://www.musinsa.com/app/goods/1790383?loc=goods_rank
아우터,7,OL209,URBANDTYPE,OL209_러닝클럽 트랙 자켓_네이비,129000,59000,17590,https://www.musinsa.com/app/goods/2353497?loc=goods_rank
아우터,8,SA23FWMJ22BK,SATUR,테오 코튼 올 데이 후드 집업 팔레트 블랙,149000,134100,2175,https://www.musinsa.com/app/goods/2954589?loc=goods_rank
아우터,9,MG2300HZ01GR,WHATITISNT,엔젤 와펜 후드집업 그레이,79000,47400,8729,https://www.musinsa.com/app/goods/3029811?loc=goods_rank
아우터,10,2170225,FP142,유스풀 벌룬 후드집업 그레이 SJHD1327,57000,39800,36979,https://www.musinsa.com/app/goods/2122596?loc=goods_rank
아우터,11,vvain_536,VERYVAIN,GAFF TEX CARDIGAN (BLACK),38000,29900,22410,https://www.musinsa.com/app/goods/2159724?loc=goods_rank
아우터,12,MK2312KV002M0BB,MATIN KIM,SPELL POINT STRIPE KNIT VEST IN BLACK,"
                                                                                                                                                148000",148000,9238,https://www.musinsa.com/app/goods/3125671?loc=goods_rank
아우터,13,OL196,URBANDTYPE,OL196_발마칸 울 코트_네이비,239000,89000,7028,https://www.musinsa.com/app/goods/2172267?loc=goods_rank
아우터,14,WMPOSWENDW20173-100,POLO RALPH LAUREN,울 캐시미어 케이블 니트 가디건 - 화이트,"
                                                                                                                                                399000",399000,1668,https://www.musinsa.com/app/goods/3414573?loc=goods_rank
아우터,15,2311029221815SS23,TOTEME,여성 개버딘 카 코트 - 캐슈,1855000,809000,31,https://www.musinsa.com/app/goods/3161511?loc=goods_rank
아우터,16,DBBF8jk10BK,DIMITRI BLACK,(올시즌) 2WAY 어센틱 후드 윈드브레이커 자켓_블랙,85900,66900,26913,https://www.musinsa.com/app/goods/2723218?loc=goods_rank
아우터,17,NJ3BP54J,THE NORTH FACE,NJ3BP54J 화이트라벨 빌란 자켓,"
                                                                                                                                                148000",148000,589,https://www.musinsa.com/app/goods/3482432?loc=goods_rank
아우터,18,Pack50,URBANDTYPE,[ 리뉴얼 ]린넨 쓰리피스 셋업_블랙,99000,33900,4386,https://www.musinsa.com/app/goods/2458191?loc=goods_rank
아우터,19,23F8870-4500,PLACE STUDIO,비건 레더 오버핏 블루종 [블랙],110000,48400,35760,https://www.musinsa.com/app/goods/2140335?loc=goods_rank
아우터,20,13781135,NEW ERA,MLB 뉴욕 양키스 스타디움 재킷 미드나잇 네이비 13781135,199000,179100,153,https://www.musinsa.com/app/goods/3558467?loc=goods_rank
아우터,21,TAF-2WHZU01BK,TOFFEE,2WAY 스웻 후드 집업 (BLACK),45000,39000,47875,https://www.musinsa.com/app/goods/1778408?loc=goods_rank
아우터,22,MWJJK004-BK,MUSINSA STANDARD,우먼즈 오버사이즈 블레이저 [블랙],83900,75490,29574,https://www.musinsa.com/app/goods/1618312?loc=goods_rank
아우터,23,SA23SSMK41NV,SATUR,파로 오버 사이즈 부클 가디건 네이비 피오니,149000,134100,1634,https://www.musinsa.com/app/goods/3105460?loc=goods_rank
아우터,24,A23FWWAM553_RD,ANDERSSON BELL,르망 울 블루종 자켓 awa553m(RED),"
                                                                                                                                                690000",690000,113,https://www.musinsa.com/app/goods/3486797?loc=goods_rank
아우터,25,CXD4JP49K-WKE,COOR,오버 다잉 페이디드 워크 점퍼 (워시드카키),250000,225000,194,https://www.musinsa.com/app/goods/3553953?loc=goods_rank
아우터,26,SPMZD49U01,SPAO,[프렌치테리] 루즈핏 2-WAY 후드집업_SPMZD49U01,39900,35910,30785,https://www.musinsa.com/app/goods/2668986?loc=goods_rank
아우터,27,m1037_685405,LAFUDGESTORE,드로잉 워싱 데님 레이서 자켓_Light Blue,99800,79800,2258,https://www.musinsa.com/app/goods/3453036?loc=goods_rank
아우터,28,13CMOW176A006099A999FW22,CP Company,남성 DD 쉘 다운 패딩 - 블랙,1165000,656000,170,https://www.musinsa.com/app/goods/3184053?loc=goods_rank
아우터,29,DF22SS4011,DOFFJASON,오버핏 비건레더 싱글 자켓,129000,89000,59350,https://www.musinsa.com/app/goods/1576700?loc=goods_rank
아우터,30,SPJJD25C21,SPAO,라이트 패커블 윈드브레이커_SPJJD25C21,39900,35910,30953,https://www.musinsa.com/app/goods/1856181?loc=goods_rank
아우터,31,NV3NP55A,THE NORTH FACE,NV3NP55A 눕시 온볼 베스트,"
                                                                                                                                                189000",189000,1354,https://www.musinsa.com/app/goods/3539237?loc=goods_rank
아우터,32,FZW2023FWOT013,FRIZMWORKS,CORDUROY BUDDY HARRINGTON JACKET _ BROWN,148000,140600,717,https://www.musinsa.com/app/goods/3471497?loc=goods_rank
아우터,33,1111,LAFUDGESTORE,솔라노 에어플로우 윈드 자켓_Midnight Blue,74900,37000,574,https://www.musinsa.com/app/goods/3417476?loc=goods_rank
아우터,34,IA4776,ADIDAS,베켄바우어 트랙탑 - 네이비,105000,90900,7185,https://www.musinsa.com/app/goods/3042935?loc=goods_rank
아우터,35,P4MMJ07U,MMGL,FLUFFY DOWN JACKET (FOIL BLACK),219000,69000,2656,https://www.musinsa.com/app/goods/2739963?loc=goods_rank
아우터,36,m1037_6854054,LAFUDGESTORE,버핑레더 오버핏 블루종_Suede Brown,113000,89800,2669,https://www.musinsa.com/app/goods/3453664?loc=goods_rank
아우터,37,m1037_685405,LAFUDGESTORE,부클레 오버핏 케이블 후드 집업 니트_Oatmeal,94000,74800,838,https://www.musinsa.com/app/goods/3548481?loc=goods_rank
아우터,38,MMJJK101-BK,MUSINSA STANDARD,오버사이즈 블레이저 [블랙],83900,75490,42498,https://www.musinsa.com/app/goods/1283757?loc=goods_rank
아우터,39,UO321CJK92_BLK0,UMBRO,UK 헤리티지 ver.2 스텐넥 자켓 블랙(UO321CJK92),"
                                                                                                                                                179000",179000,2471,https://www.musinsa.com/app/goods/3092695?loc=goods_rank
아우터,40,A23FWTBM1006_BK,ANDERSSON BELL,빌리지 인타르시아 가디건 atb1006m(BLACK),"
                                                                                                                                                269000",269000,43,https://www.musinsa.com/app/goods/3545723?loc=goods_rank
아우터,41,NM31WB01M1GY,NOMANUAL,PENON WIND SHELL - WARM GRAY,149000,129630,16443,https://www.musinsa.com/app/goods/2329533?loc=goods_rank
아우터,42,IN4683,ADIDAS,파이어버드 트랙탑 - 마룬,"
                                                                                                                                                119000",119000,2491,https://www.musinsa.com/app/goods/3503551?loc=goods_rank
아우터,43,L3AO0033BK,LMOOD,헌팅 바이커 자켓 블랙,258000,232200,620,https://www.musinsa.com/app/goods/3406346?loc=goods_rank
아우터,44,NJ3BP50K,THE NORTH FACE,NJ3BP50K 화이트라벨 레인저 자켓,"
                                                                                                                                                228000",228000,241,https://www.musinsa.com/app/goods/3483333?loc=goods_rank
아우터,45,TRTTAWWB09UB5,TRAVEL,3 레이어 써밋 후드 윈드 브레이커 사파이어 블루,129000,89900,9726,https://www.musinsa.com/app/goods/2703787?loc=goods_rank
아우터,46,1111,LAFUDGESTORE,솔라노 에어플로우 윈드 자켓_Ecru,74900,37000,868,https://www.musinsa.com/app/goods/3417478?loc=goods_rank
아우터,47,UNION-JK02,UNION BLUE,TIPICO COTTON CHINO JACKET,244000,244000,305,https://www.musinsa.com/app/goods/2170147?loc=goods_rank
아우터,48,20220207-19,ESPIONAGE,Ray Yacht Parka Charcoal,129000,109000,8504,https://www.musinsa.com/app/goods/2343199?loc=goods_rank
아우터,49,20220207-18,ESPIONAGE,Ray Yacht Parka Black,129000,109000,20695,https://www.musinsa.com/app/goods/2343198?loc=goods_rank
아우터,50,ALSHD3303BK,ALYSS,더블 라인 컬러 믹스 후드 집업 [블랙],94000,84600,1225,https://www.musinsa.com/app/goods/3509998?loc=goods_rank
아우터,51,20210101019,ZPLISH,싱글 체크 블레이저 브라운,178000,142400,2766,https://www.musinsa.com/app/goods/1762727?loc=goods_rank
아우터,52,f-1415,LAFUDGESTORE,울리치 발마칸 오버 코트_Midnight Blue,192000,134800,105,https://www.musinsa.com/app/goods/3548423?loc=goods_rank
아우터,53,m1037_685405,LAFUDGESTORE,버핑레더 컴바인 바시티 자켓_Black&Ivory,124000,98900,1380,https://www.musinsa.com/app/goods/3453239?loc=goods_rank
아우터,54,CBCS1JP004GR,CODEGRAPHY,2-WAY 테크 숏 자켓_그레이,79000,74900,35073,https://www.musinsa.com/app/goods/1530517?loc=goods_rank
아우터,55,MMJJK601-UI,MUSINSA STANDARD,릴렉스드 베이식 블레이저 [더스티 베이지],81900,73690,9674,https://www.musinsa.com/app/goods/1558688?loc=goods_rank
아우터,56,A21FWWAM387_CC,ANDERSSON BELL,브라이언 바이커 패디드 점퍼 awa387m(CHARCOAL),"
                                                                                                                                                378000",378000,1022,https://www.musinsa.com/app/goods/2127382?loc=goods_rank
아우터,57,QO323TJK91_BLK0,LECOQ,테니스 라이프 듀스 리버시블 자켓 블랙(QO323TJK91),"
                                                                                                                                                189000",189000,75,https://www.musinsa.com/app/goods/3512731?loc=goods_rank
아우터,58,MMJJK601-MR,MUSINSA STANDARD,릴렉스드 베이식 블레이저 [미디엄 그레이],81900,73690,10339,https://www.musinsa.com/app/goods/1558683?loc=goods_rank
아우터,59,IA4778,ADIDAS,베켄바우어 트랙탑 - 블랙,105000,90900,10535,https://www.musinsa.com/app/goods/3042936?loc=goods_rank
아우터,60,CXD4CT06K-KHK,COOR,로우 컷 타이로켄 코트 (카키),410000,369000,70,https://www.musinsa.com/app/goods/3515924?loc=goods_rank
아우터,61,xtk060ge,XTONZ,XTK060 던스턴 니트 집업 (GREEN),89000,71200,1934,https://www.musinsa.com/app/goods/3428553?loc=goods_rank
아우터,62,NBNAD32843_99,NEW BALANCE,NBNAD32843/ UNI 컬러블록 웜업자켓 (MIX),"
                                                                                                                                                179000",179000,4010,https://www.musinsa.com/app/goods/2699189?loc=goods_rank
아우터,63,DJ23SSVLJ006BLK,DOFFJASON,비건레더 헤리티지 싱글 자켓,111000,89000,2842,https://www.musinsa.com/app/goods/3041953?loc=goods_rank
아우터,64,JK044WH,NOT4NERD,Tribal Logo Nylon Racing Jacket - White,111500,89000,8008,https://www.musinsa.com/app/goods/3209863?loc=goods_rank
아우터,65,FZW2022FWOT007,FRIZMWORKS,OSCAR FISHTAIL JACKET 003 _ BLACK,189000,179550,2054,https://www.musinsa.com/app/goods/2737007?loc=goods_rank
아우터,66,LMDC001,LMOOD,화란 세미오버 가디건 블랙,94900,71100,30936,https://www.musinsa.com/app/goods/1139192?loc=goods_rank
아우터,67,1877038,JEMUT,리치 오버 MA-1 자켓 블랙 YHJK2269,96000,69800,74365,https://www.musinsa.com/app/goods/1291017?loc=goods_rank
아우터,68,TRTTSSAK02UN9,TRAVEL,트래블러 버튼 아노락 네이비,69000,47900,10550,https://www.musinsa.com/app/goods/1817381?loc=goods_rank
아우터,69,CO2203HZ01BK,COVERNAT,[22SS] 어센틱 로고 후디 집업 블랙,89000,53400,102,https://www.musinsa.com/app/goods/3564964?loc=goods_rank
아우터,70,MMCUJ801-BK,MUSINSA STANDARD,시티 레저 후디드 윈드브레이커 재킷 [블랙],129900,116890,770,https://www.musinsa.com/app/goods/3405532?loc=goods_rank
아우터,71,DF22SS105,DOFFJASON,프리미엄 램스킨 베지터블 스탠드카라 자켓,410000,350000,2605,https://www.musinsa.com/app/goods/1744440?loc=goods_rank
아우터,72,7833952033,AVIREX,MA-1 톰캣,"
                                                                                                                                                348000",348000,1,https://www.musinsa.com/app/goods/3571328?loc=goods_rank
아우터,73,B23S-11306,BLOND9,소프트 텍스처 카라 니트 가디건_블랙,69900,41900,829,https://www.musinsa.com/app/goods/3080085?loc=goods_rank
아우터,74,5000061733,LOOKAST,베카 트위드 자켓 셋업,"
                                                                                                                                                328000",328000,468,https://www.musinsa.com/app/goods/2739058?loc=goods_rank
아우터,75,SE23FJC01,SURFACE EDITION,VELVET SOUVENIR JACKET_DARK GRAY,"
                                                                                                                                                328000",328000,44,https://www.musinsa.com/app/goods/3566350?loc=goods_rank
아우터,76,TAF-2WHZU01CH,TOFFEE,2WAY 스웻 후드 집업 (CHARCOAL),45000,39000,30947,https://www.musinsa.com/app/goods/1778406?loc=goods_rank
아우터,77,NG2DFUM483ACH,NICEGHOSTCLUB,쓰리 스타 로고 후드 집업_차콜(NG2DFUM483A),99000,79200,4515,https://www.musinsa.com/app/goods/3465308?loc=goods_rank
아우터,78,"NC-BJ022001-40, NC-PR022021-40",NONBLANK,[SAINT YEAR] 세미 오버 핏 셋업 수트_BLACK,198000,158400,1149,https://www.musinsa.com/app/goods/2572700?loc=goods_rank
아우터,79,DFCT1001BK,DRAW FIT,오버사이즈 울 트렌치 코트 [BLACK],209000,156700,12866,https://www.musinsa.com/app/goods/709188?loc=goods_rank
아우터,80,m1037_685405,LAFUDGESTORE,드로잉 워싱 데님 레이서 자켓_Washed Black,99800,79800,1925,https://www.musinsa.com/app/goods/3453034?loc=goods_rank
아우터,81,23FALL,PLACE STUDIO,[멜로우 X PLACE] 프레피 믹스 케이블 니트 카라 가디건 [아이보리],120000,59900,480,https://www.musinsa.com/app/goods/3555357?loc=goods_rank
아우터,82,IM2C4JK01BK,INSILENCE,오버사이즈 울 블레이저 BLACK,172000,154000,16297,https://www.musinsa.com/app/goods/841230?loc=goods_rank
아우터,83,Pack_13,URBANDTYPE,[ 리뉴얼 ] UB 바람막이 쓰리피스 셋업_블랙,109000,54000,16024,https://www.musinsa.com/app/goods/2288426?loc=goods_rank
아우터,84,KBCFUDJ001BL,KIIMUIR,빈티지 워싱 데님 바이커 자켓_딥 블루,109000,99900,1077,https://www.musinsa.com/app/goods/3466542?loc=goods_rank
아우터,85,w-jkt23-030,BADBLOOD,보니 데님 카고 크롭 자켓 - 스카이블루,"
                                                                                                                                                299000",299000,204,https://www.musinsa.com/app/goods/3516499?loc=goods_rank
아우터,86,YES1105,YESEYESEE,YESEYESEE x Alpha Industries B-15 Bomber Jacket Black,"
                                                                                                                                                295000",295000,2052,https://www.musinsa.com/app/goods/2804282?loc=goods_rank
아우터,87,MG2300HZ01BK,WHATITISNT,엔젤 와펜 후드집업 블랙,79000,47400,3380,https://www.musinsa.com/app/goods/3029809?loc=goods_rank
아우터,88,2070341,MAINBOOTH,[울90%]Oversized Duffle Coat(ASH BLUE),320000,288000,3484,https://www.musinsa.com/app/goods/2172953?loc=goods_rank
아우터,89,LMDLBK01629,LMOOD,파탈 트위드 트러커 재킷 블랙,158000,142200,3922,https://www.musinsa.com/app/goods/2056274?loc=goods_rank
아우터,90,22FARTSODN032,COFWI,고담 오버핏 트러커 데님 자켓 블랙,129000,129000,290,https://www.musinsa.com/app/goods/2734098?loc=goods_rank
아우터,91,20230119-12,ESPIONAGE,Mountain Wind Parka Black,164000,139000,6029,https://www.musinsa.com/app/goods/3034346?loc=goods_rank
아우터,92,20230725-04,ESPIONAGE,Mountain Wind Parka Olive Multi,164000,139000,1788,https://www.musinsa.com/app/goods/3426632?loc=goods_rank
아우터,93,CBCFUTC003MG,CODEGRAPHY,CGP 아치 로고 후드 집업_멜란지그레이,69000,54900,18076,https://www.musinsa.com/app/goods/2283929?loc=goods_rank
아우터,94,T12D6KCD020MT2DW5,TOMMY HILFIGER,릴렉스핏 밀라노 가디건 (T12D6KCD020MT2DW5),"
                                                                                                                                                279000",279000,338,https://www.musinsa.com/app/goods/3430402?loc=goods_rank
아우터,95,TRTTAWWB09UC6,TRAVEL,3 레이어 써밋 후드 윈드 브레이커 블랙,129000,89900,7866,https://www.musinsa.com/app/goods/2703789?loc=goods_rank
아우터,96,FI22FWPD01,FREI,베이직 푸퍼 자켓(BLACK),185000,185000,364,https://www.musinsa.com/app/goods/3473262?loc=goods_rank
아우터,97,23FW,AVANDRESS,[SET] Very Beloa Hood Zip-up & Very Beloa Pants - 6COL,130000,64900,1897,https://www.musinsa.com/app/goods/3493145?loc=goods_rank
아우터,98,SA23FWMK03BK,SATUR,파로 오버 사이즈 부클 가디건 클래식 블랙,149000,134100,12319,https://www.musinsa.com/app/goods/2683549?loc=goods_rank
아우터,99,WBC3L04503BE,GENERALIDEA,GNRL 에센셜 가디건 [BEIGE],85000,49000,2292,https://www.musinsa.com/app/goods/3434620?loc=goods_rank
아우터,100,NJ3NP85A,THE NORTH FACE,NJ3NP85A 여성 눕시 온볼 자켓,"
                                                                                                                                                249000",249000,2879,https://www.musinsa.com/app/goods/3399096?loc=goods_rank
