﻿카테고리,순위,품번,브랜드명,상품명(한글),판매가,비회원가,좋아요 수,URL
선글라스안경테,1,Jayce-OB267-Black Brown,ONE BRILLIANT,Jayce-OB267-Black Brown,112000,112000,1931,https://www.musinsa.com/app/goods/2474822?loc=goods_rank
선글라스안경테,2,RC B019 BLACK GLASS,RECLOW,RC B019 BLACK GLASS,29000,24900,55070,https://www.musinsa.com/app/goods/1515680?loc=goods_rank
선글라스안경테,3,BAUUS C1,BVH EYEWEAR,BAUUS C1,88000,29800,16144,https://www.musinsa.com/app/goods/1496749?loc=goods_rank
선글라스안경테,4,BETHEL BLACK,BVH EYEWEAR,BETHEL (BLACK) 3 size 블루라이트 차단 안경  CLIP-ON 뿔테,168000,69800,22040,https://www.musinsa.com/app/goods/1130736?loc=goods_rank
선글라스안경테,5,SEOUL-SoWol-bk,HANGLE EYEWEAR,서울컬렉션 소월 블랙,98000,98000,6388,https://www.musinsa.com/app/goods/1759226?loc=goods_rank
선글라스안경테,6,SEOUL-IkSeon-bk,HANGLE EYEWEAR,서울컬렉션 익선 블랙,98000,43000,3720,https://www.musinsa.com/app/goods/1734837?loc=goods_rank
선글라스안경테,7,EMMA C2-1,DAYWALKER,자이스 렌즈 남녀공용 메탈 선글라스 EMMA C2-1,142000,85200,194,https://www.musinsa.com/app/goods/2038937?loc=goods_rank
선글라스안경테,8,1359644,BLUE ELEPHANT,EDIE peach,138000,39000,1825,https://www.musinsa.com/app/goods/1099812?loc=goods_rank
선글라스안경테,9,제품번호+컬러번호,S7ILUVU,BIOPLASTIC B2 친환경 뿔테 투명 안경 Crystal,145000,76106,4,https://www.musinsa.com/app/goods/2122281?loc=goods_rank
선글라스안경테,10,MOMO,BVH EYEWEAR,MOMO,129800,129800,8326,https://www.musinsa.com/app/goods/3123085?loc=goods_rank
선글라스안경테,11,BETHEL BLACK/CRYSTAL,BVH EYEWEAR,BETHEL (BLACK/CRYSTAL) 3 size 블루라이트 차단 안경  CLIP-ON 뿔테,168000,69800,570,https://www.musinsa.com/app/goods/1130755?loc=goods_rank
선글라스안경테,12,WINFIELD_BK,LAFLORIDA,윈필드 블랙 안경 뿔테 빅프레임,47000,33100,93,https://www.musinsa.com/app/goods/2389966?loc=goods_rank
선글라스안경테,13,Jayce-OB267-Black,ONE BRILLIANT,Jayce-OB267-Black,112000,112000,1175,https://www.musinsa.com/app/goods/2474749?loc=goods_rank
선글라스안경테,14,VM1024,VIEWMAP,YOURS_풀티타늄 초경량 9g 모던 판토,59800,56810,664,https://www.musinsa.com/app/goods/2853353?loc=goods_rank
선글라스안경테,15,RC TR B019 Limited 5Color 선글라스,RECLOW,RC TR B019 Limited 5Color 선글라스,39000,27200,487,https://www.musinsa.com/app/goods/2557506?loc=goods_rank
선글라스안경테,16,BREEZ,BVH EYEWEAR,BREEZ,129800,129800,2490,https://www.musinsa.com/app/goods/3123084?loc=goods_rank
선글라스안경테,17,RC E273 CRYSTAL,RECLOW,RC E273 CRYSTAL,29000,26100,7625,https://www.musinsa.com/app/goods/1035328?loc=goods_rank
선글라스안경테,18,2395556,BLUE ELEPHANT,RIKA-S black,138000,42000,368,https://www.musinsa.com/app/goods/3260457?loc=goods_rank
선글라스안경테,19,2395556,BLUE ELEPHANT,TENA crystal,138000,42000,75,https://www.musinsa.com/app/goods/3411142?loc=goods_rank
선글라스안경테,20,Jemma-OB375-Silver,ONE BRILLIANT,Jemma-OB375-Silver,112000,40320,6,https://www.musinsa.com/app/goods/3418025?loc=goods_rank
선글라스안경테,21,eyewear,NONPICK,KIMBERLY_BKSV,109000,38150,3065,https://www.musinsa.com/app/goods/2154904?loc=goods_rank
선글라스안경테,22,Logan-OB195-Cocoa,ONE BRILLIANT,Logan-OB195-Cocoa,112000,31500,329,https://www.musinsa.com/app/goods/2045531?loc=goods_rank
선글라스안경테,23,RC E374 BLACK GLASS,RECLOW,RC E374 BLACK GLASS,29000,24200,13025,https://www.musinsa.com/app/goods/1739961?loc=goods_rank
선글라스안경테,24,Damian 70s,BVH EYEWEAR,Damian 70s 블루라이트 차단 렌즈,59800,59800,2179,https://www.musinsa.com/app/goods/3233732?loc=goods_rank
선글라스안경테,25,RC B557 BLACK,RECLOW,RC B557 BLACK,29000,20400,6942,https://www.musinsa.com/app/goods/1176399?loc=goods_rank
선글라스안경테,26,BROOM,BVH EYEWEAR,BROOM,129800,129800,3775,https://www.musinsa.com/app/goods/3123083?loc=goods_rank
선글라스안경테,27,Damian 70s,BVH EYEWEAR,Damian 70s,59800,59800,8298,https://www.musinsa.com/app/goods/2333945?loc=goods_rank
선글라스안경테,28,SEOUL-SeongSu-bk,HANGLE EYEWEAR,서울컬렉션 성수 블랙,68000,44000,14934,https://www.musinsa.com/app/goods/1736482?loc=goods_rank
선글라스안경테,29,Ivan-OB166-Black,ONE BRILLIANT,Ivan-OB166-Black,112000,28500,9380,https://www.musinsa.com/app/goods/1923916?loc=goods_rank
선글라스안경테,30,FMO131,FAKEME,Dodo(두도) SVC,104000,52000,554,https://www.musinsa.com/app/goods/1043101?loc=goods_rank
선글라스안경테,31,CLIFT 50 AB,LASH,CLIFT 50 AB,"
                                                                                                                                                205000",205000,30,https://www.musinsa.com/app/goods/3168694?loc=goods_rank
선글라스안경테,32,SMO005002,SPECS MONTANA,SMO 5-2,"
                                                                                                                                                190000",190000,3,https://www.musinsa.com/app/goods/2882306?loc=goods_rank
선글라스안경테,33,FMO136,FAKEME,Harry (해리) [48] BSV,"
                                                                                                                                                185000",185000,597,https://www.musinsa.com/app/goods/1043538?loc=goods_rank
선글라스안경테,34,G-PAO-2,WHY STYLE,PAOLO-2,"
                                                                                                                                                170000",170000,,https://www.musinsa.com/app/goods/478379?loc=goods_rank
선글라스안경테,35,RC E386 BLACK SILVER 청광렌즈 VER 안경,RECLOW,RC E386 BLACK SILVER 청광렌즈 VER 안경,39000,31200,10509,https://www.musinsa.com/app/goods/1431427?loc=goods_rank
선글라스안경테,36,NEMO,BVH EYEWEAR,NEMO,129800,28800,356,https://www.musinsa.com/app/goods/3365161?loc=goods_rank
선글라스안경테,37,Chico-OB221-Black,ONE BRILLIANT,Chico-OB221-Black,112000,28000,22792,https://www.musinsa.com/app/goods/2064798?loc=goods_rank
선글라스안경테,38,ELL,BVH EYEWEAR,ELL,129800,129800,20149,https://www.musinsa.com/app/goods/2451396?loc=goods_rank
선글라스안경테,39,Viiy,BVH EYEWEAR,Viiy,129800,129800,3675,https://www.musinsa.com/app/goods/3233804?loc=goods_rank
선글라스안경테,40,MONK,BVH EYEWEAR,MONK,129800,129800,8464,https://www.musinsa.com/app/goods/2572443?loc=goods_rank
선글라스안경테,41,CEJA,BVH EYEWEAR,블루라이트 차단 렌즈 CEJA,129800,129800,2330,https://www.musinsa.com/app/goods/2574574?loc=goods_rank
선글라스안경테,42,MANJOO (IV),GEEKTAEYEWEAR,MANJOO (IV),132000,96000,419,https://www.musinsa.com/app/goods/2204791?loc=goods_rank
선글라스안경테,43,WAFER (SV),GEEKTAEYEWEAR,WAFER (SV),128000,93000,2468,https://www.musinsa.com/app/goods/1822051?loc=goods_rank
선글라스안경테,44,2119953,WTD,iLe Zest R3_제스트 R3 컴포트 미러 (화이트/골드),99000,89100,24,https://www.musinsa.com/app/goods/2679170?loc=goods_rank
선글라스안경테,45,2395556,BLUE ELEPHANT,HANGANG black,120000,89000,41,https://www.musinsa.com/app/goods/3383109?loc=goods_rank
선글라스안경테,46,제품번호+컬러번호,S7ILUVU,BIOPLASTIC B13 친환경 뿔테 안경 베스트 모델 Black,155000,81355,7,https://www.musinsa.com/app/goods/2122292?loc=goods_rank
선글라스안경테,47,DYLAN C5,DAYWALKER,자이스 렌즈 남녀공용 자외선차단 선글라스 DYLAN C5,135000,81000,878,https://www.musinsa.com/app/goods/3150298?loc=goods_rank
선글라스안경테,48,BETHEL HONEY GOLD,BVH EYEWEAR,BETHEL (HONEY GOLD) 3 size 블루라이트 차단 안경  CLIP-ON 뿔테,168000,69800,1474,https://www.musinsa.com/app/goods/1130749?loc=goods_rank
선글라스안경테,49,RI-001,SEMICOLON EYEWEAR,Julien Silver Glasses,118000,64600,13,https://www.musinsa.com/app/goods/3564576?loc=goods_rank
선글라스안경테,50,기타,HANGLE EYEWEAR,라운드 티탄 51 브라운,76000,59000,17,https://www.musinsa.com/app/goods/3212544?loc=goods_rank
선글라스안경테,51,VM1036,VIEWMAP,HEY_풀티타늄 초경량 더블브릿지 폴리곤,59800,56810,217,https://www.musinsa.com/app/goods/2857252?loc=goods_rank
선글라스안경테,52,라이트아넬 투명브라운,ISTANDARD,라이트아넬 투명브라운 초경량 안경,49000,49000,114,https://www.musinsa.com/app/goods/3003060?loc=goods_rank
선글라스안경테,53,FURIAN,ANOTHERROUTE,티타늄 안경테 FURIAN 원형 레트로,"
                                                                                                                                                49900",49900,23,https://www.musinsa.com/app/goods/2299352?loc=goods_rank
선글라스안경테,54,TRTHSUEW01UC6,TRAVEL,마운틴 컬렉션 한라 블랙,98000,49900,474,https://www.musinsa.com/app/goods/3266121?loc=goods_rank
선글라스안경테,55,AL82020914G,ALO EYEWEAR,[ALO BASIC] AL8202 0914G 캣츠 라운드 블랙/로즈골드 메탈 안경,"
                                                                                                                                                49000",49000,4,https://www.musinsa.com/app/goods/2542713?loc=goods_rank
선글라스안경테,56,AL53070909,ALO EYEWEAR,AL5307 0909 릴산클리어 볼드 미니 스퀘어 블랙 안경테,"
                                                                                                                                                49000",49000,2,https://www.musinsa.com/app/goods/3563331?loc=goods_rank
선글라스안경테,57,SEOUL-HaengDang-bk,HANGLE EYEWEAR,서울컬렉션 행당 블랙,68000,43000,1947,https://www.musinsa.com/app/goods/1734818?loc=goods_rank
선글라스안경테,58,2395556,BLUE ELEPHANT,SYNTH silver,138000,42000,294,https://www.musinsa.com/app/goods/3122084?loc=goods_rank
선글라스안경테,59,Yara-OB362-Grey,ONE BRILLIANT,Yara-OB362-Grey,112000,40320,105,https://www.musinsa.com/app/goods/3168937?loc=goods_rank
선글라스안경테,60,4639bk,LAFLORIDA,산타 블랙 glasses 블루라이트 차단 렌즈 적용,48000,39900,7163,https://www.musinsa.com/app/goods/247051?loc=goods_rank
선글라스안경테,61,755361,ROHEYD,칼리고 C1S,"
                                                                                                                                                39800",39800,79,https://www.musinsa.com/app/goods/2086378?loc=goods_rank
선글라스안경테,62,1359643,BLUE ELEPHANT,EDIE crystal,138000,39000,388,https://www.musinsa.com/app/goods/1099811?loc=goods_rank
선글라스안경테,63,755355,ROHEYD,무사카 S C1,"
                                                                                                                                                39000",39000,36,https://www.musinsa.com/app/goods/2086367?loc=goods_rank
선글라스안경테,64,eyewear,NONPICK,LUCE_BK,109000,38150,93,https://www.musinsa.com/app/goods/2273276?loc=goods_rank
선글라스안경테,65,Thur,SBKA,SBKA Thur-C01 블루라이트 뿔테안경,"
                                                                                                                                                38000",38000,1785,https://www.musinsa.com/app/goods/2905675?loc=goods_rank
선글라스안경테,66,RC TR B210 BLACK SILVER GLASS 안경,RECLOW,RC TR B210 BLACK SILVER GLASS 안경,39000,35100,49,https://www.musinsa.com/app/goods/3241535?loc=goods_rank
선글라스안경테,67,Meridian-OB299-Grey,ONE BRILLIANT,Meridian-OB299-Grey,112000,112000,256,https://www.musinsa.com/app/goods/2641568?loc=goods_rank
선글라스안경테,68,기타,HANGLE EYEWEAR,한글선글라스 MINO 블랙,68000,29900,279,https://www.musinsa.com/app/goods/3202257?loc=goods_rank
선글라스안경테,69,BROOK,BVH EYEWEAR,BROOK,129800,129800,669,https://www.musinsa.com/app/goods/3123087?loc=goods_rank
선글라스안경테,70,RC E541 BLACK GLASS,RECLOW,RC E541 BLACK GLASS 안경,35000,28000,970,https://www.musinsa.com/app/goods/2492594?loc=goods_rank
선글라스안경테,71,RC FBB58 CRYSTAL GLASS,RECLOW,RC FBB58 CRYSTAL GLASS 안경,35000,28000,181,https://www.musinsa.com/app/goods/2576431?loc=goods_rank
선글라스안경테,72,RC E493 BLACK GLASS,RECLOW,RC E493 BLACK GLASS,35000,27200,735,https://www.musinsa.com/app/goods/1792681?loc=goods_rank
선글라스안경테,73,RC E493 BROWN GLASS,RECLOW,RC E493 BROWN GLASS,35000,27200,768,https://www.musinsa.com/app/goods/1792683?loc=goods_rank
선글라스안경테,74,RC FBB56 CRYSTAL BLUE,RECLOW,RC FBB56 CRYSTAL BLUE 선글라스,39000,27200,457,https://www.musinsa.com/app/goods/2572099?loc=goods_rank
선글라스안경테,75,1081,PLAINBRAND,레트로안경 오버사이즈 PLAIN B1081[3color],65000,27000,626,https://www.musinsa.com/app/goods/1989187?loc=goods_rank
선글라스안경테,76,BELLE col.2,BVH EYEWEAR,BELLE col.2,129800,26800,528,https://www.musinsa.com/app/goods/3365159?loc=goods_rank
선글라스안경테,77,RC E263 BLACK,RECLOW,RC E263 BLACK,29000,26100,733,https://www.musinsa.com/app/goods/916961?loc=goods_rank
선글라스안경테,78,RC B019 GRAY GLASS,RECLOW,RC B019 GRAY GLASS,29000,26100,328,https://www.musinsa.com/app/goods/1515687?loc=goods_rank
선글라스안경테,79,RC B010 COCOA GLASS,RECLOW,RC B010 COCOA GLASS,29000,25900,909,https://www.musinsa.com/app/goods/1734197?loc=goods_rank
선글라스안경테,80,TRISHA SUNGLASSES 797,TRISHA,자전거 스포츠 패션 고글 오버사이즈 깡  797,"
                                                                                                                                                25800",25800,116,https://www.musinsa.com/app/goods/2058031?loc=goods_rank
선글라스안경테,81,2020_4600-BL,EYELUCY,No.4600-BL 블루라이트 청색광차단 안경테,27900,24900,1047,https://www.musinsa.com/app/goods/1495055?loc=goods_rank
선글라스안경테,82,1242966,2CUBE,MINI KURT COBAIN(BLACK),58000,24900,2246,https://www.musinsa.com/app/goods/2264469?loc=goods_rank
선글라스안경테,83,LEAF,BVH EYEWEAR,리프,129800,129800,1096,https://www.musinsa.com/app/goods/3012176?loc=goods_rank
선글라스안경테,84,GS-2053,GLOSTERN,나비 GS-2053 베이지,29900,23900,19,https://www.musinsa.com/app/goods/2161659?loc=goods_rank
선글라스안경테,85,1100234,2CUBE,WEBCORSAIR(BLACK),49800,22900,2558,https://www.musinsa.com/app/goods/1705933?loc=goods_rank
선글라스안경테,86,1252931,2CUBE,MATTE(BLACK),38000,21900,481,https://www.musinsa.com/app/goods/2330291?loc=goods_rank
선글라스안경테,87,YALE,ISTANDARD,예일 2size 블루라이트 차단 안경,39000,21900,2271,https://www.musinsa.com/app/goods/2990373?loc=goods_rank
선글라스안경테,88,5002653906,2CUBE,ROW 2DOT SQUARE EYEWEAR(BLACK),38000,20900,38,https://www.musinsa.com/app/goods/3125357?loc=goods_rank
선글라스안경테,89,OBLIQ C3,BVH EYEWEAR,OBLIQ C3,68000,68000,560,https://www.musinsa.com/app/goods/1496830?loc=goods_rank
선글라스안경테,90,스퀘어 베이직 선글라스 블랙,ISTANDARD,스퀘어 베이직 선글라스 블랙,49900,19900,3427,https://www.musinsa.com/app/goods/2930487?loc=goods_rank
선글라스안경테,91,오버사이즈 선글라스 블랙,ISTANDARD,오버사이즈 선글라스 블랙,39900,19900,206,https://www.musinsa.com/app/goods/2930667?loc=goods_rank
선글라스안경테,92,톰 선글라스 블랙,ISTANDARD,톰 선글라스 블랙,59900,19900,187,https://www.musinsa.com/app/goods/2930675?loc=goods_rank
선글라스안경테,93,MEER,BVH EYEWEAR,MEER,129800,129800,582,https://www.musinsa.com/app/goods/3367508?loc=goods_rank
선글라스안경테,94,라이트아넬 브라운,ISTANDARD,라이트아넬 브라운 초경량 안경,49000,17900,59,https://www.musinsa.com/app/goods/3003046?loc=goods_rank
선글라스안경테,95,RC G428 BLACK GLASS 안경,RECLOW,RC G428 BLACK GLASS 안경,39000,17900,263,https://www.musinsa.com/app/goods/3017961?loc=goods_rank
선글라스안경테,96,DESDD201C01,DOLPHIN WAVE,돌핀 드라이빙 선글라스 DD 201 (블랙),89000,89000,75,https://www.musinsa.com/app/goods/3296092?loc=goods_rank
선글라스안경테,97,RC G365 BLACK GLASS,RECLOW,RC G365 BLACK GLASS 안경,35000,17500,159,https://www.musinsa.com/app/goods/2615095?loc=goods_rank
선글라스안경테,98,DDSDB202C04,DOLPHIN WAVE,뉴 클랩 DB202 (오렌지),69000,69000,64,https://www.musinsa.com/app/goods/2497919?loc=goods_rank
선글라스안경테,99,11250725,JBANS CLASSIC,심플 슬림 스트랩 안경줄 마스크목걸이 (C2001-AN669_BK),"
                                                                                                                                                8000",8000,83,https://www.musinsa.com/app/goods/1551633?loc=goods_rank
선글라스안경테,100,KSHOLCUS-1657,KSUBI,홀커스 블랙 아시안핏,190000,30000,20,https://www.musinsa.com/app/goods/46126?loc=goods_rank
