﻿카테고리,순위,품번,브랜드명,상품명(한글),판매가,비회원가,좋아요 수,URL
여성 가방,1,056-2,MMOGARDEN,mmo backpack nylon metalrip,"
                                                                                                                                                87000",87000,986,https://www.musinsa.com/app/goods/3009113?loc=goods_rank
여성 가방,2,056-3,MMOGARDEN,mmo backpack nylon metalrip,"
                                                                                                                                                87000",87000,627,https://www.musinsa.com/app/goods/3009143?loc=goods_rank
여성 가방,3,P0000DYT,L.E.E.Y,RIVET SPRAY CYLINDER MINI BAG WHITE,178000,160200,49,https://www.musinsa.com/app/goods/3567593?loc=goods_rank
여성 가방,4,678401DV7071000FW22,SAINT LAURENT,여성 루루 토이 모노그램 숄더백 - 블랙,2430000,1687000,1032,https://www.musinsa.com/app/goods/2849886?loc=goods_rank
여성 가방,5,MTK21BBG016W0BB,MATIN KIM,SPORTY TOTE BAG IN BLACK,"
                                                                                                                                                145000",145000,30947,https://www.musinsa.com/app/goods/2235274?loc=goods_rank
여성 가방,6,21N-017A,STAND OIL,Oblong bag Mini · 오블롱백 미니,"
                                                                                                                                                96000",96000,51846,https://www.musinsa.com/app/goods/2344540?loc=goods_rank
여성 가방,7,PXAWVF61179CADFW23,A.P.C.,여성 베티 크로스백 - 브라운,819000,239000,199,https://www.musinsa.com/app/goods/3459616?loc=goods_rank
여성 가방,8,20N-006B,STAND OIL,Butter bag  Classic · 버터백 클래식,"
                                                                                                                                                89000",89000,37455,https://www.musinsa.com/app/goods/2343665?loc=goods_rank
여성 가방,9,CR22A512BK,SCULPTOR,Oldschool Slouchy Backpack Black,84000,58800,20832,https://www.musinsa.com/app/goods/3034743?loc=goods_rank
여성 가방,10,Salt Bag,DUMARO,솔트백,98000,98000,1476,https://www.musinsa.com/app/goods/3446244?loc=goods_rank
여성 가방,11,P0000DHO,MATIN KIM,BIG COATING TOTE BAG IN BLACK,"
                                                                                                                                                178000",178000,13967,https://www.musinsa.com/app/goods/2112607?loc=goods_rank
여성 가방,12,22N-057A,STAND OIL,Post bag · 포스트백,91000,86450,12711,https://www.musinsa.com/app/goods/2930265?loc=goods_rank
여성 가방,13,22G-039A,STAND OIL,Chubby bag · 츄비백,"
                                                                                                                                                119000",119000,25532,https://www.musinsa.com/app/goods/2558648?loc=goods_rank
여성 가방,14,P0000BCQ,FILLINTHEBLANK,Trapezoid PK Shoulder Bag (marble)(stone),"
                                                                                                                                                159000",159000,3731,https://www.musinsa.com/app/goods/3256674?loc=goods_rank
여성 가방,15,OVBLX23001BLK,ARCHIVEPKE,Mini bowling bag(Deep sleep)_OVBLX23001BLK,99000,89100,30837,https://www.musinsa.com/app/goods/1910358?loc=goods_rank
여성 가방,16,MK2213BG020M0BE,MATIN KIM,BABY SPORTY TOTE BAG IN BEIGE,"
                                                                                                                                                138000",138000,3936,https://www.musinsa.com/app/goods/2577897?loc=goods_rank
여성 가방,17,H73105010,CARLYN,위켄더 3colors_H73105010,"
                                                                                                                                                120000",120000,2302,https://www.musinsa.com/app/goods/3270689?loc=goods_rank
여성 가방,18,JHNCHD3BF241BK260,JESTINA,AVA LG 토트 BK (JHNCHD3BF241BK260),238000,214200,10,https://www.musinsa.com/app/goods/3533711?loc=goods_rank
여성 가방,19,MK2378BG061M0OL,MATIN KIM,VINTAGE LEATHER MINI BOSTON BAG IN OLIVE,238000,214200,21,https://www.musinsa.com/app/goods/3573028?loc=goods_rank
여성 가방,20,23J-074A,STAND OIL,Tied Backpack · 타이드 백팩,"
                                                                                                                                                91000",91000,3574,https://www.musinsa.com/app/goods/3318648?loc=goods_rank
여성 가방,21,RR231AC004BK,REST&RECREATION,RR LOGO NYLON SHOULDER BAG BLACK,"
                                                                                                                                                156000",156000,518,https://www.musinsa.com/app/goods/3099789?loc=goods_rank
여성 가방,22,5000982833,D.LAB,비건가죽 미뇽 숄더백 - 3color(카드지갑증정),58000,36800,9037,https://www.musinsa.com/app/goods/2980368?loc=goods_rank
여성 가방,23,54,UNFOLD,string backpack (black),"
                                                                                                                                                69000",69000,4651,https://www.musinsa.com/app/goods/2066049?loc=goods_rank
여성 가방,24,FBLIZZI34,FIND KAPOOR,마티 리지백 34 크링클드 - 5color,"
                                                                                                                                                139000",139000,950,https://www.musinsa.com/app/goods/3182892?loc=goods_rank
여성 가방,25,MK2279BG030M0BB,MATIN KIM,ACCORDION MINI BAG IN BLACK,"
                                                                                                                                                138000",138000,15481,https://www.musinsa.com/app/goods/2770508?loc=goods_rank
여성 가방,26,CR22A510BK,SCULPTOR,Two Way Bucket Messenger Bag Black,99000,69300,6365,https://www.musinsa.com/app/goods/3034746?loc=goods_rank
여성 가방,27,P00000PN,BAG TO BASICS,클로이백 Chloe bag- 블랙,"
                                                                                                                                                135000",135000,428,https://www.musinsa.com/app/goods/3505347?loc=goods_rank
여성 가방,28,B23CA001003AF,SOMEWHEREBUTTER,fle chain toast bag - silver,"
                                                                                                                                                98000",98000,722,https://www.musinsa.com/app/goods/3472689?loc=goods_rank
여성 가방,29,JLBA3E990BK JLBA3E991WT,JILL BY JILLSTUART,[2COLOR][브레드] 스몰 크로스백,108000,97200,4170,https://www.musinsa.com/app/goods/3037540?loc=goods_rank
여성 가방,30,AKAKUNIB2020,ALKI ALKA,유니 백 (탄 브라운),"
                                                                                                                                                96400",96400,258,https://www.musinsa.com/app/goods/2031191?loc=goods_rank
여성 가방,31,0009,ELNOI,MOMO Bag _ 4colors,"
                                                                                                                                                96000",96000,550,https://www.musinsa.com/app/goods/2609624?loc=goods_rank
여성 가방,32,P0000DYS,L.E.E.Y,RIVET SPRAY CYLINDER MINI BAG BLACK,178000,160200,45,https://www.musinsa.com/app/goods/3567536?loc=goods_rank
여성 가방,33,H73104020,CARLYN,[23SS] 베이브 M 6colors_ H73104020,100000,90000,584,https://www.musinsa.com/app/goods/3310198?loc=goods_rank
여성 가방,34,HOLYCANVASBAG,YULSMOOD,홀리 캔버스백,"
                                                                                                                                                87000",87000,80,https://www.musinsa.com/app/goods/2387728?loc=goods_rank
여성 가방,35,21F-014A,STAND OIL,Pandoro Mini · 팡도르 미니,"
                                                                                                                                                39000",39000,7460,https://www.musinsa.com/app/goods/2344298?loc=goods_rank
여성 가방,36,880066023456,LENEE B,스트링백팩 블랙,49000,39000,3607,https://www.musinsa.com/app/goods/3323411?loc=goods_rank
여성 가방,37,S051,SQUARELINE,Noah 노아 - 4color,108000,75600,1173,https://www.musinsa.com/app/goods/3448955?loc=goods_rank
여성 가방,38,LRBG3106BKF,LEATHERY,볼티드 스퀘어 숄더백 [BLACK],83000,74700,29036,https://www.musinsa.com/app/goods/3038000?loc=goods_rank
여성 가방,39,NL1BP01BKF,FENNEC,CNS BACKPACK - BLACK,118000,118000,519,https://www.musinsa.com/app/goods/2493887?loc=goods_rank
여성 가방,40,10183120001,SIENNE,Cross Padding Bag (Cream),"
                                                                                                                                                69000",69000,3148,https://www.musinsa.com/app/goods/3304767?loc=goods_rank
여성 가방,41,82,UNFOLD,Glossy shoulder bag (gray-brown),"
                                                                                                                                                57000",57000,269,https://www.musinsa.com/app/goods/3329010?loc=goods_rank
여성 가방,42,P00000SD,PEACH BASKET MARKET,p.b laptop pouch (white),"
                                                                                                                                                55000",55000,624,https://www.musinsa.com/app/goods/2669703?loc=goods_rank
여성 가방,43,D1082,DONKIE,Milo 마일로 - 8color,84000,54600,835,https://www.musinsa.com/app/goods/3109057?loc=goods_rank
여성 가방,44,V22MB21GN,VENGDI,Knox Bag_Green,"
                                                                                                                                                44000",44000,2090,https://www.musinsa.com/app/goods/2912686?loc=goods_rank
여성 가방,45,13bk,MUR,아인백미니-블랙,66000,42900,683,https://www.musinsa.com/app/goods/1919002?loc=goods_rank
여성 가방,46,880066023457,LENEE B,스트링백팩 아이보리,49000,39000,14603,https://www.musinsa.com/app/goods/3323413?loc=goods_rank
여성 가방,47,0-002CA,USEND,Breeze Mini Tote Bag _3color,42000,21000,264,https://www.musinsa.com/app/goods/2803916?loc=goods_rank
여성 가방,48,CR23S501BK,SCULPTOR,Vintage Canvas Duffel Bag Black,72000,50400,27421,https://www.musinsa.com/app/goods/3034749?loc=goods_rank
여성 가방,49,CR23S501GY,SCULPTOR,Vintage Canvas Duffel Bag Pale Gray,72000,50400,45598,https://www.musinsa.com/app/goods/3034751?loc=goods_rank
여성 가방,50,CR22A512GR,SCULPTOR,Oldschool Slouchy Backpack Sage,84000,58800,25115,https://www.musinsa.com/app/goods/3034745?loc=goods_rank
여성 가방,51,MK229NBG034M0LG,MATIN KIM,MINI BUCKLE BAG IN LIGHT GREY,"
                                                                                                                                                95000",95000,8985,https://www.musinsa.com/app/goods/2954959?loc=goods_rank
여성 가방,52,23M-063A,STAND OIL,Plump bag ·  플럼백,89000,84550,7113,https://www.musinsa.com/app/goods/3061872?loc=goods_rank
여성 가방,53,P0000BRM,EMIS,ENAMEL HOBO BAG-IVORY,"
                                                                                                                                                54000",54000,2951,https://www.musinsa.com/app/goods/3495260?loc=goods_rank
여성 가방,54,MK2279BG030M0SV,MATIN KIM,ACCORDION MINI BAG IN SILVER,"
                                                                                                                                                138000",138000,13144,https://www.musinsa.com/app/goods/3024801?loc=goods_rank
여성 가방,55,23sbn,MUR,보네백 (6color),102000,61200,16104,https://www.musinsa.com/app/goods/2997152?loc=goods_rank
여성 가방,56,H73117010,CARLYN,[23FW] 포잉 홀로그램_H73117010,"
                                                                                                                                                100000",100000,185,https://www.musinsa.com/app/goods/3512063?loc=goods_rank
여성 가방,57,H73117020,CARLYN,[23FW] 소프트 홀로그램 M_H73117020,"
                                                                                                                                                90000",90000,141,https://www.musinsa.com/app/goods/3512062?loc=goods_rank
여성 가방,58,CR23A507PK,SCULPTOR,Nylon Ballerina Backpack Ballerina Pink,126000,88200,1713,https://www.musinsa.com/app/goods/3460469?loc=goods_rank
여성 가방,59,WAPOBAG02V20014-001,POLO RALPH LAUREN,폴로 ID 카프스킨 미디 숄더백 - 블랙,"
                                                                                                                                                699000",699000,112,https://www.musinsa.com/app/goods/3452209?loc=goods_rank
여성 가방,60,10183220001,SIENNE,Cross Padding Bag (Green),"
                                                                                                                                                69000",69000,1206,https://www.musinsa.com/app/goods/3304755?loc=goods_rank
여성 가방,61,DH2806,CALVIN KLEIN JEANS,2color 여 CKJ 모노그램 체인 크로스백 DH2806,169000,142300,13746,https://www.musinsa.com/app/goods/2657250?loc=goods_rank
여성 가방,62,m1037_1015651,ANOETIC,ANC CLASSIC BACKPACK_BLACK,179000,134250,12817,https://www.musinsa.com/app/goods/3101111?loc=goods_rank
여성 가방,63,CR22A512NA,SCULPTOR,Oldschool Slouchy Backpack Dusty Navy,84000,58800,8352,https://www.musinsa.com/app/goods/3034744?loc=goods_rank
여성 가방,64,21N-010A,STAND OIL,Oblong bag · 오블롱백,"
                                                                                                                                                119000",119000,37873,https://www.musinsa.com/app/goods/2344538?loc=goods_rank
여성 가방,65,LAVIE,MARHEN.J,라비백 [+라비월렛 증정],149000,109000,1926,https://www.musinsa.com/app/goods/3428779?loc=goods_rank
여성 가방,66,8809838642480,MARGESHERWOOD,SOFT BOSTON (4color),"
                                                                                                                                                398000",398000,742,https://www.musinsa.com/app/goods/2741089?loc=goods_rank
여성 가방,67,m1037_971814,VUNQUE,Occam Doux Double pocket Backpack M (오캄 두 더블 포켓 백팩 미듐)_4colors,"
                                                                                                                                                395000",395000,3722,https://www.musinsa.com/app/goods/3029905?loc=goods_rank
여성 가방,68,B23CA001050AF,SOMEWHEREBUTTER,fle chain toast bag - black,"
                                                                                                                                                98000",98000,2637,https://www.musinsa.com/app/goods/3432260?loc=goods_rank
여성 가방,69,RCBTX23626BKX,COURONNE,아르네(Arne) 토트 34_RCBTX23626BKX,428000,385200,4,https://www.musinsa.com/app/goods/3450202?loc=goods_rank
여성 가방,70,pzgpouch,PHOTOZENIA GOODS,포토제니아굿즈 프린팅 파우치백 (9 color),22000,15400,2010,https://www.musinsa.com/app/goods/2766360?loc=goods_rank
여성 가방,71,H73302010,CARLYN,[23FW] 코지 글로우 4colors_H73302010,100000,90000,73,https://www.musinsa.com/app/goods/3539475?loc=goods_rank
여성 가방,72,OVBAX23005BLK,ARCHIVEPKE,Shell teen bag(Deep sleep)_OVBAX23005BLK,"
                                                                                                                                                359000",359000,4396,https://www.musinsa.com/app/goods/2757112?loc=goods_rank
여성 가방,73,P00000PN,FILLINTHEBLANK,Trapezoid Shoulder Bag (crack)(black),"
                                                                                                                                                89000",89000,22429,https://www.musinsa.com/app/goods/2123839?loc=goods_rank
여성 가방,74,JLBA2F310BK,JILL BY JILLSTUART,[리퍼브][ 쭈언니콜라보]레더 미디움 케미백 ver.1,148000,88800,170,https://www.musinsa.com/app/goods/3310126?loc=goods_rank
여성 가방,75,5000904411,D.LAB,비건가죽 램번트 숄더백-2color,58000,36800,9014,https://www.musinsa.com/app/goods/2966165?loc=goods_rank
여성 가방,76,LRBG3301BKO,LEATHERY,투웨이 체인 버킷백 [BLACK],92000,82800,1887,https://www.musinsa.com/app/goods/3430992?loc=goods_rank
여성 가방,77,23G-071A,STAND OIL,Momo Bag · 모모백,86000,81700,2302,https://www.musinsa.com/app/goods/3318513?loc=goods_rank
여성 가방,78,m1037_1076938,VUNQUE,Hey Double Pocket Shoulder M (헤이 더블 포켓 숄더 미듐) Black,"
                                                                                                                                                325000",325000,479,https://www.musinsa.com/app/goods/3390120?loc=goods_rank
여성 가방,79,440 John backpack,FFROI,440 존 백팩,"
                                                                                                                                                320000",320000,3506,https://www.musinsa.com/app/goods/2752340?loc=goods_rank
여성 가방,80,kulpb05,KUL,Pocket bag (Black),"
                                                                                                                                                78000",78000,426,https://www.musinsa.com/app/goods/3360863?loc=goods_rank
여성 가방,81,8800660102241,LENEE B,엘라백 블랙,39000,33000,6747,https://www.musinsa.com/app/goods/3323403?loc=goods_rank
여성 가방,82,IG22FWBAG03_SIL,ILLIGO,시그니처 백 실버,108000,72000,14583,https://www.musinsa.com/app/goods/2654166?loc=goods_rank
여성 가방,83,S024,SQUARELINE,Bean pod bag - S024 (4color),98000,68600,6217,https://www.musinsa.com/app/goods/2818862?loc=goods_rank
여성 가방,84,nocontent44,NOCONTENT,노컨텐츠 백팩 _ 블루그레이,"
                                                                                                                                                265000",265000,1,https://www.musinsa.com/app/goods/3549917?loc=goods_rank
여성 가방,85,m1037_438686,VUNQUE,Magpie Card wallet (맥파이 카드지갑) Black,"
                                                                                                                                                65000",65000,5192,https://www.musinsa.com/app/goods/3036071?loc=goods_rank
여성 가방,86,8062374FW23,BURBERRY,여성 롤라 카드 케이스 - 블랙:금장,468000,255000,487,https://www.musinsa.com/app/goods/3428834?loc=goods_rank
여성 가방,87,A4479099SS23,GANNI,여성 노트 바게트 토트백 - 블랙,410000,248000,1294,https://www.musinsa.com/app/goods/3168110?loc=goods_rank
여성 가방,88,OVBAX23523BLK,ARCHIVEPKE,Oval day bag(Deep sleep)_OVBAX23523BLK,"
                                                                                                                                                239000",239000,235,https://www.musinsa.com/app/goods/3433744?loc=goods_rank
여성 가방,89,S3FAC02G,SIENNE,Leather Padding Bag (Black),"
                                                                                                                                                59000",59000,83,https://www.musinsa.com/app/goods/3548053?loc=goods_rank
여성 가방,90,S1001,SQUARELINE,Layer shoulder/cross bag - S1001 (7color),84000,58800,19810,https://www.musinsa.com/app/goods/3045081?loc=goods_rank
여성 가방,91,10002120000,FOTTSFOTTS,TOP HANDLE BAG,245000,232750,54,https://www.musinsa.com/app/goods/3541002?loc=goods_rank
여성 가방,92,asura23SS42,ASURA,토끼 짐 색 (BLACK),89000,57850,2977,https://www.musinsa.com/app/goods/3167071?loc=goods_rank
여성 가방,93,asura23SS44,ASURA,토끼 짐 색 (SILVER),89000,57850,8104,https://www.musinsa.com/app/goods/3167160?loc=goods_rank
여성 가방,94,S3UAC087,SIENNE,Suede Mini Padding Bag (Violet),"
                                                                                                                                                57000",57000,626,https://www.musinsa.com/app/goods/3306432?loc=goods_rank
여성 가방,95,MG2303BG01BK,WHATITISNT,우먼스 플로리 퀼팅 호보백 블랙,59000,53100,19,https://www.musinsa.com/app/goods/3539840?loc=goods_rank
여성 가방,96,10086420002,SIENNE,Sienne Padding Bag (Cream),"
                                                                                                                                                53000",53000,2397,https://www.musinsa.com/app/goods/3339927?loc=goods_rank
여성 가방,97,D1077,DONKIE,Rola 로라 - 11color,84000,50400,5459,https://www.musinsa.com/app/goods/3045910?loc=goods_rank
여성 가방,98,Half Moon Leather Bag,SOFT SEOUL,하프문 레더백 [크림],"
                                                                                                                                                198000",198000,6807,https://www.musinsa.com/app/goods/1703325?loc=goods_rank
여성 가방,99,JABA3F957BK,JILLSTUART ACC,[젤라또] 블랙 스티치장식 가죽 슬링백,"
                                                                                                                                                198000",198000,2055,https://www.musinsa.com/app/goods/3339287?loc=goods_rank
여성 가방,100,JHNCHA3BF120BK260,JESTINA,POCHE MD 호보 BK (JHNCHA3BF120BK260),218000,196200,334,https://www.musinsa.com/app/goods/3421200?loc=goods_rank
