﻿카테고리,순위,품번,브랜드명,상품명(한글),판매가,비회원가,좋아요 수,URL
바지,1,TRSDPT02BBL,TRILLION,바이오스톤 워싱 와이드 데님 팬츠 (BEIGE BLUE),54000,39800,44610,https://www.musinsa.com/app/goods/2706287?loc=goods_rank
바지,2,GU01BGR,GAKKAI UNIONS,원턱 와이드 스웨트팬츠 그레이,52000,36400,184313,https://www.musinsa.com/app/goods/2112059?loc=goods_rank
바지,3,PT024BK,NOT4NERD,Wide String Cargo Slacks Pants Black,89000,39000,108875,https://www.musinsa.com/app/goods/1370101?loc=goods_rank
바지,4,MIPS0004-BK,MUSINSA STANDARD,와이드 히든 밴딩 슬랙스 [블랙],"
                                                                                                                                                41900",41900,93660,https://www.musinsa.com/app/goods/1168906?loc=goods_rank
바지,5,MIPS0003-BK,MUSINSA STANDARD,세미 와이드 히든 밴딩 슬랙스 [블랙],"
                                                                                                                                                39900",39900,90152,https://www.musinsa.com/app/goods/1149329?loc=goods_rank
바지,6,21FLGP20GR,GLW,이지 와이드 데님 팬츠 그레이,52800,42000,121574,https://www.musinsa.com/app/goods/2092852?loc=goods_rank
바지,7,5005341467,LIKE THE MOST,트레이닝 핀턱 와이드 팬츠 2colors,66400,26560,14355,https://www.musinsa.com/app/goods/3443300?loc=goods_rank
바지,8,23SS03 - 22,AVANDRESS,Optical Side Wide Pants BLACK,68000,30532,16135,https://www.musinsa.com/app/goods/3154969?loc=goods_rank
바지,9,GU01BBK,GAKKAI UNIONS,원턱 와이드 스웨트팬츠 블랙,52000,36400,58031,https://www.musinsa.com/app/goods/2112061?loc=goods_rank
바지,10,1804050,WHOLOVESART,유니섹스 세미 와이드 밴딩 슬랙스,54000,35900,235507,https://www.musinsa.com/app/goods/750908?loc=goods_rank
바지,11,WSTSCJBK,SEVENSELAH,세미와이드 카고조거 스토퍼 Black,89000,59700,25635,https://www.musinsa.com/app/goods/1595607?loc=goods_rank
바지,12,MMCPC801-BK,MUSINSA STANDARD,시티 레저 와이드 벨티드 파라슈트 팬츠 [블랙],63900,57490,3710,https://www.musinsa.com/app/goods/3404705?loc=goods_rank
바지,13,2020F11,XERO,Deep One Tuck Sweat Pants [Grey],"
                                                                                                                                                39000",39000,199766,https://www.musinsa.com/app/goods/1551840?loc=goods_rank
바지,14,TRSDPT02BG,TRILLION,바이오스톤 워싱 와이드 데님 팬츠 (BLUE GRAY),54000,32400,48493,https://www.musinsa.com/app/goods/2351467?loc=goods_rank
바지,15,MIPS0001-BK,MUSINSA STANDARD,테이퍼드 히든 밴딩 크롭 슬랙스 [블랙],"
                                                                                                                                                39900",39900,102393,https://www.musinsa.com/app/goods/1149328?loc=goods_rank
바지,16,MMCPC802-BK,MUSINSA STANDARD,시티 레저 와이드 벨티드 카고 팬츠 [블랙],66900,60190,3453,https://www.musinsa.com/app/goods/3404707?loc=goods_rank
바지,17,G77700006KK,GAKKAI UNIONS,원턱 와이드 스웨트 카고팬츠 카키,51000,39900,15089,https://www.musinsa.com/app/goods/3095384?loc=goods_rank
바지,18,PT042BK,NOT4NERD,Nylon Cargo Wide Pants - Black,89000,39000,23244,https://www.musinsa.com/app/goods/1985224?loc=goods_rank
바지,19,21FLGP07KH,GLW,와이드 빅포켓 밴딩 카고 팬츠 카키,69000,55200,60734,https://www.musinsa.com/app/goods/2060719?loc=goods_rank
바지,20,MMANP005-LI,MUSINSA STANDARD,스트레이트 데님 팬츠 [라이트 인디고],"
                                                                                                                                                49900",49900,38993,https://www.musinsa.com/app/goods/2028327?loc=goods_rank
바지,21,G2202PT03BK/G2202PT03BG/G2202PT03GN,GAMMA GALLERY,[7COLOR] 파라슈트 팬츠,98000,46800,25243,https://www.musinsa.com/app/goods/2723714?loc=goods_rank
바지,22,PT042GR,NOT4NERD,Nylon Cargo Wide Pants - Light Grey,89000,39000,42652,https://www.musinsa.com/app/goods/1985223?loc=goods_rank
바지,23,WIDEPANTS-PAC,S'EST,[패키지] 와이드핏 트레이닝 스웨트 팬츠 - 3Color,90000,39900,10812,https://www.musinsa.com/app/goods/1735427?loc=goods_rank
바지,24,MMJPS212-BK,MUSINSA STANDARD,[쿨탠다드] 테이퍼드 히든 밴딩 크롭 슬랙스 [블랙],39900,23890,40173,https://www.musinsa.com/app/goods/1440874?loc=goods_rank
바지,25,T3S-GDCDPT210KH,TOFFEE,가먼트 다잉 카고 데님 팬츠 (KHAKI),59000,41300,8999,https://www.musinsa.com/app/goods/3106260?loc=goods_rank
바지,26,DBC8DP03BK,DIMITRI BLACK,원턱 파라슈트 카고 데님팬츠_블랙,47000,29900,927,https://www.musinsa.com/app/goods/3469211?loc=goods_rank
바지,27,21FLGP05KH,GLW,와이드 절개 벌룬팬츠 코튼 카키,74800,59800,56032,https://www.musinsa.com/app/goods/2060759?loc=goods_rank
바지,28,DFPT1304BE,DRAW FIT,와이드 밴딩 치노 팬츠 [BEIGE],66000,59400,18597,https://www.musinsa.com/app/goods/2119984?loc=goods_rank
바지,29,22FWGP04BK,GLW,투턱 와이드 슬랙스 블랙,49800,39800,21155,https://www.musinsa.com/app/goods/2708877?loc=goods_rank
바지,30,T1S-MWDPTBL,TOFFEE,모어 와이드 데님 팬츠 (BLEACH),49000,29400,25434,https://www.musinsa.com/app/goods/1778523?loc=goods_rank
바지,31,MMCPC801-GI,MUSINSA STANDARD,시티 레저 와이드 벨티드 파라슈트 팬츠 [그레이쉬 베이지],63900,57490,1675,https://www.musinsa.com/app/goods/3404706?loc=goods_rank
바지,32,21FLGP19BK,GLW,이지 와이드 데님 팬츠 블랙,52800,42000,72589,https://www.musinsa.com/app/goods/2092849?loc=goods_rank
바지,33,DBC8DP03GR,DIMITRI BLACK,원턱 파라슈트 카고 데님팬츠_그레이,47000,32500,5822,https://www.musinsa.com/app/goods/3469210?loc=goods_rank
바지,34,Black Stardust - MOD1w,MODNINE,Black Stardust - MOD1w,135000,81000,31254,https://www.musinsa.com/app/goods/2107115?loc=goods_rank
바지,35,COONTUSEDEPAIN,BESLOW,COMFY ONE TUCK SELVAGE DENIM PANTS INDIGO,99000,59400,27241,https://www.musinsa.com/app/goods/1759490?loc=goods_rank
바지,36,JT04,AGAINST ALL ODDS,원턱 와이드 스웨트 팬츠 [그레이],49800,22800,15231,https://www.musinsa.com/app/goods/3223947?loc=goods_rank
바지,37,23SS07,AVANDRESS,Snow cargo Denim BLACK,78000,54600,23949,https://www.musinsa.com/app/goods/3263933?loc=goods_rank
바지,38,PT078DB,NOT4NERD,Extra Wide Balloon Pants - Deep Blue,89000,71200,9277,https://www.musinsa.com/app/goods/3206723?loc=goods_rank
바지,39,SH7865,ANOLORCODE,리자드  데님팬츠 (중청),49000,36750,1402,https://www.musinsa.com/app/goods/3421096?loc=goods_rank
바지,40,021,THE IDENTITY PROJECT,Women needlepoint cargo pants [black],"
                                                                                                                                                98000",98000,12676,https://www.musinsa.com/app/goods/3036417?loc=goods_rank
바지,41,MIPS0003-MR,MUSINSA STANDARD,세미 와이드 히든 밴딩 슬랙스 [미디엄 그레이],39900,35890,28505,https://www.musinsa.com/app/goods/1224095?loc=goods_rank
바지,42,MMANP005-BK,MUSINSA STANDARD,스트레이트 데님 팬츠 [블랙],"
                                                                                                                                                49900",49900,9230,https://www.musinsa.com/app/goods/2391746?loc=goods_rank
바지,43,NOI994,NOIAGO,NOI994 벌룬 데님 팬츠 (블루),77000,54000,930,https://www.musinsa.com/app/goods/3451307?loc=goods_rank
바지,44,XP127,XTONZ,XP127 셔링 카고 팬츠 (KHAKI),99000,79200,17338,https://www.musinsa.com/app/goods/2789111?loc=goods_rank
바지,45,MMANP005-WC,MUSINSA STANDARD,스트레이트 데님 팬츠 [워시드 블랙],"
                                                                                                                                                49900",49900,23835,https://www.musinsa.com/app/goods/2028329?loc=goods_rank
바지,46,CBCFUWP050CBCFUWP051,CODEGRAPHY,[패키지][FW버전] 나일론 스트링 팬츠 & 카고 팬츠,97900,64900,7982,https://www.musinsa.com/app/goods/3503598?loc=goods_rank
바지,47,PCD1MCP403OL,POTTERY,Two Pleated Wide Chino Pants Cotton,"
                                                                                                                                                219000",219000,126,https://www.musinsa.com/app/goods/3043317?loc=goods_rank
바지,48,MMCPC802-KH,MUSINSA STANDARD,시티 레저 와이드 벨티드 카고 팬츠 [카키],66900,60190,2174,https://www.musinsa.com/app/goods/3404709?loc=goods_rank
바지,49,D6DT01,AGAINST ALL ODDS,이지 와이드 데님 팬츠 [미디엄 블루],69800,28900,3647,https://www.musinsa.com/app/goods/3467143?loc=goods_rank
바지,50,OBFFUPT01,BIG UNION,WIDE TAIL POCKET PANTS,98000,58800,908,https://www.musinsa.com/app/goods/3478673?loc=goods_rank
바지,51,JT07,AGAINST ALL ODDS,버뮤다 와이드 원턱 스웨트 쇼츠 [블랙],38000,16800,6966,https://www.musinsa.com/app/goods/3230964?loc=goods_rank
바지,52,5003718616,WV PROJECT,[패키지] 컬러다잉 밴딩팬츠 2PACK JNLP7686,111900,68900,481,https://www.musinsa.com/app/goods/3558966?loc=goods_rank
바지,53,U22-BD02-ID,URBANSTOFF,듀러블 롱 벌룬 팬츠 (인디고),74000,66600,24755,https://www.musinsa.com/app/goods/2749153?loc=goods_rank
바지,54,TAS-WDDP,TOFFEE,[2PACK] 와이드 데님 팬츠,98000,68600,9826,https://www.musinsa.com/app/goods/3316989?loc=goods_rank
바지,55,MMANP005-CR,MUSINSA STANDARD,스트레이트 데님 팬츠 [크림],"
                                                                                                                                                49900",49900,27023,https://www.musinsa.com/app/goods/2028326?loc=goods_rank
바지,56,21FLGP07DB,GLW,와이드 빅포켓 밴딩 카고 팬츠 진베이지,69000,55200,39585,https://www.musinsa.com/app/goods/2060717?loc=goods_rank
바지,57,JT07,AGAINST ALL ODDS,버뮤다 와이드 원턱 스웨트 쇼츠 [그레이],38000,16800,30654,https://www.musinsa.com/app/goods/3231055?loc=goods_rank
바지,58,MMANP005-DI,MUSINSA STANDARD,스트레이트 데님 팬츠 [딥 인디고],"
                                                                                                                                                49900",49900,6289,https://www.musinsa.com/app/goods/2391745?loc=goods_rank
바지,59,JT04,AGAINST ALL ODDS,원턱 와이드 스웨트 팬츠 [블랙],49800,22800,6243,https://www.musinsa.com/app/goods/3223808?loc=goods_rank
바지,60,5003238403,NONFLOOR,오리엔탈 더티 카고 팬츠,229000,189000,346,https://www.musinsa.com/app/goods/3451682?loc=goods_rank
바지,61,2021HS04,XERO,Deep One Tuck Sweat Shorts [Grey],"
                                                                                                                                                32000",32000,90914,https://www.musinsa.com/app/goods/1926048?loc=goods_rank
바지,62,MMBPS113-BK,MUSINSA STANDARD,[쿨탠다드] 릴렉스드 테이퍼드 히든 밴딩 크롭 슬랙스 [블랙],39900,25890,11774,https://www.musinsa.com/app/goods/2477836?loc=goods_rank
바지,63,23SS03 - 21,AVANDRESS,Optical Side Wide Pants GREY,68000,49640,17304,https://www.musinsa.com/app/goods/3154975?loc=goods_rank
바지,64,5002561999,EZKATON,스크레치 데님팬츠 KMLP6686,64000,48900,9401,https://www.musinsa.com/app/goods/3171863?loc=goods_rank
바지,65,SLPTDC001BR,SOUNDSLIFE,Steady Balloon Snap Pants Brown,79000,69000,1912,https://www.musinsa.com/app/goods/2679905?loc=goods_rank
바지,66,VBCSPL07BK,DIMITRI BLACK,(VLAD) 워터프루프 와이드 카고 팬츠_블랙,56900,44500,18583,https://www.musinsa.com/app/goods/3037465?loc=goods_rank
바지,67,MWCPC202-BK,MUSINSA STANDARD,우먼즈 와이드 카고 팬츠 [블랙],"
                                                                                                                                                56900",56900,6734,https://www.musinsa.com/app/goods/2818150?loc=goods_rank
바지,68,MMAPS301-BK,MUSINSA STANDARD,[쿨탠다드] 와이드 히든 밴딩 슬랙스 [블랙],43900,28490,20486,https://www.musinsa.com/app/goods/1989228?loc=goods_rank
바지,69,MMAPS009-BK,MUSINSA STANDARD,쓰리 턱 세미 벌룬 슬랙스 [블랙],47900,40690,15313,https://www.musinsa.com/app/goods/2116441?loc=goods_rank
바지,70,MIPS0003-CG,MUSINSA STANDARD,세미 와이드 히든 밴딩 슬랙스 [차콜 그레이],39900,35890,5964,https://www.musinsa.com/app/goods/1224094?loc=goods_rank
바지,71,LOT1899,BRANDED,1899 SAHARA JEANS [WIDE STRAIGHT],78000,66300,4404,https://www.musinsa.com/app/goods/2046043?loc=goods_rank
바지,72,P1003,PUBLIC ICON,P[1003]롱 와이드 코튼팬츠(베이지),68000,32000,58093,https://www.musinsa.com/app/goods/957401?loc=goods_rank
바지,73,LOT1967,BRANDED,1967 JET BLACK JEANS [WIDE STRAIGHT],78000,66300,88071,https://www.musinsa.com/app/goods/1552753?loc=goods_rank
바지,74,MWJNP102-WC,MUSINSA STANDARD,우먼즈 와이드 데님 팬츠 [워시드 블랙],49900,39890,11443,https://www.musinsa.com/app/goods/1357768?loc=goods_rank
바지,75,1683844,JEMUT,유스 와이드 카고팬츠 4종 블랙 YHLP2159,63000,39800,33235,https://www.musinsa.com/app/goods/890521?loc=goods_rank
바지,76,TRSDPT02BK,TRILLION,바이오스톤 워싱 와이드 데님 팬츠 (BLACK),54000,39800,7601,https://www.musinsa.com/app/goods/2494147?loc=goods_rank
바지,77,BBPCMM57551DF,BROOKS BROTHERS,BB_플리츠 라이트웨이트 어드밴티지 치노팬츠 (스톤) (BBPCMM57551DF),"
                                                                                                                                                159000",159000,1,https://www.musinsa.com/app/goods/3531078?loc=goods_rank
바지,78,UNION-PT08,UNION BLUE,LOUNGE TWO-TUCK PANTS (CHARCOAL),72000,72000,159,https://www.musinsa.com/app/goods/2193872?loc=goods_rank
바지,79,20SMATS5PT122,AOTT,유니섹스 스캇 벌룬 조거팬츠 그레이,52000,25700,4531,https://www.musinsa.com/app/goods/1538758?loc=goods_rank
바지,80,PT048BK,NOT4NERD,Banding One Tuck Wide Denim Pants - Black,89000,39800,23676,https://www.musinsa.com/app/goods/2184088?loc=goods_rank
바지,81,PT024IV,NOT4NERD,Wide String Cargo Slacks Pants - Ivory,89000,39000,14421,https://www.musinsa.com/app/goods/2089214?loc=goods_rank
바지,82,MMDP105DBL,MINIMALPROJECT,워시드 퍼티그 벌룬 데님 팬츠 MDP105 [MIDDLE BLUE],138000,69800,3762,https://www.musinsa.com/app/goods/1915009?loc=goods_rank
바지,83,WSJOGSBK,SEVENSELAH,OG se 카고조거 슬랙스 Black,93700,67900,26631,https://www.musinsa.com/app/goods/573121?loc=goods_rank
바지,84,AC3498,ANOLORCODE,리자드 데님팬츠 (흑청),49000,36750,2318,https://www.musinsa.com/app/goods/3421113?loc=goods_rank
바지,85,LOT1880,BRANDED,1880 PURE CREAM JEANS [WIDE STRAIGHT],78000,66300,20723,https://www.musinsa.com/app/goods/2049103?loc=goods_rank
바지,86,A23SSPAM644_BK,ANDERSSON BELL,블랙 스크레치 커브드 와이드 진 apa644m(BLACK),"
                                                                                                                                                269000",269000,508,https://www.musinsa.com/app/goods/3078353?loc=goods_rank
바지,87,LAVB06,VIVASTUDIO,WIDE DENIM PANTS [BLACK],109000,87200,6982,https://www.musinsa.com/app/goods/2712970?loc=goods_rank
바지,88,MIPS0004-MR,MUSINSA STANDARD,와이드 히든 밴딩 슬랙스 [미디엄 그레이],"
                                                                                                                                                41900",41900,80186,https://www.musinsa.com/app/goods/1222184?loc=goods_rank
바지,89,E19FDP101T,86ROAD,BLACK NORMAL CHIP,65000,51200,47806,https://www.musinsa.com/app/goods/1188785?loc=goods_rank
바지,90,23FW,BEGIN202,One Tuck Wide Baker Pants [Melange Charcoal],"
                                                                                                                                                128000",128000,247,https://www.musinsa.com/app/goods/3448830?loc=goods_rank
바지,91,DBC8DP03IN,DIMITRI BLACK,원턱 파라슈트 카고 데님팬츠_인디고,47000,41900,890,https://www.musinsa.com/app/goods/3469209?loc=goods_rank
바지,92,23FW,DNSR,레이즈 실루엣 나일론 팬츠,143000,114400,103,https://www.musinsa.com/app/goods/3568783?loc=goods_rank
바지,93,5001383294,EZKATON,스모크 와이드 데님 팬츠 빈티지블랙 KMLP6669,58000,49500,10768,https://www.musinsa.com/app/goods/2967461?loc=goods_rank
바지,94,MMJNP006-DI,MUSINSA STANDARD,와이드 데님 팬츠 [딥 인디고],"
                                                                                                                                                49900",49900,11384,https://www.musinsa.com/app/goods/1720144?loc=goods_rank
바지,95,MIPS0002-BK,MUSINSA STANDARD,테이퍼드 히든 밴딩 10부 슬랙스 [블랙],"
                                                                                                                                                39900",39900,16100,https://www.musinsa.com/app/goods/1168907?loc=goods_rank
바지,96,TRSDPT02GR,TRILLION,바이오스톤 워싱 와이드 데님 팬츠 (DEEP GRAY),54000,39800,27108,https://www.musinsa.com/app/goods/2351444?loc=goods_rank
바지,97,T22PT026,TAKEASY,우먼스 월계수 와이드팬츠(블랙),42000,29400,48750,https://www.musinsa.com/app/goods/2562527?loc=goods_rank
바지,98,UNION-PT08,UNION BLUE,LOUNGE TWO-TUCK PANTS (BLACK),72000,72000,48,https://www.musinsa.com/app/goods/2193869?loc=goods_rank
바지,99,PCD3MCP401DN,POTTERY,Corduroy Wide Pants_Dark Navy,"
                                                                                                                                                249000",249000,2,https://www.musinsa.com/app/goods/3533947?loc=goods_rank
바지,100,PCD3MCP401KH,POTTERY,Corduroy Wide Pants_Khaki,"
                                                                                                                                                249000",249000,2,https://www.musinsa.com/app/goods/3533948?loc=goods_rank
