﻿카테고리,순위,품번,브랜드명,상품명(한글),판매가,비회원가,좋아요 수,URL
디지털테크,1,SM-R177,SAMSUNG ELECTRONICS,갤럭시 버즈2 블루투스이어폰 SM-R177,149000,94000,5916,https://www.musinsa.com/app/goods/2055271?loc=goods_rank
디지털테크,2,SM-S918N,SAMSUNG ELECTRONICS,갤럭시 S23 울트라 512GB 자급제폰 SM-S918N,"
                                                                                                                                                1720400",1720400,30,https://www.musinsa.com/app/goods/3086163?loc=goods_rank
디지털테크,3,SM-S916N,SAMSUNG ELECTRONICS,갤럭시 S23 플러스 256GB 자급제폰 SM-S916N,"
                                                                                                                                                1353000",1353000,23,https://www.musinsa.com/app/goods/3087021?loc=goods_rank
디지털테크,4,SLT-300W,SOUNDLOOK,화이트VERSION CD/LP턴테이블 SLT-300W,"
                                                                                                                                                108000",108000,774,https://www.musinsa.com/app/goods/1516228?loc=goods_rank
디지털테크,5,5002850122,DEVERS,아이폰 카드수납 젤리 케이스 14/13/12/11/미니/프로/플러스/맥스/XS/SR/SE3/SE2/8/7 전기종,22000,6700,328,https://www.musinsa.com/app/goods/3140976?loc=goods_rank
디지털테크,6,SM-S911N,SAMSUNG ELECTRONICS,갤럭시 S23 512GB 자급제폰 SM-S911N,"
                                                                                                                                                1276000",1276000,27,https://www.musinsa.com/app/goods/3086231?loc=goods_rank
디지털테크,7,WD elements 1TB,WESTERN DIGITAL,WD 외장하드 1테라 USB 2 3.0 외장 HDD  elements 1TB,64900,59900,40,https://www.musinsa.com/app/goods/3456359?loc=goods_rank
디지털테크,8,CLEARCASE-IP,SINJIMORU,아이폰 15/14/13/12/프로/미니/11/맥스/X/XS/XR/Max/SE2/SE3/7/8 전기종 에어로핏/에어클로/에어쉴드 핸드폰 투명 슬림 범퍼 하드 케이스,14900,10430,7398,https://www.musinsa.com/app/goods/1750715?loc=goods_rank
디지털테크,9,ls_tbj,108SEOUL,108 HANG-ON(30mm) HAZY MATCHA(hard-bumper),"
                                                                                                                                                32900",32900,405,https://www.musinsa.com/app/goods/2954001?loc=goods_rank
디지털테크,10,EAPEN2-SC-MNM,ELAGO,모나미 애플펜슬 2세대 실리콘 케이스,"
                                                                                                                                                14000",14000,2128,https://www.musinsa.com/app/goods/2434923?loc=goods_rank
디지털테크,11,STG-2DPV,SINJIMORU,아이폰·1·5·4·3·2·S·E·프로·미니·맥스·Pro·X·R·플러스·전기종 사생활 보호 강화유리 액정보호 필름 베이직,11900,8925,458,https://www.musinsa.com/app/goods/3040274?loc=goods_rank
디지털테크,12,Flat Cover-IPad,SINJIMORU,아이패드 마그네틱 애플펜슬 수납 스마트 플랫커버 케이스,32900,26320,1014,https://www.musinsa.com/app/goods/1946702?loc=goods_rank
디지털테크,13,EAPPLE,ELAGO,"에어팟프로2,1 천연가죽 케이스","
                                                                                                                                                24000",24000,230,https://www.musinsa.com/app/goods/1235243?loc=goods_rank
디지털테크,14,SLCO_PHC_BL_006,SLOWCOASTER,SLCO DELIVERY CAT_아이폰젤하드케이스[블루] 고양이 폰케이스,25000,23750,4029,https://www.musinsa.com/app/goods/1910034?loc=goods_rank
디지털테크,15,사생활보호 풀커버 강화유리 액정보호필름,NUART,[2매입] 아이폰 전기종 사생활보호 풀커버 강화유리 액정보호필름,15900,10900,31,https://www.musinsa.com/app/goods/2753370?loc=goods_rank
디지털테크,16,108SB_slimhard,108SEOUL,108 SNOW BRUSH(slim-hard),"
                                                                                                                                                21900",21900,2327,https://www.musinsa.com/app/goods/3141809?loc=goods_rank
디지털테크,17,molly,GEEKY,[유광/무광] Molly No.19,27000,19900,20,https://www.musinsa.com/app/goods/3413332?loc=goods_rank
디지털테크,18,TW-CS03-I13,TANGLEWOOD,맥세이프 클리어 하이브리드 아이폰 케이스 (아이폰 13/14 호환),24000,19200,13,https://www.musinsa.com/app/goods/3497000?loc=goods_rank
디지털테크,19,ASC,SINJIMORU,에어쉴드 카드슬롯 아이폰 갤럭시 전기종 호환 TPU 핸드폰 투명 카드 수납 케이스,11900,8330,524,https://www.musinsa.com/app/goods/2848290?loc=goods_rank
디지털테크,20,2128329,EARPEARP,BLACK COVY OBJECT(젤리톡),13000,7900,138,https://www.musinsa.com/app/goods/2514798?loc=goods_rank
디지털테크,21,5002850121,DEVERS,변색방지 카드수납 아이폰 14/13/12/11/미니/프로/맥스/XS/XR/SE2/SE3/8/S23/S22/S21/S20/ 전기종 휴대폰 투명 카드 케이스,24000,7300,1096,https://www.musinsa.com/app/goods/3140978?loc=goods_rank
디지털테크,22,0LM23SAC419WHT,LMC,LMC X KAKAO Collab_Phone case(I13 PRO)_friends,"
                                                                                                                                                15000",15000,79,https://www.musinsa.com/app/goods/3161280?loc=goods_rank
디지털테크,23,2.5D-IPad,SINJIMORU,아이패드 풀커버 강화유리 액정보호필름 2매,16900,13520,336,https://www.musinsa.com/app/goods/1608680?loc=goods_rank
디지털테크,24,2090442,EARPEARP,BEDDING OBJECT(카드수납-젤리),19000,12900,1247,https://www.musinsa.com/app/goods/2399456?loc=goods_rank
디지털테크,25,5002104772,EARPEARP,CHECKER BOARD FLOWER MERRY(카드수납-젤리),19000,12900,64,https://www.musinsa.com/app/goods/2984950?loc=goods_rank
디지털테크,26,5002838272,SHOKZ,오픈컴 골전도 블루투스 이어폰 C102,"
                                                                                                                                                214000",214000,3,https://www.musinsa.com/app/goods/3150114?loc=goods_rank
디지털테크,27,1,SK TELECOM,SKT 갤럭시 플립5 256G 완납/공시/프라임/0청년89,"
                                                                                                                                                847200",847200,1,https://www.musinsa.com/app/goods/3564388?loc=goods_rank
디지털테크,28,프로스트 풀 범퍼 투명케이스,NUART,[2매입] 아이폰15/14/13/12/11 전기종 프로스트 풀 범퍼 투명케이스,11900,9900,795,https://www.musinsa.com/app/goods/2758019?loc=goods_rank
디지털테크,29,구스페리,MERCURY,[2매입] 아이폰 14 프로/프로맥스 갤럭시 전기종 빛번짐방지 에어가드 카메라 강화유리 클리어,12500,8500,35,https://www.musinsa.com/app/goods/2946411?loc=goods_rank
디지털테크,30,WH-1000XM5,SONY,WH-1000XM5 무선 노이즈캔슬링 헤드폰,499000,479000,14144,https://www.musinsa.com/app/goods/2608456?loc=goods_rank
디지털테크,31,5002982222,DEVERS,글라스 강화 액정 보호필름 아이폰 14/13/12/11/XS/XR 갤럭시 S22/S21/노트20 휴대폰필름,12900,5900,216,https://www.musinsa.com/app/goods/3169472?loc=goods_rank
디지털테크,32,SM-R510,SAMSUNG ELECTRONICS,갤럭시 버즈2 프로  블루투스이어폰 SM-R510,279000,173000,1504,https://www.musinsa.com/app/goods/2706599?loc=goods_rank
디지털테크,33,5004114229,DESIGNSKIN,클래식 자수 포켓 케이스-그린_베어,"
                                                                                                                                                39800",39800,7,https://www.musinsa.com/app/goods/3535211?loc=goods_rank
디지털테크,34,EJT126,LOCKNLOCK,음식물 쓰레기냉장고 5L 플러스(3단계 온도조절기능),185000,139000,161,https://www.musinsa.com/app/goods/2896841?loc=goods_rank
디지털테크,35,setFTHS001,MCRN,[세트] 핑거탭+핸드스트랩 서울,37000,34410,629,https://www.musinsa.com/app/goods/2876821?loc=goods_rank
디지털테크,36,M350,LOGITECH,로지텍코리아 M350 페블 무소음 무선 블루투스 마우스,"
                                                                                                                                                32400",32400,1319,https://www.musinsa.com/app/goods/2107332?loc=goods_rank
디지털테크,37,19546,LOGITECH,로지텍코리아 G102IC 2세대 LIGHTSYNC 게이밍 마우스 벌크,"
                                                                                                                                                25400",25400,89,https://www.musinsa.com/app/goods/3089854?loc=goods_rank
디지털테크,38,5006918465,RAZER,골리아투스 크로마 장패드 머큐리 Goliathus Chroma Extended Mercury 마우스패드,"
                                                                                                                                                99000",99000,1,https://www.musinsa.com/app/goods/3553275?loc=goods_rank
디지털테크,39,AJ-001,ACHROHOUSE,아이폰 핸드폰 케이스 마이아이폰,"
                                                                                                                                                22000",22000,7183,https://www.musinsa.com/app/goods/1714874?loc=goods_rank
디지털테크,40,gg_tbj,108SEOUL,108 GLARE GREEN(tank-bumper-jelly),"
                                                                                                                                                21900",21900,1899,https://www.musinsa.com/app/goods/3066248?loc=goods_rank
디지털테크,41,3Dx-IP,SINJIMORU,아이폰 전기종 3Dx 터치 풀커버 강화유리 액정보호필름,12900,9030,705,https://www.musinsa.com/app/goods/1648699?loc=goods_rank
디지털테크,42,구스페리,MERCURY,아이폰 프로/맥스/플러스/미니/14/13/12/SE 정품 스타일 파스텔 실리콘 케이스 6가지 색상,14900,8900,885,https://www.musinsa.com/app/goods/2932405?loc=goods_rank
디지털테크,43,Airpod Pro2-TPU,SINJIMORU,에어팟·프로·3·2·1·세대 철가루 방지 스티커+무변색 TPU 투명 케이스+카라비너 키링,10900,8720,956,https://www.musinsa.com/app/goods/2850088?loc=goods_rank
디지털테크,44,TOT-SW231K,TOTTENHAM HOTSPUR,IP68 방수 스마트워치 3 블랙,79900,69900,4,https://www.musinsa.com/app/goods/3558985?loc=goods_rank
디지털테크,45,QAT-00006,XBOX,Xbox 블루투스 컨트롤러 4세대 카본블랙,"
                                                                                                                                                58900",58900,135,https://www.musinsa.com/app/goods/3422858?loc=goods_rank
디지털테크,46,GG_CHROMECASTwithTV(HD),Google,크롬캐스트 4세대 Full-HD,"
                                                                                                                                                57000",57000,76,https://www.musinsa.com/app/goods/3399356?loc=goods_rank
디지털테크,47,SMA_ARFB,SINJIMORU,아이폰 15/14/13/12/프로/미니/11/맥스/X/XS/XR/Max/SE2/SE3/7/8/플러스 전기종 맥세이프 M에어로핏 베이직 투명 하드 케이스,16900,13520,203,https://www.musinsa.com/app/goods/2851684?loc=goods_rank
디지털테크,48,WIB002kr,BELKIN,부스트업 15W 고속 무선 충전기 거치대 + QC3.0 24W 고속 충전 어댑터 WIB002kr,"
                                                                                                                                                53900",53900,17,https://www.musinsa.com/app/goods/2158822?loc=goods_rank
디지털테크,49,TALK25SE,JABRA,TALK 25 SE 블루투스 이어폰,"
                                                                                                                                                49900",49900,3,https://www.musinsa.com/app/goods/3124084?loc=goods_rank
디지털테크,50,CH-706,MCDODO,3in1 고속 무선충전기,"
                                                                                                                                                49500",49500,23,https://www.musinsa.com/app/goods/2254740?loc=goods_rank
디지털테크,51,HER-EP2200B,HIMADE,1구 하이라이트 HER-EP2200B,"
                                                                                                                                                44000",44000,18,https://www.musinsa.com/app/goods/2664132?loc=goods_rank
디지털테크,52,0,LAHEINE,더 퀸 에어클린 진공포장기 LHNV-A2000,129000,42900,1,https://www.musinsa.com/app/goods/3446126?loc=goods_rank
디지털테크,53,1851852,INOVIA,아이노비아 갤럭시 Z폴드5 아라미드 케이스,"
                                                                                                                                                42000",42000,2,https://www.musinsa.com/app/goods/3444766?loc=goods_rank
디지털테크,54,5003998099,DESIGNSKIN,버클 스트랩 케이스-타포린/블루,"
                                                                                                                                                39800",39800,16,https://www.musinsa.com/app/goods/3487029?loc=goods_rank
디지털테크,55,NL1AC03KHF,FENNEC,CNS AIRPODS CASE - KHAKI,23000,9900,83,https://www.musinsa.com/app/goods/2493821?loc=goods_rank
디지털테크,56,클리어 카드월렛 젤리케이스,NUART,[2매입] 아이폰14/13/12/11/미니/프로/맥스 갤럭시S22/플러스/울트라 카드 2장 투명 카드월렛 젤리케이스,11900,9900,562,https://www.musinsa.com/app/goods/2754128?loc=goods_rank
디지털테크,57,5003761340,COQUAD,[아이폰14추가] 9C9C 블랙 ver1 슬림 하드케이스 아이폰 갤럭시 LG 전기종,19900,9900,364,https://www.musinsa.com/app/goods/3392487?loc=goods_rank
디지털테크,58,BUDSCOOKIE,SLBS,세서미 스트리트 쿠키 몬스터 커버 for Galaxy Buds2 Pro,"
                                                                                                                                                39600",39600,71,https://www.musinsa.com/app/goods/3429272?loc=goods_rank
디지털테크,59,폰케이스,D'PARKS,깨비 카드수납&거치/교체형 폰케이스 (커버+바디프레임세트),"
                                                                                                                                                37900",37900,1647,https://www.musinsa.com/app/goods/2328177?loc=goods_rank
디지털테크,60,EF-ZS911C,SAMSUNG ELECTRONICS,갤럭시 S23 스마트 뷰 월렛 커버 케이스 EF-ZS911,"
                                                                                                                                                37880",37880,7,https://www.musinsa.com/app/goods/3063135?loc=goods_rank
디지털테크,61,구스페리,MERCURY,아이폰 프로/맥스/플러스/미니/14/13/12/SE 정품 스타일 파스텔 실리콘 케이스 네이비,14900,8900,387,https://www.musinsa.com/app/goods/2932404?loc=goods_rank
디지털테크,62,ITC-ON31,IRIVER,3IN1 고속 무선충전기 애플워치 아이폰 멀티 거치대 맥세이프 ITC-ON31,"
                                                                                                                                                34900",34900,122,https://www.musinsa.com/app/goods/2772195?loc=goods_rank
디지털테크,63,P0000BLN,SKINBAND,가죽 맥세이프 12 mini,"
                                                                                                                                                34900",34900,7,https://www.musinsa.com/app/goods/3035170?loc=goods_rank
디지털테크,64,BPB011bt,BELKIN,10000mAh 3포트 15W PD 고속 충전 보조배터리 BPB011bt,"
                                                                                                                                                34900",34900,61,https://www.musinsa.com/app/goods/3452336?loc=goods_rank
디지털테크,65,5001871698,JUPAZIP,여행용 초고속 멀티어댑터 PD30W 1포트 usb2포트 JU-AD300,65600,33300,60,https://www.musinsa.com/app/goods/3188416?loc=goods_rank
디지털테크,66,BDW-8097,BEN DAVIS,ORIGINAL AIRPODS CASE COVER & NECK STRAP BLACK,"
                                                                                                                                                32000",32000,168,https://www.musinsa.com/app/goods/3324539?loc=goods_rank
디지털테크,67,TOT-BE150W,TOTTENHAM HOTSPUR,IPX5 생활방수 무선 블루투스 이어폰 화이트,39900,29800,7,https://www.musinsa.com/app/goods/3558991?loc=goods_rank
디지털테크,68,bk0004,SOTHING,제로 신발건조기,"
                                                                                                                                                28900",28900,115,https://www.musinsa.com/app/goods/1572426?loc=goods_rank
디지털테크,69,5002548456,BOOGIE WOOGIE,슬림카드 케이스 - 튤립(Tulip),"
                                                                                                                                                28000",28000,69,https://www.musinsa.com/app/goods/3292922?loc=goods_rank
디지털테크,70,5002548458,BOOGIE WOOGIE,슬림카드 케이스 - 브로콜리(Broccoli),"
                                                                                                                                                28000",28000,143,https://www.musinsa.com/app/goods/3292924?loc=goods_rank
디지털테크,71,5003722651,MINI'S WARE,ANIMAL COLLAGE MAGSAFE BUMPER CASE_CAT,"
                                                                                                                                                25900",25900,394,https://www.musinsa.com/app/goods/3382003?loc=goods_rank
디지털테크,72,EST-ATV-BK,ELAGO,애플티비4K 멀티 마운트,"
                                                                                                                                                24900",24900,15,https://www.musinsa.com/app/goods/2243092?loc=goods_rank
디지털테크,73,YBJHCASE,YEBOKASE,BLURRY IPHONE CASE (WH),"
                                                                                                                                                24000",24000,342,https://www.musinsa.com/app/goods/3034167?loc=goods_rank
디지털테크,74,2190700,EARPEARP,[어프어프XLG트윈스]TWINS CHICHI-BLACK(보조배터리-무선충전),33000,23900,17,https://www.musinsa.com/app/goods/2670161?loc=goods_rank
디지털테크,75,45,POLAROLA,생분해성 핸드폰 케이스 My Phone,"
                                                                                                                                                23900",23900,702,https://www.musinsa.com/app/goods/2917121?loc=goods_rank
디지털테크,76,SLCO_PHC_BR_019,SLOWCOASTER,SLCO Catch Flower Dog_아이폰젤하드케이스[브라운] 강아지 폰케이스,25000,23750,804,https://www.musinsa.com/app/goods/2952168?loc=goods_rank
디지털테크,77,void32,VOID MUSEUM,글래스 아이폰 케이스,"
                                                                                                                                                23000",23000,156,https://www.musinsa.com/app/goods/3139808?loc=goods_rank
디지털테크,78,1725994,JUPAZIP,휴대용 무선 텀블러 믹서기 미니 블렌더 MC01,39800,22900,30,https://www.musinsa.com/app/goods/1693647?loc=goods_rank
디지털테크,79,Galaxy Z-Flip 5/4/3 Design Case,SHARON6,갤럭시 Z플립 5 4 지플립 3 케이스,39900,22900,387,https://www.musinsa.com/app/goods/2724165?loc=goods_rank
디지털테크,80,IPHONE CARD CASE MARKET SERIES,SHARON6,아이폰 카드 투명 핸드폰 케이스 마켓 시리즈,39900,22900,823,https://www.musinsa.com/app/goods/2762359?loc=goods_rank
디지털테크,81,JHPCHB01,1AND90,[무광 하드 케이스] 해피 버거 데이,"
                                                                                                                                                22900",22900,272,https://www.musinsa.com/app/goods/2783329?loc=goods_rank
디지털테크,82,FAVORITE,SHARON6,핸드폰 갤럭시 아이폰 케이스 페이보릿 시리즈,39900,22900,26,https://www.musinsa.com/app/goods/3265327?loc=goods_rank
디지털테크,83,BEST CARD CASE,SHARON6,아이폰 카드 수납 하드 디자인 폰 케이스,39900,22900,55,https://www.musinsa.com/app/goods/3302809?loc=goods_rank
디지털테크,84,10030,KICK,New start line hard case,"
                                                                                                                                                22800",22800,24,https://www.musinsa.com/app/goods/2849168?loc=goods_rank
디지털테크,85,10148,KICK,Banana dream hard case,"
                                                                                                                                                22800",22800,119,https://www.musinsa.com/app/goods/2849224?loc=goods_rank
디지털테크,86,INOIPAD10.9,INOVIA,아이패드 에어5 에어4 10.9 애플펜슬 수납 스마트커버 베이직케이스,"
                                                                                                                                                22700",22700,904,https://www.musinsa.com/app/goods/1688198?loc=goods_rank
디지털테크,87,AB-005,ACHROHOUSE,아이폰 핸드폰 케이스 블랙진,"
                                                                                                                                                22000",22000,1544,https://www.musinsa.com/app/goods/2082872?loc=goods_rank
디지털테크,88,AJ-002,ACHROHOUSE,아이폰 핸드폰 케이스 아이즈,"
                                                                                                                                                22000",22000,2543,https://www.musinsa.com/app/goods/2309691?loc=goods_rank
디지털테크,89,3T-0142,3130STUDIO,체커보드 프렌드 블루캣 케이스,"
                                                                                                                                                21900",21900,5785,https://www.musinsa.com/app/goods/2495730?loc=goods_rank
디지털테크,90,3T-0155,3130STUDIO,셀피 블루 캣 케이스,"
                                                                                                                                                21900",21900,4181,https://www.musinsa.com/app/goods/2582015?loc=goods_rank
디지털테크,91,108AB_tbj,108SEOUL,[Galaxy Z Flip] 108 AQUA BLUE(tank-bumper-jelly),"
                                                                                                                                                21900",21900,15,https://www.musinsa.com/app/goods/3171642?loc=goods_rank
디지털테크,92,BZS00001,RINGKE,애플워치 프리미엄 베젤 스타일링 케이스,"
                                                                                                                                                21800",21800,926,https://www.musinsa.com/app/goods/2012281?loc=goods_rank
디지털테크,93,1,TVOBT,[ 젤리케이스 프로 포함 ] 차차 시리즈,25750,20600,30,https://www.musinsa.com/app/goods/2505404?loc=goods_rank
디지털테크,94,m202204064ebed7782,NATIONAL GEOGRAPHIC MOBILE,에어팟3 러기드 범퍼 락 케이스 [카라비너 증정],"
                                                                                                                                                20600",20600,23,https://www.musinsa.com/app/goods/2964632?loc=goods_rank
디지털테크,95,IL3CU-MAX-50EN-008,IRING,매그 솔리드 - 글레이시어 실버,"
                                                                                                                                                20500",20500,5,https://www.musinsa.com/app/goods/2627022?loc=goods_rank
디지털테크,96,1360673,UAG,아이폰12/12프로 플라즈마 케이스,"
                                                                                                                                                19900",19900,5,https://www.musinsa.com/app/goods/1690375?loc=goods_rank
디지털테크,97,ES14MSHB61PRO,ELAGO,아이폰15 14 플러스 프로 프로맥스 맥세이프 하이브리드 투명 케이스,29000,19800,90,https://www.musinsa.com/app/goods/2783834?loc=goods_rank
디지털테크,98,버즈4액티브_블랙,XIAOMI,레드미 버즈4 액티브 M2232E1,"
                                                                                                                                                19800",19800,5,https://www.musinsa.com/app/goods/3455003?loc=goods_rank
디지털테크,99,NOCS540,ESTHERBUNNY,아이폰 토핑 샤워 젤하드 투명 케이스 + 토끼 하트 쿠션 맥세이프 톡 세트,"
                                                                                                                                                19800",19800,2,https://www.musinsa.com/app/goods/3531345?loc=goods_rank
디지털테크,100,EF-QS918CWEGKR,SAMSUNG ELECTRONICS,갤럭시 S23 울트라 클리어 투명 커버 케이스 EF-QS918,"
                                                                                                                                                19500",19500,11,https://www.musinsa.com/app/goods/3063651?loc=goods_rank
