﻿카테고리,순위,품번,브랜드명,상품명(한글),판매가,비회원가,좋아요 수,URL
모자,1,COTA01,TYPESERVICE,Typeservice Web Cap [Dark Gray],39000,35100,52069,https://www.musinsa.com/app/goods/2134140?loc=goods_rank
모자,2,DK008220BLK,DICKIES,자수 로고 뱃지 볼캡 - 블랙,29000,16800,1972,https://www.musinsa.com/app/goods/2811886?loc=goods_rank
모자,3,ML056,MILLO,홀리데이 시그니처 볼 캡 [그린],39000,35100,64482,https://www.musinsa.com/app/goods/2280117?loc=goods_rank
모자,4,MAPOHGS0J420229-001,POLO RALPH LAUREN,코튼 치노 베이스볼 캡 - 블랙,79000,55300,2357,https://www.musinsa.com/app/goods/2381335?loc=goods_rank
모자,5,COTA01,TYPESERVICE,Typeservice Web Cap [Beige Gray],39000,35100,29783,https://www.musinsa.com/app/goods/2356713?loc=goods_rank
모자,6,CTHTDC003BL,CRITIC,WORMHOLE LOGO BEANIE BLUE,29000,26100,2785,https://www.musinsa.com/app/goods/3440367?loc=goods_rank
모자,7,MAPOHGS0J420546-300,POLO RALPH LAUREN,코튼 치노 베이스볼 캡 - 카키,79000,55300,4014,https://www.musinsa.com/app/goods/1836697?loc=goods_rank
모자,8,3ACP6601N-50BKS,MLB,N-COVER 볼캡 NY (BLACK),"
                                                                                                                                                36000",36000,48831,https://www.musinsa.com/app/goods/1272626?loc=goods_rank
모자,9,HX0263,CALVIN KLEIN JEANS,6color 남녀공용 모노그램 엠브로이더리 볼캡 HX0263,69000,65550,35759,https://www.musinsa.com/app/goods/1822717?loc=goods_rank
모자,10,CTHTDA002BK,CRITIC,Goth Logo 5P Cap Black,39000,35100,2013,https://www.musinsa.com/app/goods/3119125?loc=goods_rank
모자,11,ML056,MILLO,홀리데이 시그니처 볼 캡 [네이비],39000,35100,17456,https://www.musinsa.com/app/goods/2221221?loc=goods_rank
모자,12,LPMN01,LUOESPAC,[미누의 코디] MNC 볼캡 (블랙),39000,31200,2570,https://www.musinsa.com/app/goods/2962388?loc=goods_rank
모자,13,A231UAA04BW,AEAE,WEB LOGO TWO TONE BALL CAP - [BLACK/WHITE],"
                                                                                                                                                49000",49000,7094,https://www.musinsa.com/app/goods/3339112?loc=goods_rank
모자,14,A231UAA02GP,AEAE,WEB LOGO 5 PANNEL BALL CAP - [GREY/NAVY],"
                                                                                                                                                49000",49000,1977,https://www.musinsa.com/app/goods/3185982?loc=goods_rank
모자,15,cap_logo_002dpk,WOOALONG,Signature Logo ball cap - DUSTY PINK,"
                                                                                                                                                37000",37000,35443,https://www.musinsa.com/app/goods/2287131?loc=goods_rank
모자,16,3ACP7701N-07BKS,MLB,루키 언스트럭쳐 볼캡 LA (Black),"
                                                                                                                                                36000",36000,22551,https://www.musinsa.com/app/goods/1214173?loc=goods_rank
모자,17,115400,NIKE GOLF,드라이 핏 클럽 FB6451,"
                                                                                                                                                25900",25900,1230,https://www.musinsa.com/app/goods/3435270?loc=goods_rank
모자,18,CLHTDD007,CLOVE,Logo Teddy Hat_Women (Beige),69000,55200,2806,https://www.musinsa.com/app/goods/2904101?loc=goods_rank
모자,19,LE2301CA01NA,LEE,스몰 트위치로고 코튼 커브 볼캡 네이비,29000,26100,28677,https://www.musinsa.com/app/goods/1771133?loc=goods_rank
모자,20,cap_logo_002bk,WOOALONG,Signature Logo ball cap - BLACK,"
                                                                                                                                                37000",37000,45380,https://www.musinsa.com/app/goods/2286829?loc=goods_rank
모자,21,BAUF28,BAUF,B 빈티지 워싱 볼캡 [워시드 핑크],55000,49500,15012,https://www.musinsa.com/app/goods/2879425?loc=goods_rank
모자,22,AM2CFUAB20ABK,AMES-WORLDWIDE,BASIC LOGO BALL CAP BLACK,39000,27300,2800,https://www.musinsa.com/app/goods/2723353?loc=goods_rank
모자,23,Pigment Washed Cotton Ball Cap,DUMARO,피그먼트 워시드 코튼 볼캡,39900,27930,15015,https://www.musinsa.com/app/goods/2289281?loc=goods_rank
모자,24,CLASSIC BLACK,ECUA-ANDINO HATS,파나마햇 CLASSIC BLACK,"
                                                                                                                                                135000",135000,20,https://www.musinsa.com/app/goods/1705898?loc=goods_rank
모자,25,3ACP7701N-50NYS,MLB,루키 언스트럭쳐 볼캡 NY (Navy),"
                                                                                                                                                36000",36000,26383,https://www.musinsa.com/app/goods/1214169?loc=goods_rank
모자,26,ML056,MILLO,홀리데이 시그니처 볼 캡 [블랙],39000,35100,6992,https://www.musinsa.com/app/goods/2280146?loc=goods_rank
모자,27,COTA01,TYPESERVICE,Typeservice Web Cap [Navy],39000,35100,27686,https://www.musinsa.com/app/goods/2134158?loc=goods_rank
모자,28,1MG23SHG113,MARITHE FRANCOIS GIRBAUD,METAL CIRCLE LOGO KNIT BERET black,"
                                                                                                                                                49000",49000,1766,https://www.musinsa.com/app/goods/3102527?loc=goods_rank
모자,29,MAPOHGS0J420378-410,POLO RALPH LAUREN,코튼 치노 버킷 햇 - 네이비,"
                                                                                                                                                99000",99000,560,https://www.musinsa.com/app/goods/1620260?loc=goods_rank
모자,30,NG2DFUAB26ABK,NICEGHOSTCLUB,니트 버킷 햇_블랙(NG2DFUAB26A),39000,31200,18022,https://www.musinsa.com/app/goods/2089074?loc=goods_rank
모자,31,AWEMSSBAACAST002C6BA,AECA WHITE,DAY OFF CAP-BLACK,49000,46550,2807,https://www.musinsa.com/app/goods/2391539?loc=goods_rank
모자,32,20230828-02,ESPIONAGE,Over Fatigue Hat (Denim ver.) Dark Indigo,54000,46000,115,https://www.musinsa.com/app/goods/3503839?loc=goods_rank
모자,33,GT21FW14 BG,THE GREATEST,Patch BUCKET B-Gray,"
                                                                                                                                                42000",42000,6100,https://www.musinsa.com/app/goods/2148587?loc=goods_rank
모자,34,MAPOHGS0J420895-600,POLO RALPH LAUREN,코튼 치노 베이스볼 캡 - 레드,"
                                                                                                                                                79000",79000,551,https://www.musinsa.com/app/goods/2416508?loc=goods_rank
모자,35,1495-black,SNOUT,1495-black 무지 볼캡,26000,17900,6523,https://www.musinsa.com/app/goods/363169?loc=goods_rank
모자,36,21CA002BK,OGARP,MOTORCYCLE B.B CAP BLACK,42000,37800,3846,https://www.musinsa.com/app/goods/2157079?loc=goods_rank
모자,37,cap_logo_002na,WOOALONG,Signature Logo ball cap - NAVY,"
                                                                                                                                                37000",37000,11016,https://www.musinsa.com/app/goods/2286824?loc=goods_rank
모자,38,ML056,MILLO,홀리데이 시그니처 볼 캡 [빈티지 블루],39000,35100,10904,https://www.musinsa.com/app/goods/2280141?loc=goods_rank
모자,39,20220103-01,ESPIONAGE,Nylon Hiking Cap Black,42000,35000,3915,https://www.musinsa.com/app/goods/2288644?loc=goods_rank
모자,40,20237,WICK,Executive 클랙식 워싱 볼캡-네이비,19000,17100,23245,https://www.musinsa.com/app/goods/2306874?loc=goods_rank
모자,41,119528.555,BUFF,익스플로어 부니 햇 - HARQ MULTI,"
                                                                                                                                                65000",65000,12,https://www.musinsa.com/app/goods/3350003?loc=goods_rank
모자,42,3ACPH0136-43NYD,MLB,하트 울 스트럭쳐 볼캡 BOS (D.Navy),"
                                                                                                                                                63000",63000,11,https://www.musinsa.com/app/goods/3503801?loc=goods_rank
모자,43,MK2312HT003M0DN,MATIN KIM,LOGO LABEL SOLID CAMP CAP IN DARK GREEN,"
                                                                                                                                                58000",58000,914,https://www.musinsa.com/app/goods/3113491?loc=goods_rank
모자,44,DWHE3F712N3,DOUBLE FLAG,다크 네이비 여성 로고포인트 이어커버 버킷 햇_DWHE3F712N3,59000,56050,14,https://www.musinsa.com/app/goods/3440199?loc=goods_rank
모자,45,AA23DCBL,AKAW,오버핏 워크 데님 캠프캡 (레트로 블루),58000,55100,123,https://www.musinsa.com/app/goods/3195139?loc=goods_rank
모자,46,P000CSY,JOEGUSH,Rockstar dog Nylon cap (Black),"
                                                                                                                                                52000",52000,825,https://www.musinsa.com/app/goods/3001713?loc=goods_rank
모자,47,NE3HP51B,THE NORTH FACE,NE3HP51B 에코 트레킹 햇,55000,49500,46,https://www.musinsa.com/app/goods/3467047?loc=goods_rank
모자,48,1MG23SHG114BLK,MARITHE FRANCOIS GIRBAUD,CLASSIC LOGO BUCKET HAT black,"
                                                                                                                                                49000",49000,481,https://www.musinsa.com/app/goods/3102532?loc=goods_rank
모자,49,3ACPWC136-07NYD,MLB,코듀로이 언스트럭쳐 볼캡 LA (D.Navy),"
                                                                                                                                                49000",49000,88,https://www.musinsa.com/app/goods/3459033?loc=goods_rank
모자,50,AA23CCBK,AKAW,오버핏 클래식 캠프캡 (블랙),49000,46550,163,https://www.musinsa.com/app/goods/3194293?loc=goods_rank
모자,51,AAC204001-BK,ARDOROBE,adrb 로고 레더 뉴스보이캡 AAC204001-BK,"
                                                                                                                                                45000",45000,559,https://www.musinsa.com/app/goods/1697475?loc=goods_rank
모자,52,OYBBF3HE084WH,OY,오버레이 로고 캡-화이트,"
                                                                                                                                                45000",45000,33,https://www.musinsa.com/app/goods/2954108?loc=goods_rank
모자,53,5004232100,MARDI MERCREDI,CAP ALUMNI EMBLEM_NAVY IVORY,47000,44650,76,https://www.musinsa.com/app/goods/3470514?loc=goods_rank
모자,54,497012,MARDI MERCREDI,CAP M_NAVY WHITE,45000,42750,1619,https://www.musinsa.com/app/goods/2603392?loc=goods_rank
모자,55,22-SS-BALL-CAP-BORN-BK,ETCE,BORN BASEBALL CAP (BLACK),"
                                                                                                                                                42000",42000,1202,https://www.musinsa.com/app/goods/2410318?loc=goods_rank
모자,56,BAUF25,BAUF,B LOGO 볼캡 [블랙],55000,49500,28296,https://www.musinsa.com/app/goods/2879419?loc=goods_rank
모자,57,12836208,NEW ERA,MLB 워시드 미니 로고 LA 다저스 언스트럭쳐 볼캡 로얄 블루,46000,41400,1134,https://www.musinsa.com/app/goods/3088380?loc=goods_rank
모자,58,13549200,NEW ERA,MLB 워싱 뉴욕 양키스 언스트럭쳐 볼캡 카키 13549200,46000,41400,274,https://www.musinsa.com/app/goods/3478032?loc=goods_rank
모자,59,2BYHTF1928BK,BCC,bcc숏비니U BK,35000,35000,95,https://www.musinsa.com/app/goods/2105981?loc=goods_rank
모자,60,CLHTDD001NV,CLOVE,Basic Fit Ball Cap (Navy),"
                                                                                                                                                39000",39000,1262,https://www.musinsa.com/app/goods/1386664?loc=goods_rank
모자,61,3ACP1901N-07BLS,MLB,필더 볼캡 LA (Blue),"
                                                                                                                                                39000",39000,4096,https://www.musinsa.com/app/goods/3003572?loc=goods_rank
모자,62,project 11,THE COLDEST MOMENT,TCM logo cap (sky blue),43000,38700,1316,https://www.musinsa.com/app/goods/3034787?loc=goods_rank
모자,63,XL PLATEAU N CAP BEIGE,PLATEAU,빅사이즈 볼캡 XL PLATEAU P CAP DARK GREEN,43000,38500,153,https://www.musinsa.com/app/goods/2920506?loc=goods_rank
모자,64,cap_logo_002rd,WOOALONG,Signature Logo ball cap - RED,"
                                                                                                                                                37000",37000,4883,https://www.musinsa.com/app/goods/2286789?loc=goods_rank
모자,65,LE2301CA01BE,LEE,스몰 트위치로고 코튼 커브 볼캡 베이지,"
                                                                                                                                                29000",29000,70466,https://www.musinsa.com/app/goods/1771137?loc=goods_rank
모자,66,1427_black,SNOUT,1427_black 무지볼캡,26000,17900,489,https://www.musinsa.com/app/goods/1114509?loc=goods_rank
모자,67,3ACP7701N-07CGS,MLB,루키 언스트럭쳐 볼캡  LA (Charcoal Grey),"
                                                                                                                                                36000",36000,1422,https://www.musinsa.com/app/goods/2684867?loc=goods_rank
모자,68,2BYHTS3928BK,BLACKYAK,제로경량버킷햇_BK,45000,36000,97,https://www.musinsa.com/app/goods/3296485?loc=goods_rank
모자,69,LE2204CA11BK,LEE,베이직 골지 니트 비니 블랙,29000,17400,712,https://www.musinsa.com/app/goods/2811851?loc=goods_rank
모자,70,ML056,MILLO,홀리데이 시그니처 볼 캡 [스톤 블랙],39000,35100,5780,https://www.musinsa.com/app/goods/2535631?loc=goods_rank
모자,71,ML056,MILLO,홀리데이 시그니처 볼 캡 [블루],39000,35100,3361,https://www.musinsa.com/app/goods/2658143?loc=goods_rank
모자,72,COTA01,TYPESERVICE,Typeservice Web Cap [Stone Gray],39000,35100,3321,https://www.musinsa.com/app/goods/2720086?loc=goods_rank
모자,73,CTHTDA002KK,CRITIC,Goth Logo 5P Cap Khaki,39000,35100,533,https://www.musinsa.com/app/goods/3119126?loc=goods_rank
모자,74,COTA01,TYPESERVICE,Typeservice Web Cap [Royal Blue],39000,35100,711,https://www.musinsa.com/app/goods/3455585?loc=goods_rank
모자,75,0LM22FHG130LPP,LMC,LMC BLIND ITALIC UNCUFFED BEANIE light purple,"
                                                                                                                                                35000",35000,222,https://www.musinsa.com/app/goods/2884504?loc=goods_rank
모자,76,N_22 WINTER,NICK&NICOLE,NICOLE TYPICAL BARACLAVA_CREAM,49000,34300,1043,https://www.musinsa.com/app/goods/2976594?loc=goods_rank
모자,77,IK2DFMAB21ABL,ISTKUNST,스크리블 BTY 비니_블루(IK2DFMAB21A),39000,33200,22,https://www.musinsa.com/app/goods/3534883?loc=goods_rank
모자,78,varzar1076,VARZAR,VA 스프레드 스퀘어 자가드 비니 챠콜,38000,32300,30,https://www.musinsa.com/app/goods/3513948?loc=goods_rank
모자,79,GDGHT001BLACK,GRAM OUNCE POUND,Cherry GOP Skull Beanie_Black,"
                                                                                                                                                32000",32000,110,https://www.musinsa.com/app/goods/3517897?loc=goods_rank
모자,80,CO2300CA02CM,COVERNAT,스몰 C 로고 B.B 캡 크림,39000,31200,566,https://www.musinsa.com/app/goods/3001963?loc=goods_rank
모자,81,II0743,ADIDAS,베이스볼 캡 스톤워시 - 블랙,35000,30900,680,https://www.musinsa.com/app/goods/3362673?loc=goods_rank
모자,82,2021-UDC-SS-010,UNDERCONTROL,MOLD CAP,36000,30600,2046,https://www.musinsa.com/app/goods/1829512?loc=goods_rank
모자,83,XTKA008,XTONZ,XTA008 하몬 볼캡 (BLACK),33000,29700,190,https://www.musinsa.com/app/goods/2785482?loc=goods_rank
모자,84,23TGSPEHTF001BK,TARGETTO,커브 파이핑 캠프캡_블랙,42000,29400,445,https://www.musinsa.com/app/goods/3051744?loc=goods_rank
모자,85,SWHTCC001BR,THE SPARKLING WAVE,Sun And Moon Embroidered Cap Brown,42000,42000,196,https://www.musinsa.com/app/goods/2983377?loc=goods_rank
모자,86,NC2301CA02RB,NAMERCLOTHING,SMILE BUTTON COTTON CAP ROYAL BLUE,39000,27300,64,https://www.musinsa.com/app/goods/3024407?loc=goods_rank
모자,87,P0000EEZ,UNALLOYED,플라워 비니,"
                                                                                                                                                25000",25000,6461,https://www.musinsa.com/app/goods/2086387?loc=goods_rank
모자,88,NE3BN50B,THE NORTH FACE,NE3BN50B 빅 로고 비니,29000,23200,6857,https://www.musinsa.com/app/goods/2274973?loc=goods_rank
모자,89,55093,WICK,ALGORITHM 워싱 볼캡-차콜,23000,20700,2926,https://www.musinsa.com/app/goods/2607446?loc=goods_rank
모자,90,ED8712,ADIDAS,아디컬러 커프 니트 비니 - 블랙,29000,19900,11090,https://www.musinsa.com/app/goods/2149507?loc=goods_rank
모자,91,LE2204CA11CE,LEE,베이직 골지 니트 비니 카멜,29000,17400,208,https://www.musinsa.com/app/goods/2811848?loc=goods_rank
모자,92,Yh-AW22AC01LVF,YEAH,헬멧 후드 (라벤더),53000,15000,251,https://www.musinsa.com/app/goods/2809919?loc=goods_rank
모자,93,TN221KHWBE02BK,THISISNEVERTHAT,ESP-Logo Short Beanie Black,29000,14500,3626,https://www.musinsa.com/app/goods/2383121?loc=goods_rank
모자,94,AQ22AMAC01WH,AQOstudiospace,AQO A-LOGO BALLCAP WHITE,39000,39000,113,https://www.musinsa.com/app/goods/2338705?loc=goods_rank
모자,95,P00000GD,MUCENT,"SIGNATURE BALL CAP (Black,Navy,Olive Green)","
                                                                                                                                                38900",38900,9849,https://www.musinsa.com/app/goods/3232889?loc=goods_rank
모자,96,NBSC001BK,NEIGHBORS,NBSC001 네이버스 기본 로고 볼 캡 - 블랙,29000,9900,27,https://www.musinsa.com/app/goods/769011?loc=goods_rank
모자,97,2BYHTF1928BL,BCC,bcc숏비니U BL,35000,35000,31,https://www.musinsa.com/app/goods/2105982?loc=goods_rank
모자,98,CLOUD-BUCKET-CREAM,MARTINCOKS,클라우드 버킷햇 크림,35900,35900,2239,https://www.musinsa.com/app/goods/3269934?loc=goods_rank
모자,99,3ACP7701N-07GNS,MLB,루키 언스트럭쳐 볼캡 LA (Green),"
                                                                                                                                                36000",36000,46341,https://www.musinsa.com/app/goods/1214109?loc=goods_rank
모자,100,3ACP7701N-07BLS,MLB,루키 언스트럭쳐 볼캡 LA (Blue),"
                                                                                                                                                36000",36000,48364,https://www.musinsa.com/app/goods/1214174?loc=goods_rank
