﻿카테고리,순위,품번,브랜드명,상품명(한글),판매가,비회원가,좋아요 수,URL
뷰티,1,MB1F0117A,MANYOFACTORY,[사용기한 임박] 퓨어 클렌징 오일 400ml +55ml,49000,14900,470,https://www.musinsa.com/app/goods/3508560?loc=goods_rank
뷰티,2,5000601065,John Varvatos,아티산 블랙 EDT 75ML,87000,37900,74,https://www.musinsa.com/app/goods/2897129?loc=goods_rank
뷰티,3,ff-15,FACE FACTORY,갈바닉+워터필링 3in1 제트필링기,109000,46900,1470,https://www.musinsa.com/app/goods/2402755?loc=goods_rank
뷰티,4,1079584,MAISON MARGIELA PERFUME,레플리카 레이지 선데이 모닝 EDT 30ML,98000,88200,10382,https://www.musinsa.com/app/goods/2027859?loc=goods_rank
뷰티,5,1079582,MAISON MARGIELA PERFUME,레플리카 재즈 클럽 EDT 30ML,98000,88200,2449,https://www.musinsa.com/app/goods/2027861?loc=goods_rank
뷰티,6,11111-1,SKINFOOD,당근 &미나리 &도토리 패드 2개 골라담기,52000,37400,6097,https://www.musinsa.com/app/goods/2682283?loc=goods_rank
뷰티,7,GPB10000050BK,GRAFEN,타투 퍼퓸 원우드 50ml,44000,35000,5636,https://www.musinsa.com/app/goods/2243193?loc=goods_rank
뷰티,8,PFOKR19005,FORMENT,시그니처 퍼퓸 50ml (코튼허그/코튼키스),49000,39000,22154,https://www.musinsa.com/app/goods/1434514?loc=goods_rank
뷰티,9,8809506310963,S.NATURE,아쿠아 오아시스 수분 젤크림 80ml,32000,22900,699,https://www.musinsa.com/app/goods/3389334?loc=goods_rank
뷰티,10,JD_C_ESP,JAVIN DE SEOUL,윙크 아이 쉐이드 프라이머 11종 택1+윙크 플레이 마스카라,16000,13600,1027,https://www.musinsa.com/app/goods/2996838?loc=goods_rank
뷰티,11,1021437,KLAIRS,프레쉴리 쥬스드 비타민 드롭,21900,18700,502,https://www.musinsa.com/app/goods/1535899?loc=goods_rank
뷰티,12,1152825,CLEAN,웜 코튼 EDP 60ML,93000,39900,5236,https://www.musinsa.com/app/goods/3359990?loc=goods_rank
뷰티,13,0006,TODAYIS,인유어메모리 오드퍼퓸 50ml,"
                                                                                                                                                61000",61000,3080,https://www.musinsa.com/app/goods/2268558?loc=goods_rank
뷰티,14,JD_B_NWR,JAVIN DE SEOUL,윙크 파운데이션 팩트 리필 15g,18000,15300,1301,https://www.musinsa.com/app/goods/1665352?loc=goods_rank
뷰티,15,1055194,John Varvatos,아티산 EDT 75ML,87000,33900,1226,https://www.musinsa.com/app/goods/3359992?loc=goods_rank
뷰티,16,LP009,ALTERNATIVE STEREO,립 포션 아쿠아 글로우 9호 코코 밀크,19000,18050,498,https://www.musinsa.com/app/goods/3513764?loc=goods_rank
뷰티,17,VC21MIMFV,VODANA,글램웨이브 봉고데기 아이보리무드,98000,72000,6145,https://www.musinsa.com/app/goods/2020338?loc=goods_rank
뷰티,18,JD_B_NWO,JAVIN DE SEOUL,윙크 파운데이션 팩트 15g,28000,19600,2499,https://www.musinsa.com/app/goods/1665261?loc=goods_rank
뷰티,19,20220415,GRAFEN,타투 퍼퓸 레더 50ml,49000,44000,246,https://www.musinsa.com/app/goods/2493838?loc=goods_rank
뷰티,20,BY-SK-TO-NO-022590,BYUR,그린원더 킵피스 토너패드,35000,22000,14,https://www.musinsa.com/app/goods/3493032?loc=goods_rank
뷰티,21,BY-SK-TO-NO-022606,BYUR,허니고저스 킵모이스처라이징 토너패드,35000,22000,11,https://www.musinsa.com/app/goods/3493033?loc=goods_rank
뷰티,22,5003513929,ETUDE,더블 래스팅 파운데이션 기획세트,45000,29000,140,https://www.musinsa.com/app/goods/3486790?loc=goods_rank
뷰티,23,BY-SK-CR-NO-022675,BYUR,비타기빙 킵래디언스 토너패드,35000,19900,12,https://www.musinsa.com/app/goods/3493034?loc=goods_rank
뷰티,24,11111111,JUNGSAEMMOOL,에센셜 스킨 누더 쿠션(리필 포함)(사은품증정),42000,35700,8964,https://www.musinsa.com/app/goods/2573390?loc=goods_rank
뷰티,25,MA1A2009A,MANYOFACTORY,[사용기한 임박] 비피다 콤플렉스 앰플 50ml,35000,14900,10,https://www.musinsa.com/app/goods/3509473?loc=goods_rank
뷰티,26,JLB30604,LANVIN,에끌라 드 아르페쥬 EDP 30ML,64000,32000,4826,https://www.musinsa.com/app/goods/2004435?loc=goods_rank
뷰티,27,BY-SK-GL-NO-959993,BYUR,세럼핏 볼류밍 글로우 스틱,22000,17600,7,https://www.musinsa.com/app/goods/3493035?loc=goods_rank
뷰티,28,MMBOH501-BK,MUSINSA STANDARD BEAUTY,퍼펙트 스타일링 헤어왁스 100g,11900,10690,3284,https://www.musinsa.com/app/goods/817981?loc=goods_rank
뷰티,29,GSC10000003BK,GRAFEN,립 센스 3.9g (발색립밤),21000,16800,2003,https://www.musinsa.com/app/goods/1258777?loc=goods_rank
뷰티,30,1079560,MAISON MARGIELA PERFUME,레플리카 버블 바스 EDT 30ML,98000,88200,987,https://www.musinsa.com/app/goods/2027895?loc=goods_rank
뷰티,31,OTBAT001,ODDTYPE,[NEW] 언베일드 스킨 하이라이터 2color,26000,20800,33,https://www.musinsa.com/app/goods/3450029?loc=goods_rank
뷰티,32,1152826,CLEAN,웜 코튼 EDP 30ML,57000,26900,13680,https://www.musinsa.com/app/goods/2512890?loc=goods_rank
뷰티,33,MMCB,MADPEACH,무드 믹스 크림 블러셔,15900,12600,119,https://www.musinsa.com/app/goods/3470481?loc=goods_rank
뷰티,34,PFOKR20019,FORMENT,시그니처 퍼퓸 스프레이(섬유향수) 코튼허그 200ml,40000,23000,8899,https://www.musinsa.com/app/goods/1851470?loc=goods_rank
뷰티,35,OBG016,OBGE,무드 체인지 립밤 1+1 (2개),29800,20900,900,https://www.musinsa.com/app/goods/2945994?loc=goods_rank
뷰티,36,9/20 원데이,SKINFOOD,캐롯 카로틴 카밍 워터 패드 30매 1+1,26000,15600,29,https://www.musinsa.com/app/goods/3509432?loc=goods_rank
뷰티,37,35063,OFRA COSMETIC,미니 하이라이터 - 클라우드9,"
                                                                                                                                                30000",30000,2981,https://www.musinsa.com/app/goods/2980617?loc=goods_rank
뷰티,38,SC40TR03,COSRX,더 비타민씨 23 세럼,23000,18500,790,https://www.musinsa.com/app/goods/2775186?loc=goods_rank
뷰티,39,비글로우쿠션,ESPOIR,프로테일러 비글로우 쿠션 오리지널 (본품+리필),35000,17500,1482,https://www.musinsa.com/app/goods/2793967?loc=goods_rank
뷰티,40,3190582,URIAGE,스틱레브르 오리지널 4g 듀오,26000,17000,316,https://www.musinsa.com/app/goods/3190582?loc=goods_rank
뷰티,41,MB1F0130B,MANYOFACTORY,[사용기한 임박] 블랙헤드&포어 클렌징 SET(퓨어 클렌징 오일 145ml+포어크림 30ml+킬패드 3매),19700,9900,34,https://www.musinsa.com/app/goods/3509564?loc=goods_rank
뷰티,42,MMAOH001-BK,MUSINSA STANDARD BEAUTY,퍼펙트 홀드 헤어 스프레이 250ml,"
                                                                                                                                                11900",11900,1907,https://www.musinsa.com/app/goods/1973382?loc=goods_rank
뷰티,43,OBG044,OBGE,페이스 라인 스틱,20000,15900,996,https://www.musinsa.com/app/goods/3414179?loc=goods_rank
뷰티,44,71985,BENEFIT,블러셔 미니 5종,28000,23800,2699,https://www.musinsa.com/app/goods/2955179?loc=goods_rank
뷰티,45,8011003809196,VERSACE PERFUME,에로스 EDT 30ml,78000,44400,103,https://www.musinsa.com/app/goods/3356213?loc=goods_rank
뷰티,46,NIPPLE BAND,LIFETY,프리미엄 숨바꼭지 매너 니플밴드 104매 (투명색,13800,11300,5304,https://www.musinsa.com/app/goods/1504064?loc=goods_rank
뷰티,47,72038,SUBLIMIC,에어리플로우 샴푸 A 500ml,49000,44100,30,https://www.musinsa.com/app/goods/2953020?loc=goods_rank
뷰티,48,150100383,AESTURA,에이시카 365 세럼 25ml + 토너 250ml,58000,43500,91,https://www.musinsa.com/app/goods/3124265?loc=goods_rank
뷰티,49,150100383,AESTURA,에이시카 365 세럼 25ml + 패드 60매 100ml,56000,42000,127,https://www.musinsa.com/app/goods/3124332?loc=goods_rank
뷰티,50,17777,BE READY,블루 쿠션 (SPF 34 PA++/15g),29000,20300,5651,https://www.musinsa.com/app/goods/2568474?loc=goods_rank
뷰티,51,SA1F1842A,MANYOFACTORY,[사용기한 임박] 퓨어 클렌징 오일 200mlX2,58000,19900,11,https://www.musinsa.com/app/goods/3508007?loc=goods_rank
뷰티,52,003,DASIQUE,블렌딩 무드 치크,24000,19200,2455,https://www.musinsa.com/app/goods/2530333?loc=goods_rank
뷰티,53,OTBAH001,ODDTYPE,[NEW] 소 터처블 워터 블러시 6color,24000,19200,123,https://www.musinsa.com/app/goods/3450028?loc=goods_rank
뷰티,54,JasmineMusc,AFTERBLOW,오 드 퍼퓸 02 자스민 머스크 25ml,42000,37800,49,https://www.musinsa.com/app/goods/3453052?loc=goods_rank
뷰티,55,8809990633340_3,KARED,노 스트레스 카밍 세럼(사은품 증정),42000,37800,13,https://www.musinsa.com/app/goods/3474790?loc=goods_rank
뷰티,56,1117471,John Varvatos,XX 인디고 EDT 75ML,93000,37200,438,https://www.musinsa.com/app/goods/2246794?loc=goods_rank
뷰티,57,없음,DASHU,클래식 스타일 그루밍 토닉 400ml,28000,18000,2069,https://www.musinsa.com/app/goods/2616137?loc=goods_rank
뷰티,58,5001952663,TORRIDEN,밸런스풀 시카 진정 크림 80ml+밸런스풀 크림 20ml,24000,18000,273,https://www.musinsa.com/app/goods/2996090?loc=goods_rank
뷰티,59,11111113,JUNGSAEMMOOL,스킨 누더 커버레이어 쿠션(리필포함)(사은품증정),42000,35700,2303,https://www.musinsa.com/app/goods/2575691?loc=goods_rank
뷰티,60,1061343,MERCEDES-BENZ,맨 EDT 30ML,49000,34300,211,https://www.musinsa.com/app/goods/1951088?loc=goods_rank
뷰티,61,17725012,CLIO,프리즘 하이라이터 23AD [증정] 딥클린 리무버 31ml,24000,16800,3215,https://www.musinsa.com/app/goods/1269746?loc=goods_rank
뷰티,62,G4341300,3CE,퓨어페어링 뉴 테이크 페이스 블러셔 듀오 세트,40000,31600,86,https://www.musinsa.com/app/goods/3400874?loc=goods_rank
뷰티,63,WC010100E005,KLAIRS,젠틀 블랙 딥 클렌징 오일 듀오 (150ml+150ml),37800,30200,48,https://www.musinsa.com/app/goods/2941203?loc=goods_rank
뷰티,64,3379357,SNUGGLE,섬유탈취제 블루스파클 470ml 2개,17000,12900,606,https://www.musinsa.com/app/goods/3379357?loc=goods_rank
뷰티,65,BY-SK-CR-NO-022675,BYUR,비타기빙 킵래디언스 크림,35000,24500,6,https://www.musinsa.com/app/goods/3493029?loc=goods_rank
뷰티,66,BY-SK-CR-NO-022637,BYUR,그린원더 킵피스 크림,35000,24500,5,https://www.musinsa.com/app/goods/3493030?loc=goods_rank
뷰티,67,BY-SK-CR-NO-022651,BYUR,허니고저스 킵모이스처라이징 크림,35000,24500,6,https://www.musinsa.com/app/goods/3493031?loc=goods_rank
뷰티,68,OTLPB002,ODDTYPE,[오드타입X런업 스티커증정] 오버 더 내추럴 립밤,15000,12000,627,https://www.musinsa.com/app/goods/3428519?loc=goods_rank
뷰티,69,8809629270144,PEACHC,[new/사은품 증정] 시즈널 블렌딩 아이섀도우 팔레트,30000,24000,106,https://www.musinsa.com/app/goods/2631988?loc=goods_rank
뷰티,70,EM01,OHELLA,온열 공기압 눈마사지기 (화이트/그레이) EM01,"
                                                                                                                                                23900",23900,7,https://www.musinsa.com/app/goods/3446057?loc=goods_rank
뷰티,71,Deep cleansing bar,GILLETTE,랩스 손흥민 에디션(핸들 1입 + 면도날 4입 + 스탠드) + 스티커팩 + 쇼핑백 증정(단독구성),59900,39900,631,https://www.musinsa.com/app/goods/3455509?loc=goods_rank
뷰티,72,5003979279,THE SAEM,퍼펙트 글램 스틱 블러셔 x 2개,27000,21600,6,https://www.musinsa.com/app/goods/3430583?loc=goods_rank
뷰티,73,OBG001,OBGE,내추럴 커버 파운데이션,46000,36800,13158,https://www.musinsa.com/app/goods/2307295?loc=goods_rank
뷰티,74,AT,ABOUT TONE,블러 파우더 팩트(3color),12000,10200,2455,https://www.musinsa.com/app/goods/2365197?loc=goods_rank
뷰티,75,111570295,HERA,블랙쿠션 15gx2 (옵션) + [사은품 증정],66000,59400,24195,https://www.musinsa.com/app/goods/1867509?loc=goods_rank
뷰티,76,17777,BE READY,블루 파운데이션 35ml,29000,20300,919,https://www.musinsa.com/app/goods/3298229?loc=goods_rank
뷰티,77,8809751070272,MELIXIR,멜릭서 비건 립 버터 듀오,24000,20000,426,https://www.musinsa.com/app/goods/3417533?loc=goods_rank
뷰티,78,MA1A2023A,MANYOFACTORY,[사용기한 임박] 화이트닝 소스 앰플 30ml,33000,9900,6,https://www.musinsa.com/app/goods/3509185?loc=goods_rank
뷰티,79,01SKYE01003,MEDIHEAL,티트리 진정 수분 앰플 50ml,32000,19800,221,https://www.musinsa.com/app/goods/3276728?loc=goods_rank
뷰티,80,JPB70000210BK,JULYME,we love 핸드크림 세트 (7종),49000,19000,76,https://www.musinsa.com/app/goods/2479082?loc=goods_rank
뷰티,81,G4336800,3CE,블러 매트 립스틱(증정),22000,18700,478,https://www.musinsa.com/app/goods/3273288?loc=goods_rank
뷰티,82,MA1A0321A,MANYOFACTORY,판테토인 에센스 토너 200ml,32000,18500,53,https://www.musinsa.com/app/goods/2987494?loc=goods_rank
뷰티,83,OH0719,THE LAB by blanc doux,저분자 히알루론산 토너 200ml,21000,18000,725,https://www.musinsa.com/app/goods/1703346?loc=goods_rank
뷰티,84,422936,TORRIDEN,다이브인 저분자 히알루론산 수딩크림 100ml+수딩크림 20ml,24000,18000,534,https://www.musinsa.com/app/goods/2585005?loc=goods_rank
뷰티,85,GB000,DUFT&DOFT,시트론머스크 바디스프레이 250ml+레이지블랑 50ml,31600,17900,66,https://www.musinsa.com/app/goods/3268422?loc=goods_rank
뷰티,86,-,HEART PERCENT,도트 온 무드 퓨어 글로우 틴트,18000,17100,2420,https://www.musinsa.com/app/goods/3117074?loc=goods_rank
뷰티,87,5002109688,ETUDE,[에뛰드x러브이즈트루] 픽싱 틴트 2개세트+증정)첨스 파우치,24000,16800,261,https://www.musinsa.com/app/goods/3126502?loc=goods_rank
뷰티,88,52520032,GLINT,톤 업 크림,24000,16800,4,https://www.musinsa.com/app/goods/3493446?loc=goods_rank
뷰티,89,26760262,PERIPERA,[폭닥폭닥 에어리 컬렉션] 잉크 더 에어리 벨벳,10000,8000,200,https://www.musinsa.com/app/goods/3304547?loc=goods_rank
뷰티,90,FCXA030400,AMPLEN,NEW 히알루론샷 수분 앰플 30ml,29000,15900,11,https://www.musinsa.com/app/goods/3350733?loc=goods_rank
뷰티,91,1021449,KLAIRS,일루미네이팅 서플 블레미쉬 크림,18900,15200,890,https://www.musinsa.com/app/goods/1535912?loc=goods_rank
뷰티,92,17777,BE READY,[리필] 블루 쿠션 (SPF 34 PA++/15g),19000,15200,1100,https://www.musinsa.com/app/goods/2569551?loc=goods_rank
뷰티,93,MA1A0207B,MANYOFACTORY,[사용기한 임박] 갈락 나이아신 2.0 에센스 50mlX2,58000,14900,30,https://www.musinsa.com/app/goods/3508280?loc=goods_rank
뷰티,94,BBIA,BBIA,라스트 오토 젤 아이라이너 슬림 (5color),9000,7200,87,https://www.musinsa.com/app/goods/2290063?loc=goods_rank
뷰티,95,DEM042,DEWYTREE,AC 컨트롤 딥 그린 카밍 클레이젤 모공팩 100ml,21000,14500,181,https://www.musinsa.com/app/goods/3385738?loc=goods_rank
뷰티,96,5002230325,FEEV,하이퍼 핏 컬러 세럼 미니 택 1,15000,13500,1507,https://www.musinsa.com/app/goods/3137896?loc=goods_rank
뷰티,97,DEM060,DEWYTREE,AC 컨트롤 EX 딥 흔적 진정 마스크 10매,30000,12900,122,https://www.musinsa.com/app/goods/3198058?loc=goods_rank
뷰티,98,MB1F0302A,MANYOFACTORY,[사용기한 임박] 비피다 바이옴 앰플 토너 400mlX2,48000,14900,25,https://www.musinsa.com/app/goods/3508786?loc=goods_rank
뷰티,99,hair iron,FOR BEAUT,엠스타일러ax 남자 고데기,108000,68900,5416,https://www.musinsa.com/app/goods/2532174?loc=goods_rank
뷰티,100,PN,ROM&ND,[한정수량/초특가] 무드 페블 네일 6종 SET (밀크그로서리 시리즈),40000,5900,22,https://www.musinsa.com/app/goods/3540451?loc=goods_rank
