﻿카테고리,순위,품번,브랜드명,상품명(한글),판매가,비회원가,좋아요 수,URL
원피스,1,MCFW23OPS-11,MACKY,프론 집업 원피스 블랙,249000,199200,16,https://www.musinsa.com/app/goods/3479363?loc=goods_rank
원피스,2,WZSD22FOP006BK00F,WUZU STUDIO,하이넥 롱 원피스 베이직 블랙,168000,117600,3190,https://www.musinsa.com/app/goods/1209169?loc=goods_rank
원피스,3,PBBW-WOPW021,PIGMENT,절개디테일 원피스,69000,48300,470,https://www.musinsa.com/app/goods/3090299?loc=goods_rank
원피스,4,L23AUOP01BK,LARTIGENT,L6 SHIRRING ONEPIECE(BLACK),108000,86400,57,https://www.musinsa.com/app/goods/3558759?loc=goods_rank
원피스,5,MIWOWD901C,MIXXO,미니 셔츠 원피스_MIWOWD901C,69900,66400,55,https://www.musinsa.com/app/goods/3460202?loc=goods_rank
원피스,6,W8F14RIOP105LK,DELICCENT,어텀 투 포켓 원피스 [LIGHT KHAKI],"
                                                                                                                                                59000",59000,48,https://www.musinsa.com/app/goods/3456769?loc=goods_rank
원피스,7,22FW02 - 01,AVANDRESS,Punching Knit Dress BLACK,69000,48300,16539,https://www.musinsa.com/app/goods/2714524?loc=goods_rank
원피스,8,8024585SS23,BURBERRY,여성 빈티지 체크 타이 웨이스트 셔츠 드레스 - 아카이브 베이지,1290000,683000,53,https://www.musinsa.com/app/goods/3194877?loc=goods_rank
원피스,9,5003181263,ATELIER NAIN,시티 캐주얼 데님 원피스(OP-6107),139000,125100,292,https://www.musinsa.com/app/goods/3441581?loc=goods_rank
원피스,10,T32D7WOP32TWT1BDS,TOMMY JEANS,빅 플래그 후디 원피스 (T32D7WOP32TWT1BDS),"
                                                                                                                                                238000",238000,392,https://www.musinsa.com/app/goods/3526973?loc=goods_rank
원피스,11,TC23SSOP06RE,THE CENTAUR,COLORING SLIP DRESS_RED,218000,196200,132,https://www.musinsa.com/app/goods/3115367?loc=goods_rank
원피스,12,m1037_1107492,MITTE,RUFFLE SHIRRING DRESS_BLACK,"
                                                                                                                                                186000",186000,3,https://www.musinsa.com/app/goods/3551218?loc=goods_rank
원피스,13,3FOPM0134-50CRD,MLB,여성 클래식 모노그램 자카드 오버핏 원피스 NY (D.Cream),"
                                                                                                                                                179000",179000,6,https://www.musinsa.com/app/goods/3467298?loc=goods_rank
원피스,14,3FOPM0334-43CAL,MLB,여성 다이아 모노그램 자카드 슬림핏 원피스 BOS (L.Camel),"
                                                                                                                                                179000",179000,6,https://www.musinsa.com/app/goods/3467301?loc=goods_rank
원피스,15,MCFW23OPS-41,MACKY,샤인 집업 원피스 블랙,198000,158400,42,https://www.musinsa.com/app/goods/3479889?loc=goods_rank
원피스,16,2-3SPDRS01BLK,NACHE,2-PIECE PULLED DRESS (BLACK),"
                                                                                                                                                142000",142000,364,https://www.musinsa.com/app/goods/3159327?loc=goods_rank
원피스,17,22SS0606WH,STAY WITH ME,리본 백 코튼 드레스(WHITE),228000,136800,750,https://www.musinsa.com/app/goods/2620206?loc=goods_rank
원피스,18,P00000BP,MICANE,[44-120] 얼루어 볼레로 드레스 세트,"
                                                                                                                                                132300",132300,90,https://www.musinsa.com/app/goods/3468007?loc=goods_rank
원피스,19,P00000CE,MICANE,[44-120] 아이리스 스티치 롱 드레스,"
                                                                                                                                                132300",132300,130,https://www.musinsa.com/app/goods/3476784?loc=goods_rank
원피스,20,QWDAX23614IVX,LUCKYMARCHE,Back Hole Puff Sleeve Jersey Dress_QWDAX23614IVX,149000,119200,13,https://www.musinsa.com/app/goods/3453436?loc=goods_rank
원피스,21,NRDR3E005BK,NOT YOUR ROSE,티아 드레스 (블랙),"
                                                                                                                                                119000",119000,5151,https://www.musinsa.com/app/goods/3130645?loc=goods_rank
원피스,22,3FOPB0333-43CRS,MLB,여성 오픈카라 배색 컴포터블핏 카라 원피스 BOS (Cream),"
                                                                                                                                                109000",109000,311,https://www.musinsa.com/app/goods/3149929?loc=goods_rank
원피스,23,NT7ZP80C,THE NORTH FACE,NT7ZP80C 여성 에센셜 원피스,119000,107100,35,https://www.musinsa.com/app/goods/3455387?loc=goods_rank
원피스,24,CQ230364B,SINCETHEN,로즈 하트넥 롱원피스,124000,105400,289,https://www.musinsa.com/app/goods/3362071?loc=goods_rank
원피스,25,PS23SSOPS,PLASMA SPHERE,JOKE DRESS IN BLACK(나시 원피스),"
                                                                                                                                                99000",99000,191,https://www.musinsa.com/app/goods/3418107?loc=goods_rank
원피스,26,22FW04,AVANDRESS,Puff Sleeve Pleated Dress BLACK,139000,97300,4064,https://www.musinsa.com/app/goods/2836338?loc=goods_rank
원피스,27,RT-2256,ROUNDTRICOT,골지 스퀘어 넥 원피스 - 핑크,94900,85410,375,https://www.musinsa.com/app/goods/2544730?loc=goods_rank
원피스,28,CHECK LONG DRESS /BLACK,P/A,CHECK LONG DRESS /BLACK,95000,80750,509,https://www.musinsa.com/app/goods/1446365?loc=goods_rank
원피스,29,2021SS_17,CETU,플라워 프린트 원피스,"
                                                                                                                                                79000",79000,47,https://www.musinsa.com/app/goods/1894606?loc=goods_rank
원피스,30,5004232115,MARDI MERCREDI,MAXI DRESS SLEEVELESS ALUMNI CLASSIQUE_NAVY PINK,75000,71250,18,https://www.musinsa.com/app/goods/3470534?loc=goods_rank
원피스,31,5003428801,ITOV SEOUL,셔링 나일론 원피스,79000,71100,124,https://www.musinsa.com/app/goods/3517927?loc=goods_rank
원피스,32,MIWOWD901G,MIXXO,롱 뷔스띠에 원피스_MIWOWD901G,"
                                                                                                                                                69900",69900,143,https://www.musinsa.com/app/goods/3460203?loc=goods_rank
원피스,33,WO136QJOPZ01CH,OUTDOOR PRODUCTS,플리스 롱원피스 FLEECE LONG ONEPIECE,159000,69000,130,https://www.musinsa.com/app/goods/2838000?loc=goods_rank
원피스,34,WBC1L15505BK,GENERALIDEA,프리스틴 셔츠 원피스 [BLACK],69000,59000,120,https://www.musinsa.com/app/goods/3235015?loc=goods_rank
원피스,35,23SS03,AVANDRESS,shell wrinkle long onepiece - 3COL,78000,58500,6336,https://www.musinsa.com/app/goods/3155026?loc=goods_rank
원피스,36,m1037_412312,BIBYSEOB,TO2-STRING SLIP OPS BLACK,68000,57800,9394,https://www.musinsa.com/app/goods/1537416?loc=goods_rank
원피스,37,PBCS-WOPW017,PIGMENT,버튼플리츠 원피스(PBCS-WOPW017),78000,54600,41,https://www.musinsa.com/app/goods/3336237?loc=goods_rank
원피스,38,5004016261,ROEM,스웨터 미니 원피스 (2colors)_ RMOKD12R13,99900,49950,142,https://www.musinsa.com/app/goods/3169747?loc=goods_rank
원피스,39,MIWOWD712B,MIXXO,패턴 끈나시 롱 원피스_MIWOWD712B,79900,49900,25,https://www.musinsa.com/app/goods/3372668?loc=goods_rank
원피스,40,PBCS-WOPW004,PIGMENT,잔체크후다 원피스,74000,48100,69,https://www.musinsa.com/app/goods/3150196?loc=goods_rank
원피스,41,LE2203OP02IV,LEE,유니온로고 하프집업 루즈핏 원피스 아이보리,79000,47400,1098,https://www.musinsa.com/app/goods/2731615?loc=goods_rank
원피스,42,PBCS-WOPW016,PIGMENT,워싱카오스 원피스(PBCS-WOPW016),62000,43400,110,https://www.musinsa.com/app/goods/3484497?loc=goods_rank
원피스,43,WBC1L15503BK,GENERALIDEA,미니멀 프릴 니트 원피스 [BLACK],49000,39000,225,https://www.musinsa.com/app/goods/3167360?loc=goods_rank
원피스,44,PBBF-WOPW106,PIGMENT,퍼프절개 원피스,54000,37800,519,https://www.musinsa.com/app/goods/3090727?loc=goods_rank
원피스,45,Z21FDR02BR,ZEROPLANET,제니 리본 원피스 [BROWN],64000,32000,780,https://www.musinsa.com/app/goods/2115499?loc=goods_rank
원피스,46,MWARW301-WH,MUSINSA STANDARD,[쿨탠다드] 우먼즈 피케 폴로 원피스 [화이트],36900,31290,955,https://www.musinsa.com/app/goods/1875665?loc=goods_rank
원피스,47,22FW02,AVANDRESS,Balloon Sleeve Mini Dress BLACK,69000,31050,2473,https://www.musinsa.com/app/goods/2714358?loc=goods_rank
원피스,48,22FW06,AVANDRESS,Veloa Sleeveless Dress BLACK,69000,31050,2305,https://www.musinsa.com/app/goods/2869717?loc=goods_rank
원피스,49,22FW06,AVANDRESS,Veloa Sleeveless Dress WHITE,69000,31050,1088,https://www.musinsa.com/app/goods/2869750?loc=goods_rank
원피스,50,21AV012,AVANDRESS,카셀 골지 슬림 기모 원피스 암워머세트 블랙,44000,29920,4854,https://www.musinsa.com/app/goods/2189753?loc=goods_rank
원피스,51,VW7OP17,VISITINNEWYORK,셔츠벨티드롱원피스(VW7OP17),129000,129000,24,https://www.musinsa.com/app/goods/3421700?loc=goods_rank
원피스,52,23SS08,AVANDRESS,French Linen Slim Shirt Dress - 5COL,70000,29400,11689,https://www.musinsa.com/app/goods/3271298?loc=goods_rank
원피스,53,SX4SRC2,SOUP,하이웨스트 미니 스커트(SX4SRC2),99000,99000,47,https://www.musinsa.com/app/goods/3324786?loc=goods_rank
원피스,54,22_HNSF_BK,HYBERNAT,Halter Neck Sleeveless Slim fit Dress - BLACK,68000,27200,576,https://www.musinsa.com/app/goods/2662212?loc=goods_rank
원피스,55,MUOP3202,MINDBRIDGE,여CN 스판 오픈카라 벨티드원피스 MUOP3202,129000,129000,144,https://www.musinsa.com/app/goods/2604152?loc=goods_rank
원피스,56,MWBRW206-BK,MUSINSA STANDARD,우먼즈 슬릿 넥 폴로 원피스 [블랙],31900,25490,14268,https://www.musinsa.com/app/goods/2392489?loc=goods_rank
원피스,57,MWARW306-BK,MUSINSA STANDARD,우먼즈 크루 넥 롱 티셔츠 드레스 [블랙],25900,21990,1419,https://www.musinsa.com/app/goods/1920867?loc=goods_rank
원피스,58,23SS08,AVANDRESS,French Linen Sleeveless Dress - 6COL,50000,19900,3281,https://www.musinsa.com/app/goods/3271252?loc=goods_rank
원피스,59,3156252118691208,LUV IS TRUE,CP SO OPS_BE,58000,29000,29,https://www.musinsa.com/app/goods/170899?loc=goods_rank
원피스,60,17_08,EASEOFF,플라워 원피스 핑크,150000,75000,56,https://www.musinsa.com/app/goods/542487?loc=goods_rank
원피스,61,AWD17201,A BY A,세일러 카라 스웨트 원피스 블랙,"
                                                                                                                                                99000",99000,270,https://www.musinsa.com/app/goods/653344?loc=goods_rank
원피스,62,2178343,LUV IS TRUE,MA BASIC OPS(IVORY),59000,23600,92,https://www.musinsa.com/app/goods/722154?loc=goods_rank
원피스,63,AB1281OP3_BLK,AWE BORN US,터틀 프린트 드레스 [블랙],52000,41600,20,https://www.musinsa.com/app/goods/746252?loc=goods_rank
원피스,64,NFK82DR10BK,NOIR,Slit Dress (BK),76000,38000,28,https://www.musinsa.com/app/goods/797149?loc=goods_rank
원피스,65,BS18SS-OP02,BIBYSEOB,PUFF LONG ONE-PIECE BEIGE,84000,75600,91,https://www.musinsa.com/app/goods/805708?loc=goods_rank
원피스,66,MU1502OP403,MUSE BY ROSE,ANGORA KNIT DRESS,139000,39900,434,https://www.musinsa.com/app/goods/812541?loc=goods_rank
원피스,67,20180800364208,CLET,벨트 셔츠 드레스 (카키),118000,118000,90,https://www.musinsa.com/app/goods/851768?loc=goods_rank
원피스,68,14,CATTLINE,헤링본원피스,120000,35900,184,https://www.musinsa.com/app/goods/865558?loc=goods_rank
원피스,69,03218PKFA100SL,"SORRY, TOO MUCH LOVE",클래식 H라인 레이스 드레스_인디핑크,"
                                                                                                                                                248000",248000,31,https://www.musinsa.com/app/goods/876062?loc=goods_rank
원피스,70,VV18WTOP02IV,VEM.VER,카라 니트 원피스_아이보리,168000,168000,241,https://www.musinsa.com/app/goods/915040?loc=goods_rank
원피스,71,3957871,LUV IS TRUE,DE SQUARE NECK OPS(IVORY),87000,43500,306,https://www.musinsa.com/app/goods/973803?loc=goods_rank
원피스,72,05119WHSS100SLR0,"SORRY, TOO MUCH LOVE",사이드 러플 스트링 드레스_화이트,"
                                                                                                                                                158000",158000,110,https://www.musinsa.com/app/goods/993053?loc=goods_rank
원피스,73,1396053,ROYALHAWAIIANCREATIONS,오리지널 하와이안 롱 원피스 KYS-OP-023,"
                                                                                                                                                89000",89000,60,https://www.musinsa.com/app/goods/1008410?loc=goods_rank
원피스,74,1396065,ROYALHAWAIIANCREATIONS,오리지널 하와이안 숏 원피스 KYS-OP-010,"
                                                                                                                                                89000",89000,43,https://www.musinsa.com/app/goods/1008427?loc=goods_rank
원피스,75,T02SS904DR07_V,IOET,플로티 바이올렛 드레스,183000,45750,49,https://www.musinsa.com/app/goods/1023532?loc=goods_rank
원피스,76,NFK92DR17,NOIR,Opening Dress,115000,57500,42,https://www.musinsa.com/app/goods/1034968?loc=goods_rank
원피스,77,19ss_dress,ATEMPO,슬립 원피스 라임,128000,51200,27,https://www.musinsa.com/app/goods/1044725?loc=goods_rank
원피스,78,NFK92DR14,NOIR,Sam Dress,109000,109000,281,https://www.musinsa.com/app/goods/1053797?loc=goods_rank
원피스,79,NFK92DR07,NOIR,Latte Dress,69000,69000,103,https://www.musinsa.com/app/goods/1053803?loc=goods_rank
원피스,80,NFK92DR03,NOIR,Sugar Dress,98000,39200,97,https://www.musinsa.com/app/goods/1064667?loc=goods_rank
원피스,81,19hr33,MIMICAWE,QUEEN HIGH MINI DRESS/YELLOW,89000,35600,51,https://www.musinsa.com/app/goods/1081027?loc=goods_rank
원피스,82,ODSSOPS_002M,ONENINENINEONE,스모크 러플 드레스_베이지,138000,69000,153,https://www.musinsa.com/app/goods/1088231?loc=goods_rank
원피스,83,TS001,ODDONEOUT,FLOWER ONE PIECE_BLACK,"
                                                                                                                                                94000",94000,16320,https://www.musinsa.com/app/goods/1103286?loc=goods_rank
원피스,84,TS001,ODDONEOUT,FLOWER ONE PIECE_YELLOW,"
                                                                                                                                                94000",94000,8295,https://www.musinsa.com/app/goods/1103287?loc=goods_rank
원피스,85,19,MARGARIN FINGERS,BIG COLLAR RIBBON DR(LM),135000,135000,143,https://www.musinsa.com/app/goods/1121569?loc=goods_rank
원피스,86,19,MARGARIN FINGERS,belt point one piece (dark brown),"
                                                                                                                                                100000",100000,267,https://www.musinsa.com/app/goods/1122974?loc=goods_rank
원피스,87,AVOCADO FRILL COVER ONEPIECE YELLOW,SALTY FLOWER,아보카도 프릴 커버 원피스 옐로우,"
                                                                                                                                                120000",120000,147,https://www.musinsa.com/app/goods/1130939?loc=goods_rank
원피스,88,934940,YUPPE,V SHIRRING ONEPIECE_BLACK,71000,49700,1688,https://www.musinsa.com/app/goods/1137762?loc=goods_rank
원피스,89,2024525,BIBYSEOB,BACK TIE OPS NAVY,112000,112000,47,https://www.musinsa.com/app/goods/1148578?loc=goods_rank
원피스,90,20190900999208,CLET,더블 자켓 벨트 드레스 (블랙),158000,126400,1136,https://www.musinsa.com/app/goods/1156727?loc=goods_rank
원피스,91,20190902099208,CLET,블랙 자켓 벨트 드레스 (블랙),145000,116000,5360,https://www.musinsa.com/app/goods/1156787?loc=goods_rank
원피스,92,NFK93DR10,NOIR,Com Dress,145000,58000,55,https://www.musinsa.com/app/goods/1160297?loc=goods_rank
원피스,93,NFK93DR05,NOIR,Most Dress,128000,64000,50,https://www.musinsa.com/app/goods/1160301?loc=goods_rank
원피스,94,19FWSET01,WATCHOUTBABY,레트로 프릴 숏 투피스_네이비,137000,102750,258,https://www.musinsa.com/app/goods/1171732?loc=goods_rank
원피스,95,T02AW910DR01Ib,IOET,브이넥 버튼-프론트 미디 드레스,183000,45750,70,https://www.musinsa.com/app/goods/1178742?loc=goods_rank
원피스,96,T02AW910DR05Ib,IOET,브이넥 플레어 드레스,169000,42250,38,https://www.musinsa.com/app/goods/1179609?loc=goods_rank
원피스,97,CESCGTS01BU,BORN CHAMPS,BCG 브이 원피스 CESCGTS01BU,69000,34500,515,https://www.musinsa.com/app/goods/1181936?loc=goods_rank
원피스,98,1000000086,DELIDI,Chavi shirring one piece (white),"
                                                                                                                                                134000",134000,28,https://www.musinsa.com/app/goods/1186856?loc=goods_rank
원피스,99,(W) GOLD MEDAL KINT ONEPIECE - PURPLE,MARYJAMES,(W) GOLD MEDAL KINT ONEPIECE - PURPLE,99900,99900,24,https://www.musinsa.com/app/goods/1192357?loc=goods_rank
원피스,100,41,KATHARSIS,피케이 원피스 (퍼플) _S M,"
                                                                                                                                                58000",58000,51,https://www.musinsa.com/app/goods/1214255?loc=goods_rank
