﻿카테고리,순위,품번,브랜드명,상품명(한글),판매가,비회원가,좋아요 수,URL
스커트,1,5004232454,MARDI MERCREDI,VOLUME MAXI SKIRT CRAPE DOT_NAVY RED,158000,150100,178,https://www.musinsa.com/app/goods/3470579?loc=goods_rank
스커트,2,23FALL,PLACE STUDIO,[멜로우 X PLACE] 미니멀 슬릿 플리츠 테니스 스커트 [블랙],76000,38000,187,https://www.musinsa.com/app/goods/3555164?loc=goods_rank
스커트,3,BD23A404LB,BADEE,Double Knee Denim Skirt Light Blue,"
                                                                                                                                                148000",148000,2,https://www.musinsa.com/app/goods/3537662?loc=goods_rank
스커트,4,SC23A481GY,SCULPTOR,Classic Flower Frill Midi Skirt Classic Gray,176000,140800,189,https://www.musinsa.com/app/goods/3460483?loc=goods_rank
스커트,5,N_21 FALL,NICK&NICOLE,레더 플레어 스커트_블랙,96000,67200,1584,https://www.musinsa.com/app/goods/2132342?loc=goods_rank
스커트,6,23FALL,PLACE STUDIO,[멜로우 X PLACE] 미니멀 슬릿 플리츠 테니스 스커트 [그레이],76000,38000,418,https://www.musinsa.com/app/goods/3555207?loc=goods_rank
스커트,7,m1037_1103942,ANOETIC,ANC BUCKLE PLEATS WRAP SKIRT_BLACK,129000,103200,14,https://www.musinsa.com/app/goods/3531245?loc=goods_rank
스커트,8,CHB1WSK0214BK,CHALLENGER,Side Zip Medium Jersey Skirt(Women)_CHB1WSK0214BK,238000,95200,16,https://www.musinsa.com/app/goods/2350803?loc=goods_rank
스커트,9,P3165,VANONE ATELIER,P3165 Je taime denim skirt,83000,74700,3,https://www.musinsa.com/app/goods/3473026?loc=goods_rank
스커트,10,23FW/01,BECOLLECTOR,Low skirts - Camel Brown,79000,71100,99,https://www.musinsa.com/app/goods/3458814?loc=goods_rank
스커트,11,MWCKS203-BK,MUSINSA STANDARD,우먼즈 카고 맥시 스커트 [블랙],"
                                                                                                                                                49900",49900,1162,https://www.musinsa.com/app/goods/2978105?loc=goods_rank
스커트,12,23SS000044,MOAA,더블카고 피치 롱 스커트 (BLACK),89900,49900,1634,https://www.musinsa.com/app/goods/3125457?loc=goods_rank
스커트,13,21SSVDNSW05,VALLO DE NERA,Daisy swim skirts Black,"
                                                                                                                                                49000",49000,559,https://www.musinsa.com/app/goods/2151244?loc=goods_rank
스커트,14,MWCKS202-BE,MUSINSA STANDARD,우먼즈 카고 미니 스커트 [베이지],"
                                                                                                                                                47900",47900,1837,https://www.musinsa.com/app/goods/2978103?loc=goods_rank
스커트,15,MWAKS502-BK,MUSINSA STANDARD,우먼즈 플리츠 미디 스커트 [블랙],"
                                                                                                                                                43900",43900,4374,https://www.musinsa.com/app/goods/2117253?loc=goods_rank
스커트,16,MWJNK608-WC,MUSINSA STANDARD,우먼즈 데님 미디 스커트 [워시드 블랙],"
                                                                                                                                                43900",43900,1688,https://www.musinsa.com/app/goods/2300718?loc=goods_rank
스커트,17,N_21 F/W,NICK&NICOLE,LEATHER MINI SKIRT_BLACK,61000,42700,2142,https://www.musinsa.com/app/goods/2227644?loc=goods_rank
스커트,18,ACSK21606,ACOVER,코튼 스판 카고 롱 스커트 카키,63000,39800,2422,https://www.musinsa.com/app/goods/2055797?loc=goods_rank
스커트,19,23SS02,AVANDRESS,Stacey pleats Skirt BLACK,49000,39200,3587,https://www.musinsa.com/app/goods/3109155?loc=goods_rank
스커트,20,T3S-CEBSS06,TOFFEE,크런치 이지 밴딩 스트링 스커트 (BLACK),59000,39000,2388,https://www.musinsa.com/app/goods/3198566?loc=goods_rank
스커트,21,21AVV20,AVANDRESS,PLEATS DENIM SKIRT BLUE,59000,30090,3938,https://www.musinsa.com/app/goods/1979471?loc=goods_rank
스커트,22,MWANK301-BK,MUSINSA STANDARD,우먼즈 데님 미니 스커트 [블랙],36900,29490,2631,https://www.musinsa.com/app/goods/2362073?loc=goods_rank
스커트,23,MWANK301-WC,MUSINSA STANDARD,우먼즈 데님 미니 스커트 [워시드 블랙],36900,29490,9685,https://www.musinsa.com/app/goods/1944554?loc=goods_rank
스커트,24,CY2AFFPA90ABK,CLOTTY,JELLY PATCH POCKET SKIRT BLACK(CY2AFFPA90A),59000,23600,175,https://www.musinsa.com/app/goods/1538007?loc=goods_rank
스커트,25,GY23CSK013,GLOWNY,TIA DOUBLE LAYERED RUFFLE SKIRT (BLACK),192000,172800,52,https://www.musinsa.com/app/goods/3515574?loc=goods_rank
스커트,26,NOI1030,NOIAGO,NOI1030 사이드 라인 롱 스커트 (블랙),84000,67000,147,https://www.musinsa.com/app/goods/3461526?loc=goods_rank
스커트,27,5004232125,MARDI MERCREDI,VOLUME MIDI SKIRT CRAPE_BLACK IVORY,128000,121600,297,https://www.musinsa.com/app/goods/3470564?loc=goods_rank
스커트,28,23FW02,AVANDRESS,Greta Pocket Wrap Skirt CHARCOAL,49000,41650,670,https://www.musinsa.com/app/goods/3511194?loc=goods_rank
스커트,29,326,MAU SOLEUM,[Mausoleum x 이코코] 리본 쉬어 스트링 미디 랩 스커트 - 아이보리,71000,63900,5,https://www.musinsa.com/app/goods/3570301?loc=goods_rank
스커트,30,PW-23210BR,PARTIMENTO WOMEN,2 사이드 벨티드 컷 오프 플리츠 스커트_브라운,74000,62900,406,https://www.musinsa.com/app/goods/3536853?loc=goods_rank
스커트,31,A23FWPAW669_BL,ANDERSSON BELL for WOMEN,(WOMEN) 키키 브로큰 아가일 데님 스커트 apa669w(BLUE),"
                                                                                                                                                248000",248000,35,https://www.musinsa.com/app/goods/3486137?loc=goods_rank
스커트,32,23SS01,AVANDRESS,Herringbone H-line Long Skirt - 5COL,62000,52700,733,https://www.musinsa.com/app/goods/3064298?loc=goods_rank
스커트,33,22SS07,AVANDRESS,side-line long denim skirt BLACK,75000,49500,2769,https://www.musinsa.com/app/goods/3263886?loc=goods_rank
스커트,34,HFBWK1211BG,HALEY,여성 A라인 백 플리츠 스커트 HFBWK1211BG,208000,187200,2,https://www.musinsa.com/app/goods/3521040?loc=goods_rank
스커트,35,fw16,CLUT STUDIO,0 9 옷핀 미디 랩 스커트 - 블랙,189000,179550,5,https://www.musinsa.com/app/goods/3575014?loc=goods_rank
스커트,36,5000654338,MILLIONCOR,[DANA 8179] 커버밴드 뒷트임 코튼 롱 스커트 (베이지),56000,44800,4547,https://www.musinsa.com/app/goods/2796166?loc=goods_rank
스커트,37,GY23CSK013,GLOWNY,TIA DOUBLE LAYERED RUFFLE SKIRT (BROWN),192000,172800,49,https://www.musinsa.com/app/goods/3515573?loc=goods_rank
스커트,38,BU #60,BURMULA,데님 플리츠 스커트 (베이지),189000,160650,51,https://www.musinsa.com/app/goods/3071310?loc=goods_rank
스커트,39,m1037_1097796,MAISON DE MAIER,[M2333001] 셔링 절개 스커트,"
                                                                                                                                                158000",158000,29,https://www.musinsa.com/app/goods/3491958?loc=goods_rank
스커트,40,LBM1SA10MPK,LORDLOAR,로고 밴드 배색 주름 스커트-PINK,218000,152600,112,https://www.musinsa.com/app/goods/3100234?loc=goods_rank
스커트,41,PW23AJ-01GY,PARTIMENTO WOMEN,워시드 고어드 플레어 스커트_그레이,169000,152100,467,https://www.musinsa.com/app/goods/3487760?loc=goods_rank
스커트,42,MWBKS302-BK,MUSINSA STANDARD,우먼즈 플리츠 미니 스커트 [블랙],"
                                                                                                                                                37900",37900,3289,https://www.musinsa.com/app/goods/2551406?loc=goods_rank
스커트,43,5004232444,MARDI MERCREDI,VOLUME MAXI SKIRT CRAPE_BLACK IVORY,158000,150100,272,https://www.musinsa.com/app/goods/3470575?loc=goods_rank
스커트,44,2-3SPBOT02BLK,NACHE,STRAP CARGO MAXI SKIRT (BLACK),162000,145800,423,https://www.musinsa.com/app/goods/3159167?loc=goods_rank
스커트,45,5000716094,ETMON,"Zipper Point Cargo Skirt, Dark Lavender",158000,142200,28,https://www.musinsa.com/app/goods/3507003?loc=goods_rank
스커트,46,PP22FWSK01,PAINORPLEASURE,NIX MINI SKIRT light beige,"
                                                                                                                                                139000",139000,2296,https://www.musinsa.com/app/goods/2830788?loc=goods_rank
스커트,47,CHB2WSK0219MT,CHALLENGER,Logo Tape Pleats Skirt(Women)_CHB2WSK0219MT,258000,129000,16,https://www.musinsa.com/app/goods/2492987?loc=goods_rank
스커트,48,MWJKK105-BK,MUSINSA STANDARD,우먼즈 플랫 테리 스웨트 롱 스커트 [블랙],"
                                                                                                                                                29900",29900,6869,https://www.musinsa.com/app/goods/1324169?loc=goods_rank
스커트,49,TWCUL7191-508,TAYLORMADE APPAREL,여성 절개 맞주름 H라인 큐롯 TWCUL7191-508,199000,119400,15,https://www.musinsa.com/app/goods/2752833?loc=goods_rank
스커트,50,P0000CGE_5,CURRENT,ASSYMETRIC WRAP MIDI SKIRT [BRWON],138000,110400,48,https://www.musinsa.com/app/goods/3067919?loc=goods_rank
스커트,51,MCFW23SK-11,MACKY,언발 벌룬 스커트 블랙,138000,110400,27,https://www.musinsa.com/app/goods/3479388?loc=goods_rank
스커트,52,MATB01,TYPESERVICE,Shining Pocket Skirt [Charcoal],118000,100300,72,https://www.musinsa.com/app/goods/3455378?loc=goods_rank
스커트,53,UO322CFP91_BLK0,UMBRO,우먼스 벨벳 팬츠 블랙(UO322CFP91),"
                                                                                                                                                99000",99000,15,https://www.musinsa.com/app/goods/3558204?loc=goods_rank
스커트,54,5005455935,LUV IS TRUE,CH BUTTON SKIRT(BLACK),116000,98600,572,https://www.musinsa.com/app/goods/3469495?loc=goods_rank
스커트,55,442890,MARDI MERCREDI,CABLE MAXI SKIRT MRCD_WHITE BLUE,"
                                                                                                                                                98000",98000,574,https://www.musinsa.com/app/goods/2503707?loc=goods_rank
스커트,56,LCFSA65NA,LORDLOAR,플리츠 2단 랩 스커트 NAVY,108000,97200,64,https://www.musinsa.com/app/goods/3468636?loc=goods_rank
스커트,57,CTF1SK03BK,CITY BREEZE,카고 밴딩 스커트_BLACK,119000,95200,746,https://www.musinsa.com/app/goods/3038057?loc=goods_rank
스커트,58,GY23CSK006,GLOWNY,DEVON EYELET LONG SKIRT (BLACK),98000,88200,28,https://www.musinsa.com/app/goods/3515543?loc=goods_rank
스커트,59,23H/S_SK001,CRANK,데님 미니 스커트 팬츠_진청,"
                                                                                                                                                85000",85000,176,https://www.musinsa.com/app/goods/3279344?loc=goods_rank
스커트,60,Heart Cargo Skirt(Washed)-Cream,BITTERCELLS,하트 카고 스커트(워시드)-크림,88000,83600,502,https://www.musinsa.com/app/goods/3420098?loc=goods_rank
스커트,61,UDSK3B222IV,DUNST FOR WOMEN,CLASSIC MIDI FULL SKIRT IVORY_UDSK3B222IV,119000,83300,98,https://www.musinsa.com/app/goods/3201001?loc=goods_rank
스커트,62,CTA0SK01GY,CITY BREEZE,플리츠 팬츠 스커트_GREY,89000,80100,4986,https://www.musinsa.com/app/goods/2362484?loc=goods_rank
스커트,63,BMF002,UGLYSHADOW,CARGO PANT SKIRT(BLACK),89000,80100,602,https://www.musinsa.com/app/goods/3387894?loc=goods_rank
스커트,64,XYZ006,UGLYSHADOW,TULIP PANTS SKIRT(BLACK),"
                                                                                                                                                79000",79000,5992,https://www.musinsa.com/app/goods/3144417?loc=goods_rank
스커트,65,P00000IB,CLOVERGARDEN,썸머 블룸 플리츠 스커트_포카리 블루,98000,78400,61,https://www.musinsa.com/app/goods/3354506?loc=goods_rank
스커트,66,WL233JLS01WCHG,WOOALONG,Signature slim long skirt - CHARCOAL GREY,"
                                                                                                                                                78000",78000,66,https://www.musinsa.com/app/goods/3454354?loc=goods_rank
스커트,67,5005508506,ROEM,레더 롱 플레어 스커트(1color)_RMWHD49R13,"
                                                                                                                                                69900",69900,15,https://www.musinsa.com/app/goods/3497185?loc=goods_rank
스커트,68,CARGO BLOCKED MERMAID SKIRT [Black],"DEAR,ME",나일론 카고 블록 롱 스커트 [블랙],86500,68800,70,https://www.musinsa.com/app/goods/3420291?loc=goods_rank
스커트,69,TM-FA21-B06,TUOMIO,플리티드 스커트[브라운],"
                                                                                                                                                63000",63000,115,https://www.musinsa.com/app/goods/2548906?loc=goods_rank
스커트,70,MCFW23SK-32,MACKY,패치 니트 스커트 아이보리,79000,63200,39,https://www.musinsa.com/app/goods/3479951?loc=goods_rank
스커트,71,163927EY1R,8SECONDS,랩플리츠 롱스커트  네이비 (163927EY1R),"
                                                                                                                                                59900",59900,3,https://www.musinsa.com/app/goods/3525094?loc=goods_rank
스커트,72,23SS1_07,HIGH SCHOOL DISCO,FOREST MIDI DENIM SKIRT_GREEN,66000,59400,2931,https://www.musinsa.com/app/goods/3135249?loc=goods_rank
스커트,73,2302UCPBSK003,ULKIN CANVAS,스머프 우먼즈 나일론 카고 롱 스커트_(3 colors),79000,59000,535,https://www.musinsa.com/app/goods/3118252?loc=goods_rank
스커트,74,LRSK3301BKF,LEATHERY,스트링 카고 스커트 [BLACK],69000,58650,788,https://www.musinsa.com/app/goods/3435354?loc=goods_rank
스커트,75,Satin Strap Skirt-Olive,BITTERCELLS,새틴 스트랩 스커트-올리브,65000,58500,387,https://www.musinsa.com/app/goods/3049253?loc=goods_rank
스커트,76,597911,THE-ABON,우먼 엘리 와이드 플리츠 스커트 차콜,"
                                                                                                                                                54000",54000,176,https://www.musinsa.com/app/goods/2437685?loc=goods_rank
스커트,77,PB33BSK391,PANDORAFIT,Nelly Cargo Mini Skirt,"
                                                                                                                                                53000",53000,306,https://www.musinsa.com/app/goods/3474437?loc=goods_rank
스커트,78,4571696,LUV IS TRUE,OW CORDUROY SETUP SKIRT(BLACK),58000,52200,5198,https://www.musinsa.com/app/goods/2227729?loc=goods_rank
스커트,79,5000654336,MILLIONCOR,[DANA 8188] 커버밴드 뒷트임 컷팅 롱 스커트 (중청),65000,52000,1848,https://www.musinsa.com/app/goods/2796164?loc=goods_rank
스커트,80,23SS000044,MOAA,더블카고 피치 롱 스커트 (KHAKI),89900,49900,3856,https://www.musinsa.com/app/goods/3125453?loc=goods_rank
스커트,81,SPWHD49G91,SPAO,카고 미니 스커트_SPWHD49G91,"
                                                                                                                                                49900",49900,35,https://www.musinsa.com/app/goods/3413877?loc=goods_rank
스커트,82,RT-9828,ROUNDTRICOT,워싱 핀 스커트 - 네이비,54900,49410,144,https://www.musinsa.com/app/goods/2765290?loc=goods_rank
스커트,83,23FW02,AVANDRESS,Chic Leather Slit Mini Skirt BLACK,58000,49300,142,https://www.musinsa.com/app/goods/3511148?loc=goods_rank
스커트,84,HN9DS004B,HAINT,DAZE MIDI DENIM SKIRT,60000,48000,689,https://www.musinsa.com/app/goods/2809883?loc=goods_rank
스커트,85,BENECIA12,BENECIA12,[기획] 데일리 큐롯 화이트 XL추가,"
                                                                                                                                                48000",48000,10,https://www.musinsa.com/app/goods/3496551?loc=goods_rank
스커트,86,MWCNK303-DI,MUSINSA STANDARD,우먼즈 데님 맥시 스커트 [딥 인디고],"
                                                                                                                                                46900",46900,39,https://www.musinsa.com/app/goods/3425498?loc=goods_rank
스커트,87,WBC3L13506IV,GENERALIDEA,클래식 니트 플레어 스커트 [IVORY],"
                                                                                                                                                47000",47000,13,https://www.musinsa.com/app/goods/3557671?loc=goods_rank
스커트,88,RL203SK011,THE ROCKET,R CURVE SLIT SKIRT [2colors],102000,45900,58,https://www.musinsa.com/app/goods/1675295?loc=goods_rank
스커트,89,TRTHSUTK01WC6,TRAVEL,워크샵 프론트 포켓 스커트 블랙,69000,45900,765,https://www.musinsa.com/app/goods/3232742?loc=goods_rank
스커트,90,WBC3L13501BR,GENERALIDEA,뉴클래식 에코 레더 스커트 [BROWN],"
                                                                                                                                                45000",45000,30,https://www.musinsa.com/app/goods/3491209?loc=goods_rank
스커트,91,NOI992,NOIAGO,NOI993 딥 워시드 데님 스커트 (블랙),64000,44800,258,https://www.musinsa.com/app/goods/3451118?loc=goods_rank
스커트,92,NFK94SK05,NOIR,Woo skirt,89000,44500,90,https://www.musinsa.com/app/goods/1202891?loc=goods_rank
스커트,93,MWAKS502-CG,MUSINSA STANDARD,우먼즈 플리츠 미디 스커트 [차콜 그레이],"
                                                                                                                                                43900",43900,1965,https://www.musinsa.com/app/goods/2117254?loc=goods_rank
스커트,94,MWBNK301-LI,MUSINSA STANDARD,우먼즈 프론트 슬릿 데님 롱 스커트 [라이트 인디고],"
                                                                                                                                                43900",43900,2244,https://www.musinsa.com/app/goods/2448900?loc=goods_rank
스커트,95,MWBKS705-BK,MUSINSA STANDARD,우먼즈 맥시 스커트 [블랙],"
                                                                                                                                                43900",43900,2118,https://www.musinsa.com/app/goods/2792603?loc=goods_rank
스커트,96,22SS03,AVANDRESS,Unbalanced Long Denim Skirt BLACK,58000,43500,7033,https://www.musinsa.com/app/goods/2391576?loc=goods_rank
스커트,97,10701,PHILOGRAM,카터블루 데님 스커트,67000,40200,472,https://www.musinsa.com/app/goods/2064601?loc=goods_rank
스커트,98,MWAKS503-BK,MUSINSA STANDARD,우먼즈 비건 레더 미니 스커트 [블랙],"
                                                                                                                                                39900",39900,5775,https://www.musinsa.com/app/goods/2111542?loc=goods_rank
스커트,99,32505,HIDE,H 07 플레어 밴드 스커트 _ 네이비,"
                                                                                                                                                40000",40000,654,https://www.musinsa.com/app/goods/2129058?loc=goods_rank
스커트,100,R1MMR22W,MMGL,WRAP SKIRT (BEIGE),149000,149000,60,https://www.musinsa.com/app/goods/3073818?loc=goods_rank
