﻿카테고리,순위,품번,브랜드명,상품명(한글),판매가,비회원가,좋아요 수,URL
액세서리,1,MIBE0005,MUSINSA STANDARD,사피아노 신세틱 레더 벨트,"
                                                                                                                                                15900",15900,82781,https://www.musinsa.com/app/goods/1220731?loc=goods_rank
액세서리,2,DF22SS707,DOFFJASON,미니멀 스퀘어 하드레더 벨트,43000,29800,36329,https://www.musinsa.com/app/goods/1961481?loc=goods_rank
액세서리,3,411924KGDHN4075SS23,GUCCI,남성 GG 수프림 벨트 - GG 슈프림,806000,517000,17,https://www.musinsa.com/app/goods/3193726?loc=goods_rank
액세서리,4,130004,GIORDANO,130004 베이직 레더 벨트,19800,17800,8831,https://www.musinsa.com/app/goods/1648533?loc=goods_rank
액세서리,5,JU06243WA0007S361FW22,MAISON KITSUNE,공용 그라디언트 프린지 로고 패치 머플러 - 카키 블랙 스트라이프,355000,220000,1010,https://www.musinsa.com/app/goods/3018315?loc=goods_rank
액세서리,6,MIBE0001,MUSINSA STANDARD,레더 드레스 벨트,29900,26890,5155,https://www.musinsa.com/app/goods/1031294?loc=goods_rank
액세서리,7,DCSC3F455BK,DAKS WOMENS ACCESSORIES,[SILK100]블랙 DD 롱 스키니 실크스카프 DCSC3E455BK,128000,108800,28,https://www.musinsa.com/app/goods/3175514?loc=goods_rank
액세서리,8,MIBE0021,MUSINSA STANDARD,우먼즈 베이식 이탈리안 레더 벨트,29900,26890,10688,https://www.musinsa.com/app/goods/1243054?loc=goods_rank
액세서리,9,979939,THOMASMORE,ac0103 마네 벨트 -브라운,"
                                                                                                                                                35000",35000,1348,https://www.musinsa.com/app/goods/2305801?loc=goods_rank
액세서리,10,G23RACC01WT,GANISONG,브라이덜 로즈 블루밍 숏 베일_화이트,"
                                                                                                                                                84000",84000,20,https://www.musinsa.com/app/goods/3215243?loc=goods_rank
액세서리,11,YHACDB001BK,YOUHEE,DELLI KEYRING BLACK,42000,37800,3241,https://www.musinsa.com/app/goods/3316025?loc=goods_rank
액세서리,12,DF22SS7012,DOFFJASON,미니멀 하드레더 벨트,43000,34000,4097,https://www.musinsa.com/app/goods/1982675?loc=goods_rank
액세서리,13,MITI0004-NA,MUSINSA STANDARD,솔리드 니트 타이 [네이비],"
                                                                                                                                                19900",19900,1176,https://www.musinsa.com/app/goods/1010304?loc=goods_rank
액세서리,14,DF22SS705,DOFFJASON,심플 웨스턴 하드레더 벨트,43000,29800,13163,https://www.musinsa.com/app/goods/2086104?loc=goods_rank
액세서리,15,BT-002,SIGNATURE,꽈배기 벨트[브라운],39900,29900,99,https://www.musinsa.com/app/goods/3510924?loc=goods_rank
액세서리,16,682837,ARCTERYX,컨베이어 벨트 32mm,"
                                                                                                                                                60000",60000,152,https://www.musinsa.com/app/goods/3366258?loc=goods_rank
액세서리,17,T0AAX22721BKX,247SERIES,울 슬림 타이 BLACK,"
                                                                                                                                                49000",49000,426,https://www.musinsa.com/app/goods/2944440?loc=goods_rank
액세서리,18,HLMFCD001GR,HIGHLAND DELI AND GROCERY,Highland Jacquard Muffler Green,68000,68000,610,https://www.musinsa.com/app/goods/2809876?loc=goods_rank
액세서리,19,DF22SS7022,DOFFJASON,아메리칸 하드레더 벨트 (브라운),52000,39000,1817,https://www.musinsa.com/app/goods/2086098?loc=goods_rank
액세서리,20,m1037_1062073,HAS,HE022 Has Blue bunny keyring,41000,38900,2829,https://www.musinsa.com/app/goods/3358132?loc=goods_rank
액세서리,21,8809707403075,LOVE CHARM,[Heart Charm],"
                                                                                                                                                19000",19000,2211,https://www.musinsa.com/app/goods/3228968?loc=goods_rank
액세서리,22,00315,RUNDS,리플렉트 라이터 와이어 키링 (3color),"
                                                                                                                                                37000",37000,768,https://www.musinsa.com/app/goods/956595?loc=goods_rank
액세서리,23,CT22101_BLACK,SMOKERISE,Smoke Rise X 9S1R WEBBING BELT,39000,31200,63,https://www.musinsa.com/app/goods/2757060?loc=goods_rank
액세서리,24,NG2DFUAB67AMX,NICEGHOSTCLUB,버니 베어 돌 키 체인_믹스(NG2DFUAB67A),39000,31200,2160,https://www.musinsa.com/app/goods/3511732?loc=goods_rank
액세서리,25,52BHFWAMF01BI00F,OIOI,FIVETWO VINTAGE LABEL CHECK MUFFLER [BRICK],59000,29500,409,https://www.musinsa.com/app/goods/2850329?loc=goods_rank
액세서리,26,MMBBE101,MUSINSA STANDARD,이탈리안 레더 웨스턴 벨트,33900,28790,2341,https://www.musinsa.com/app/goods/2559402?loc=goods_rank
액세서리,27,23FW/01,BECOLLECTOR,Collect Daily Leather Belt,25000,22500,709,https://www.musinsa.com/app/goods/3459586?loc=goods_rank
액세서리,28,TAS-EABT01,TOFFEE,이지 아미 벨트 (BLACK),22000,21000,4168,https://www.musinsa.com/app/goods/1467716?loc=goods_rank
액세서리,29,P0000BBA,BUTTON SEOUL,미니멀 스퀘어 스틸레더 벨트(소가죽),22000,16800,163,https://www.musinsa.com/app/goods/3104970?loc=goods_rank
액세서리,30,NG2BFUAB96AGN,NICEGHOSTCLUB,레빗 OR 베어 글로우 키링_그린(NG2BFUAB96A),15000,13500,1078,https://www.musinsa.com/app/goods/2089080?loc=goods_rank
액세서리,31,PGBE0001,PAPERISM,엘라스틱 웨빙 벨트,19900,12890,515,https://www.musinsa.com/app/goods/597486?loc=goods_rank
액세서리,32,scar20210019,SCARFLOW,남녀공용 캐시미어 머플러 블루,"
                                                                                                                                                12800",12800,268,https://www.musinsa.com/app/goods/2239185?loc=goods_rank
액세서리,33,N2,PEPPERSEASONING,팬츠체인 UNISEX BOLD CHAIN,15900,12500,879,https://www.musinsa.com/app/goods/691359?loc=goods_rank
액세서리,34,1033520,KANEITEI,톱니고리 스트랩 (오렌지),"
                                                                                                                                                12000",12000,85,https://www.musinsa.com/app/goods/2576347?loc=goods_rank
액세서리,35,SNTRZ16NSG,STCO,멜란지 그레이 타이 (그레이),39900,39900,61,https://www.musinsa.com/app/goods/3088872?loc=goods_rank
액세서리,36,SNTRZ68NSN,STCO,큐빅 포인트 ZIP타이 (네이비),39900,39900,16,https://www.musinsa.com/app/goods/3088914?loc=goods_rank
액세서리,37,SNTSZ05NSG,STCO,큐빅 원포인트 솔리드 넥타이 (그레이),39900,39900,14,https://www.musinsa.com/app/goods/3088956?loc=goods_rank
액세서리,38,NA5AP11F,THE NORTH FACE,NA5AP11F TNF 키 홀더,13000,11700,143,https://www.musinsa.com/app/goods/3228880?loc=goods_rank
액세서리,39,21WT_41,OIOI,PATCH KNIT GLOVES [GREY],29000,11600,340,https://www.musinsa.com/app/goods/2147186?loc=goods_rank
액세서리,40,MITI0001-BK,MUSINSA STANDARD,실크 솔리드 타이 [블랙],"
                                                                                                                                                23900",23900,6105,https://www.musinsa.com/app/goods/1010295?loc=goods_rank
액세서리,41,293782WE15,8SECONDS,[리얼레더] 20mm 웨스턴 슬림 벨트  블랙 (293782WE15),"
                                                                                                                                                29900",29900,12419,https://www.musinsa.com/app/goods/1762873?loc=goods_rank
액세서리,42,IM2J2AC02BK,INSILENCE,미니멀 레더 벨트 BLACK,36000,32000,13626,https://www.musinsa.com/app/goods/1144382?loc=goods_rank
액세서리,43,MTK223AC002W0BB,MATIN KIM,WESTERN STYLE BELT IN BLACK,"
                                                                                                                                                58000",58000,3934,https://www.musinsa.com/app/goods/2357572?loc=goods_rank
액세서리,44,PCD0MTI601DN,POTTERY,Slim Tie Superior Wool 100s Washable Gabardine Cloth (Dark Navy),"
                                                                                                                                                129000",129000,260,https://www.musinsa.com/app/goods/3043308?loc=goods_rank
액세서리,45,MMJBE011,MUSINSA STANDARD,사피아노 레더 벨트,26900,24190,9111,https://www.musinsa.com/app/goods/1640887?loc=goods_rank
액세서리,46,2021AW-1-NRLGB-1,REORG,NUE REORG LOGO BELT BLACK,"
                                                                                                                                                24000",24000,17421,https://www.musinsa.com/app/goods/2073191?loc=goods_rank
액세서리,47,CA0084AYSSS23,ACNE STUDIOS,공용 체크 머플러 - 화이트:베이지,450000,338000,155,https://www.musinsa.com/app/goods/3189162?loc=goods_rank
액세서리,48,MMJBE010,MUSINSA STANDARD,스퀘어 이탈리안 레더 벨트,33900,30490,5374,https://www.musinsa.com/app/goods/1548409?loc=goods_rank
액세서리,49,BT002,SIGNATURE,베이직 웨스턴 레더 벨트,39900,29900,3143,https://www.musinsa.com/app/goods/3095989?loc=goods_rank
액세서리,50,8052781SS22,BURBERRY,남성 빈티지체크 리버시블 벨트 - 아카이브 베이지,680000,266000,76,https://www.musinsa.com/app/goods/3196858?loc=goods_rank
액세서리,51,538,ALMOSTBLUE,블러쉬 체크 머플러,39000,28800,20965,https://www.musinsa.com/app/goods/2177448?loc=goods_rank
액세서리,52,LAMINEZ01,LAMINEZ,20mm 베이직 레더 벨트 - 2 color (Gold),29000,26100,3596,https://www.musinsa.com/app/goods/2211342?loc=goods_rank
액세서리,53,21FW-TS011,TLEYOUNG,TY 스탠다드 타이_Black,25000,23750,1297,https://www.musinsa.com/app/goods/3022304?loc=goods_rank
액세서리,54,MAPOBLT0F320069-200,POLO RALPH LAUREN,브레이드 카프스킨 벨트 - 브라운,"
                                                                                                                                                199000",199000,231,https://www.musinsa.com/app/goods/2486367?loc=goods_rank
액세서리,55,MNPONKW39O20487-410,POLO RALPH LAUREN,스트라이프 클럽 실크 타이 - 네이비,"
                                                                                                                                                199000",199000,105,https://www.musinsa.com/app/goods/3249635?loc=goods_rank
액세서리,56,608783VO0BG8803SS23,BOTTEGA VENETA,공용 인트레치아토 나파 키링 - 블랙,350000,198000,397,https://www.musinsa.com/app/goods/3199653?loc=goods_rank
액세서리,57,IM2J4BT01BK,INSILENCE,미니멀 웨스턴 벨트 BLACK,54000,48000,3647,https://www.musinsa.com/app/goods/1581922?loc=goods_rank
액세서리,58,MITI0004-BK,MUSINSA STANDARD,솔리드 니트 타이 [블랙],"
                                                                                                                                                19900",19900,1815,https://www.musinsa.com/app/goods/1010303?loc=goods_rank
액세서리,59,PD02GD8902GN,PHYSICAL EDUCATION DEPARTMENT,PHYPS® X MINGYES MOSS KEY RING,"
                                                                                                                                                18900",18900,2077,https://www.musinsa.com/app/goods/3048605?loc=goods_rank
액세서리,60,LRAC3202BKO,LEATHERY,[레더리X바스켓12] 샤이 캣 키링 [BLACK],20000,17900,3861,https://www.musinsa.com/app/goods/3266804?loc=goods_rank
액세서리,61,134600,GIORDANO,134600 리버서블 래더 벨트_4color,19800,17800,2227,https://www.musinsa.com/app/goods/1695746?loc=goods_rank
액세서리,62,FK3AC03BKF,FENNEC,KNIT TIMI MUFFLER_ver.4 - BLACK,33000,33000,410,https://www.musinsa.com/app/goods/2172180?loc=goods_rank
액세서리,63,DF22SS7017,DOFFJASON,미니멀 스퀘어 더블스틸 하드레더 벨트,52000,39000,1948,https://www.musinsa.com/app/goods/2086096?loc=goods_rank
액세서리,64,GSA-62,GRIPSWANY,FP 핸드 워머,"
                                                                                                                                                39000",39000,10,https://www.musinsa.com/app/goods/3174193?loc=goods_rank
액세서리,65,5002917562,LMR,SSANGNYOUNGEE KEY RING BLACK,"
                                                                                                                                                35000",35000,6641,https://www.musinsa.com/app/goods/3296962?loc=goods_rank
액세서리,66,MAPOHGS0J320512-600,POLO RALPH LAUREN,도그 임브로이더 리브 니트 울 블렌드 스카프 - 레드,"
                                                                                                                                                139000",139000,97,https://www.musinsa.com/app/goods/2924775?loc=goods_rank
액세서리,67,DF22SS706,DOFFJASON,심플 웨스턴 하드레더 벨트 (다크브라운),43000,34000,1871,https://www.musinsa.com/app/goods/2086103?loc=goods_rank
액세서리,68,MIBE0008,MUSINSA STANDARD,퀵 릴리즈 웨빙 벨트,15900,14290,12298,https://www.musinsa.com/app/goods/1225000?loc=goods_rank
액세서리,69,110,SAVAGE,110 Leather Belt - Black,"
                                                                                                                                                128000",128000,4320,https://www.musinsa.com/app/goods/1110678?loc=goods_rank
액세서리,70,120,SAVAGE,120 Leather Belt - Black,"
                                                                                                                                                128000",128000,532,https://www.musinsa.com/app/goods/1110704?loc=goods_rank
액세서리,71,DCSC3F830E3,DAKS WOMENS ACCESSORIES,[SILK100]다크 그린 DD 패턴 마름모 실크스카프 DCSC3F830E3,138000,124200,19,https://www.musinsa.com/app/goods/3459212?loc=goods_rank
액세서리,72,noc135,NOCLE,Tessel Charm Blue,38000,30400,1418,https://www.musinsa.com/app/goods/3079556?loc=goods_rank
액세서리,73,539,ALMOSTBLUE,플레인 체크 머플러,39000,28800,5554,https://www.musinsa.com/app/goods/2185549?loc=goods_rank
액세서리,74,PS23_50425282_001,BOSS,실버 버클 가죽 벨트 50425282_001,130000,104000,99,https://www.musinsa.com/app/goods/2949454?loc=goods_rank
액세서리,75,23FW,TLEYOUNG,뉴커머 베이직 타이_Black,27000,25650,205,https://www.musinsa.com/app/goods/3431912?loc=goods_rank
액세서리,76,1000,SAVAGE,191 Leather Belt - Black (Crocodile-Embossed),"
                                                                                                                                                98000",98000,79,https://www.musinsa.com/app/goods/1986487?loc=goods_rank
액세서리,77,MMBBE109,MUSINSA STANDARD,베이식 이탈리안 레더 벨트,29900,23890,2097,https://www.musinsa.com/app/goods/2584859?loc=goods_rank
액세서리,78,LCCSAABT24010,LCDC TM,EYELET LEATHER BELT,99000,89100,129,https://www.musinsa.com/app/goods/3197582?loc=goods_rank
액세서리,79,DF22SS7025,DOFFJASON,프리미엄 심플 웨스턴 하드레더 벨트,105000,89000,447,https://www.musinsa.com/app/goods/2541604?loc=goods_rank
액세서리,80,JAHO3F630W2,JILLSTUART ACC,[로젤라 칠링] 로젤라 지퍼돌이 브라운 패턴 가죽 키홀더,98000,88200,2,https://www.musinsa.com/app/goods/3432439?loc=goods_rank
액세서리,81,MK229NAC015M0IV,MATIN KIM,LETTERING KNIT MUFFLER IN IVORY,"
                                                                                                                                                88000",88000,2244,https://www.musinsa.com/app/goods/2890525?loc=goods_rank
액세서리,82,BCSSIFAC10BR,INSTANTFUNK,와이드 레더 벨트 - 브라운,"
                                                                                                                                                87000",87000,161,https://www.musinsa.com/app/goods/3135387?loc=goods_rank
액세서리,83,CMF001,247 SEOUL,247 CASHMERE MUFFLER [6 COLORS],"
                                                                                                                                                79800",79800,6067,https://www.musinsa.com/app/goods/652363?loc=goods_rank
액세서리,84,MMBBE203,MUSINSA STANDARD,사피아노 신세틱 레더 웨스턴 벨트,22900,19390,922,https://www.musinsa.com/app/goods/2584860?loc=goods_rank
액세서리,85,W_HW_BL,KOLEAT,데일리 니트 기모 핸드워머 [BLACK] 가을 겨울 장갑 ver.,24000,19200,6079,https://www.musinsa.com/app/goods/2839640?loc=goods_rank
액세서리,86,11407150,JBANS CLASSIC,소프트 울터치 무지 숏 미니 니트머플러3 (C2104-AM095_BK),23000,16100,2293,https://www.musinsa.com/app/goods/2193136?loc=goods_rank
액세서리,87,MU041BK,MISTICA,엘라스틱 웨빙 벨트 MU041BK,"
                                                                                                                                                15900",15900,90,https://www.musinsa.com/app/goods/3325928?loc=goods_rank
액세서리,88,MU038CSV,MISTICA,31mm 솔리드 스티치 비조 벨트 MU038CSV,"
                                                                                                                                                15900",15900,53,https://www.musinsa.com/app/goods/3361400?loc=goods_rank
액세서리,89,DJ23SSCBT003BRN,DOFFJASON,빈티지 하드레더 벨트 BROWN,79000,59000,1070,https://www.musinsa.com/app/goods/3070491?loc=goods_rank
액세서리,90,VC2333BT001M,VOCAVACA,Classic Italy Leather Belt VC2399BT001M,"
                                                                                                                                                59000",59000,288,https://www.musinsa.com/app/goods/3257741?loc=goods_rank
액세서리,91,DJ22SSCBT001BLB,DOFFJASON,소가죽 리버시블 하드레더 벨트 BLACK/BROWN,79000,59000,233,https://www.musinsa.com/app/goods/3262983?loc=goods_rank
액세서리,92,002-23-14,ANOTHERYOUTH,002-23 키링,"
                                                                                                                                                59000",59000,273,https://www.musinsa.com/app/goods/3371868?loc=goods_rank
액세서리,93,NA5IP50B,THE NORTH FACE,NA5IP50B 티볼 머플러,"
                                                                                                                                                59000",59000,50,https://www.musinsa.com/app/goods/3553697?loc=goods_rank
액세서리,94,GB3FW-TNT015,GROVE,23FW LANCE MUFFLER [2COLOR],64000,57600,43,https://www.musinsa.com/app/goods/3535547?loc=goods_rank
액세서리,95,2301WACSC02,EAN JO,NARROW WRINKLE LONG SCARF IN SILK SATIN (BLACK),"
                                                                                                                                                56000",56000,326,https://www.musinsa.com/app/goods/3098583?loc=goods_rank
액세서리,96,DXBE2E311IV,DOUBLE FLAG,아이보리 남성 베이직 로고 소가죽 벨트 DXBE2E311IV,119000,53550,14,https://www.musinsa.com/app/goods/2717346?loc=goods_rank
액세서리,97,OYBCF1AC087BK,OY,SYMBOL LOGO BELT-BLACK,"
                                                                                                                                                53000",53000,66,https://www.musinsa.com/app/goods/3460027?loc=goods_rank
액세서리,98,VOL20146PARISPINKFW22,HOUSE OF SUNNY,공용 컬러 띠어리 머플러 - 파리스 핑크,92000,50000,839,https://www.musinsa.com/app/goods/3167648?loc=goods_rank
액세서리,99,VOL20149MULTIFW22,HOUSE OF SUNNY,공용 런던 체크 머플러 - 멀티,92000,50000,459,https://www.musinsa.com/app/goods/3167651?loc=goods_rank
액세서리,100,WGHCX24110WHX,WAAC,여성 연습용 3PACK_WGHCX24110WHX,"
                                                                                                                                                50000",50000,4,https://www.musinsa.com/app/goods/3556647?loc=goods_rank
