﻿카테고리,순위,품번,브랜드명,상품명(한글),판매가,비회원가,좋아요 수,URL
컬쳐,1,13956905,NEW ERA,뉴에라 FW 마스코트 팔로 X 발란사 피규어 13956905,"
                                                                                                                                                16000",16000,10,https://www.musinsa.com/app/goods/3574319?loc=goods_rank
컬쳐,2,1,ZANDARI FESTA,잔다리 페스타 2일권 - 10.6 ~ 10.7,132000,99000,24,https://www.musinsa.com/app/goods/3494424?loc=goods_rank
컬쳐,3,PM20FAC011PP,THISISNEVERTHAT,PKM Penteom Plush Purple,29000,14500,914,https://www.musinsa.com/app/goods/1726915?loc=goods_rank
컬쳐,4,fulab_2135-3,FUTURE LAB,Future Pen Custom Package (PERMANENT/10mm),"
                                                                                                                                                38000",38000,140,https://www.musinsa.com/app/goods/2822078?loc=goods_rank
컬쳐,5,그라운드시소 센트럴_이경준,GROUNDSEESAW,이경준 사진전: 원 스텝 어웨이,15000,9000,99,https://www.musinsa.com/app/goods/3545589?loc=goods_rank
컬쳐,6,U2ECU3309WH,UFC SPORT,UFC X 나무13 한강 포스터 화이트 U2ECU3309WH,13000,12350,7,https://www.musinsa.com/app/goods/3561312?loc=goods_rank
컬쳐,7,U2ECU3308RE,UFC SPORT,UFC X 나무13 짐 포스터 레드 U2ECU3308RE,13000,12350,13,https://www.musinsa.com/app/goods/3561315?loc=goods_rank
컬쳐,8,U2ECU3307BL,UFC SPORT,UFC X 나무13 루트66 포스터 블루 U2ECU3307BL,13000,12350,4,https://www.musinsa.com/app/goods/3561316?loc=goods_rank
컬쳐,9,F100,HEXGUITARS,어쿠스틱기타 HIVE 시리즈 F100,"
                                                                                                                                                202030",202030,191,https://www.musinsa.com/app/goods/1444175?loc=goods_rank
컬쳐,10,poster1,PHYSICAL EDUCATION DEPARTMENT,PHYS.ED.DEPT® FOREST KEEPER BEAR POSTER,109000,109000,74,https://www.musinsa.com/app/goods/1790039?loc=goods_rank
컬쳐,11,poster3,PHYSICAL EDUCATION DEPARTMENT,PHYS.ED.DEPT® FOOTBALL ART GALLERY POSTER,109000,109000,36,https://www.musinsa.com/app/goods/1790041?loc=goods_rank
컬쳐,12,6208419,DOIY,살면서 한번은 가볼만한 축제 50 포스터,"
                                                                                                                                                32000",32000,24,https://www.musinsa.com/app/goods/1930593?loc=goods_rank
컬쳐,13,Posterzine_0047,PARC EDITIONS,POSTERZINE #47 Leif Podhajsky,"
                                                                                                                                                28000",28000,21,https://www.musinsa.com/app/goods/2022466?loc=goods_rank
컬쳐,14,8822202105006,BALLOON FRIENDS,BFMA A3 포스터 - 레드마인드,8500,6800,116,https://www.musinsa.com/app/goods/2040083?loc=goods_rank
컬쳐,15,8822202105008,BALLOON FRIENDS,BFMA A3 포스터 - 옐로우 어나덜레벨,8500,6800,49,https://www.musinsa.com/app/goods/2040085?loc=goods_rank
컬쳐,16,8822202105014,BALLOON FRIENDS,BFMA A3 포스터 - 플라워티라노,8500,6800,34,https://www.musinsa.com/app/goods/2040091?loc=goods_rank
컬쳐,17,8822202105015,BALLOON FRIENDS,BFMA A3 포스터 - 플리징,8500,6800,25,https://www.musinsa.com/app/goods/2040092?loc=goods_rank
컬쳐,18,BB170S,HEXGUITARS,슈퍼미니 통기타 BUMBLEBEE  BB170S,"
                                                                                                                                                213198",213198,11,https://www.musinsa.com/app/goods/2102555?loc=goods_rank
컬쳐,19,P300SB,HEXGUITARS,어쿠스틱 팔러 기타 P300SB (Sunburst),"
                                                                                                                                                279188",279188,4,https://www.musinsa.com/app/goods/2150758?loc=goods_rank
컬쳐,20,P00000FI,FLICT,포에버 얼론 유광 포스터(A2 Size),"
                                                                                                                                                12000",12000,513,https://www.musinsa.com/app/goods/2183628?loc=goods_rank
컬쳐,21,E100 S/SG,HEXGUITARS,입문용 일렉 기타 E100 S/SG,"
                                                                                                                                                289340",289340,270,https://www.musinsa.com/app/goods/2189168?loc=goods_rank
컬쳐,22,GA120C,HEXGUITARS,어쿠스틱기타 HIVE 시리즈 GA120C,"
                                                                                                                                                213198",213198,36,https://www.musinsa.com/app/goods/2227279?loc=goods_rank
컬쳐,23,5711542190016,LUCIEKAAS,코케시돌_코코 샤넬_라지,"
                                                                                                                                                169000",169000,16,https://www.musinsa.com/app/goods/2262520?loc=goods_rank
컬쳐,24,P00000GT,FLICT,마이 아쿠아리움 유광 포스터(A2 Size),"
                                                                                                                                                12000",12000,1023,https://www.musinsa.com/app/goods/2329231?loc=goods_rank
컬쳐,25,22S05_AC_HH_YE,BIGWAVE COLLECTIVE,OGLS HAPPY HOLDER (YELLOW,18000,10800,156,https://www.musinsa.com/app/goods/2594888?loc=goods_rank
컬쳐,26,YC6GD2014BK,YALE,YALE X GIROK-MANSION POSTER 4,9900,8910,308,https://www.musinsa.com/app/goods/2663681?loc=goods_rank
컬쳐,27,E300 S/BK,HEXGUITARS,일렉 기타 E300 S/BK 블랙 스트라토캐스터,"
                                                                                                                                                370558",370558,108,https://www.musinsa.com/app/goods/2680251?loc=goods_rank
컬쳐,28,E300 S/SF,HEXGUITARS,일렉 기타 E300 S/SF 사파리그린 스트라토캐스터,"
                                                                                                                                                370558",370558,114,https://www.musinsa.com/app/goods/2680321?loc=goods_rank
컬쳐,29,YC4GD0401GR,YALE,UNIVERSITY DAN DOLL,45000,40500,131,https://www.musinsa.com/app/goods/2697542?loc=goods_rank
컬쳐,30,fulab_2135-2,FUTURE LAB,Future Pen Custom Package (10mm),"
                                                                                                                                                38000",38000,68,https://www.musinsa.com/app/goods/2810811?loc=goods_rank
컬쳐,31,SSLGXX122E2,SPADE CLUB SEOUL,SCS Leaf Close Up Poster 리프 클로즈 업 포스터 SSLGXX122E2,20000,17000,51,https://www.musinsa.com/app/goods/2867987?loc=goods_rank
컬쳐,32,T200 SG/TBK,HEXGUITARS,T200 SG/TBK 입문용 텔레캐스터,"
                                                                                                                                                314725",314725,30,https://www.musinsa.com/app/goods/2868931?loc=goods_rank
컬쳐,33,0LM22FAC103YLW,LMC,LMC X PLASTIC ARK FLOWERPOT yellow,"
                                                                                                                                                48000",48000,401,https://www.musinsa.com/app/goods/2884506?loc=goods_rank
컬쳐,34,0LM22FAC103PNK,LMC,LMC X PLASTIC ARK FLOWERPOT pink,"
                                                                                                                                                48000",48000,378,https://www.musinsa.com/app/goods/2884508?loc=goods_rank
컬쳐,35,PB443,PRINT BAKERY,[장 폴 아고스티] 헤르메스의 지팡이,"
                                                                                                                                                2800000",2800000,20,https://www.musinsa.com/app/goods/2924236?loc=goods_rank
컬쳐,36,ARTKYYI0002,PRINT BAKERY,[쿠사마 야요이] Ornament - Red pumpkin,"
                                                                                                                                                620000",620000,79,https://www.musinsa.com/app/goods/2925543?loc=goods_rank
컬쳐,37,5000759534,TAMIYA,[95517] Hyundai i20 Coupe WRC (MA),"
                                                                                                                                                15600",15600,21,https://www.musinsa.com/app/goods/2940571?loc=goods_rank
컬쳐,38,ARTBGRT0023,PRINT BAKERY,[그레타프리든] Love,"
                                                                                                                                                150000",150000,160,https://www.musinsa.com/app/goods/2973440?loc=goods_rank
컬쳐,39,ARTBPSM0001,PRINT BAKERY,[박선민] 리보틀 고블렛잔 세트,"
                                                                                                                                                220000",220000,32,https://www.musinsa.com/app/goods/3001292?loc=goods_rank
컬쳐,40,JJ_Spheric Mickey Large,CCOC,제임스 자비스 Spheric Mickey Large (Edition of 25),"
                                                                                                                                                20000000",20000000,45,https://www.musinsa.com/app/goods/3034097?loc=goods_rank
컬쳐,41,NM35XX06M1WH,NOMANUAL,SYMBOL VASE - WHITE,"
                                                                                                                                                279000",279000,69,https://www.musinsa.com/app/goods/3047629?loc=goods_rank
컬쳐,42,NG2DSUAB67AMX,NICEGHOSTCLUB,크리스탈 걸 페이퍼 웨이트_믹스(NG2DSUAB67A),49000,44100,245,https://www.musinsa.com/app/goods/3051208?loc=goods_rank
컬쳐,43,P00000JE,FLICT,젬스톤 유광 포스터(A2 Size),"
                                                                                                                                                12000",12000,82,https://www.musinsa.com/app/goods/3073489?loc=goods_rank
컬쳐,44,3T-0239,3130STUDIO,90 이얼스 캣 포스터,"
                                                                                                                                                14900",14900,57,https://www.musinsa.com/app/goods/3094254?loc=goods_rank
컬쳐,45,0LM23SAC416NON,LMC,LMC X KAKAO friends Collab_Sticker,"
                                                                                                                                                5000",5000,99,https://www.musinsa.com/app/goods/3161283?loc=goods_rank
컬쳐,46,0LM23SAC412NON,LMC,LMC X KAKAO friends Collab_Silicone Accessories,"
                                                                                                                                                15000",15000,88,https://www.musinsa.com/app/goods/3161292?loc=goods_rank
컬쳐,47,PTGMA23SS,THE GREENCUP,23SS 매거진 5호(5th Issue) 어뮤즈틴트 부록증정,"
                                                                                                                                                14000",14000,17,https://www.musinsa.com/app/goods/3188542?loc=goods_rank
컬쳐,48,ap_well,GRAPE LAB,아트 포스터 훌륭해 조앤!,"
                                                                                                                                                16900",16900,10,https://www.musinsa.com/app/goods/3190602?loc=goods_rank
컬쳐,49,E100PLUS,HEXGUITARS,입문용 일렉기타 E100 PLUS,"
                                                                                                                                                314725",314725,236,https://www.musinsa.com/app/goods/3205936?loc=goods_rank
컬쳐,50,그라운드시소 서촌_문도 멘도,GROUNDSEESAW,문도 멘도 : 판타스틱 시티 라이프,"
                                                                                                                                                15000",15000,665,https://www.musinsa.com/app/goods/3275901?loc=goods_rank
컬쳐,51,DU23SW7004BK,DTHIRTYONE,Signalboy Dit Figure,19000,18050,90,https://www.musinsa.com/app/goods/3280646?loc=goods_rank
컬쳐,52,5003309251,USBEE,밤부 휴대용 독서대 2단,"
                                                                                                                                                19900",19900,25,https://www.musinsa.com/app/goods/3286773?loc=goods_rank
컬쳐,53,1,"RAOUL DUFY, La Mélodie du bonheu",[성인]더현대서울 프랑스국립현대미술관전,"
                                                                                                                                                20000",20000,193,https://www.musinsa.com/app/goods/3312526?loc=goods_rank
컬쳐,54,20230531,SNEAKERS UNBOXED SEOUL,스니커즈 언박스드 서울,"
                                                                                                                                                15000",15000,127,https://www.musinsa.com/app/goods/3317072?loc=goods_rank
컬쳐,55,B100M S/PPK,HEXGUITARS,B100 MS/PPK 메이플지판 베이스기타,"
                                                                                                                                                299495",299495,67,https://www.musinsa.com/app/goods/3325744?loc=goods_rank
컬쳐,56,B100M S/PBL,HEXGUITARS,B100 MS/PBL 메이플지판 베이스기타,"
                                                                                                                                                299495",299495,50,https://www.musinsa.com/app/goods/3325930?loc=goods_rank
컬쳐,57,5004939338,ASMODEE,잠만보 다이스게임 주사위 요트 포켓몬 파티 보드게임,"
                                                                                                                                                26400",26400,11,https://www.musinsa.com/app/goods/3381495?loc=goods_rank
컬쳐,58,5005003807,BELLYGOM,빅 벨리곰 스탠딩 인형,"
                                                                                                                                                72000",72000,41,https://www.musinsa.com/app/goods/3386307?loc=goods_rank
컬쳐,59,H100,HEXGUITARS,일렉기타 H100,"
                                                                                                                                                289340",289340,94,https://www.musinsa.com/app/goods/3408782?loc=goods_rank
컬쳐,60,0LM23FAC111NON,LMC,STICKER PACK none,"
                                                                                                                                                13000",13000,263,https://www.musinsa.com/app/goods/3432187?loc=goods_rank
컬쳐,61,그라운드시소 성수_스티키,GROUNDSEESAW,[얼리버드]스티키몬스터랩: 스틸 라이프,15000,9000,169,https://www.musinsa.com/app/goods/3440114?loc=goods_rank
컬쳐,62,none,THE COLOR RUN,[2차 티켓] 2023 THE COLOR RUN,"
                                                                                                                                                80000",80000,201,https://www.musinsa.com/app/goods/3452343?loc=goods_rank
컬쳐,63,SKZZFLIP5ED,SLBS,갤럭시 Z 플립5 스트레이 키즈 에디션,"
                                                                                                                                                1669000",1669000,53,https://www.musinsa.com/app/goods/3455934?loc=goods_rank
컬쳐,64,SKZBUDS2PROED,SLBS,갤럭시 버즈2 프로 스트레이 키즈 에디션,"
                                                                                                                                                299000",299000,96,https://www.musinsa.com/app/goods/3455935?loc=goods_rank
컬쳐,65,PWIKR450467,WIGGLE WIGGLE,일회용 카메라,36000,32800,205,https://www.musinsa.com/app/goods/3458693?loc=goods_rank
컬쳐,66,11070473,사바이사바이,유럽시리즈 아트 포스터 [A3/물결/윤슬] 스위스 툰 호수(가로형),"
                                                                                                                                                20900",20900,198,https://www.musinsa.com/app/goods/3462588?loc=goods_rank
컬쳐,67,11070492,사바이사바이,유럽시리즈 아트 포스터 [A4/마켓] 오페라마켓 꽃다발,"
                                                                                                                                                7900",7900,19,https://www.musinsa.com/app/goods/3462607?loc=goods_rank
컬쳐,68,1,ZANDARI FESTA,잔다리 페스타 1일권 - 10.6,"
                                                                                                                                                66000",66000,48,https://www.musinsa.com/app/goods/3494413?loc=goods_rank
컬쳐,69,1,ZANDARI FESTA,잔다리 페스타 1일권 - 10.7,"
                                                                                                                                                66000",66000,29,https://www.musinsa.com/app/goods/3494421?loc=goods_rank
컬쳐,70,8809946770501,MR.DONOTHING,두낫띵 랜덤 피규어 - Neighborhood series01 (Random),"
                                                                                                                                                16000",16000,32,https://www.musinsa.com/app/goods/3511613?loc=goods_rank
컬쳐,71,B100R S/BK,HEXGUITARS,B100 RS/BK 로즈우드지판 베이스기타,"
                                                                                                                                                299495",299495,29,https://www.musinsa.com/app/goods/3512905?loc=goods_rank
컬쳐,72,5005795875,DEDERIT,벌크업 근육 복근 사자 곰 쿠션  대형 인형,"
                                                                                                                                                24500",24500,14,https://www.musinsa.com/app/goods/3544030?loc=goods_rank
컬쳐,73,LD06GD5217MT,LARRY CLARK,WASSUP ROCKERS SKATE BOYS POSTER,"
                                                                                                                                                25000",25000,6,https://www.musinsa.com/app/goods/3556411?loc=goods_rank
컬쳐,74,U2ECU3306BK,UFC SPORT,UFC X 나무13 라스베가스 포스터 블랙 U2ECU3306BK,13000,12350,9,https://www.musinsa.com/app/goods/3561320?loc=goods_rank
컬쳐,75,8809905895788,BALLOON FRIENDS,더 그레잇 이스케이프,"
                                                                                                                                                11500",11500,,https://www.musinsa.com/app/goods/3573181?loc=goods_rank
컬쳐,76,8809905895948,BALLOON FRIENDS,WTF 정사각 포스터,"
                                                                                                                                                7500",7500,1,https://www.musinsa.com/app/goods/3573299?loc=goods_rank
컬쳐,77,8809905895856,BALLOON FRIENDS,드라마티스 페르소나이 정사각 포스터,"
                                                                                                                                                7500",7500,1,https://www.musinsa.com/app/goods/3573282?loc=goods_rank
컬쳐,78,8809905895849,BALLOON FRIENDS,런어웨이 정사각 포스터,"
                                                                                                                                                7500",7500,,https://www.musinsa.com/app/goods/3573270?loc=goods_rank
컬쳐,79,8809905895832,BALLOON FRIENDS,락 스피릿 정사각 포스터,"
                                                                                                                                                7500",7500,,https://www.musinsa.com/app/goods/3573261?loc=goods_rank
컬쳐,80,8809905895825,BALLOON FRIENDS,낫띵 이지 인 디스 월드 정사각 포스터,"
                                                                                                                                                7500",7500,,https://www.musinsa.com/app/goods/3573255?loc=goods_rank
컬쳐,81,8809905895818,BALLOON FRIENDS,낫띵 캔 스탑 어스  정사각 포스터,"
                                                                                                                                                7500",7500,1,https://www.musinsa.com/app/goods/3573247?loc=goods_rank
컬쳐,82,8809905895801,BALLOON FRIENDS,낫 루즈 스마일 정사각 포스터,"
                                                                                                                                                7500",7500,,https://www.musinsa.com/app/goods/3573241?loc=goods_rank
컬쳐,83,8809905895771,BALLOON FRIENDS,더 그레잇 이스케이프 A1 포스터,"
                                                                                                                                                43500",43500,,https://www.musinsa.com/app/goods/3573162?loc=goods_rank
컬쳐,84,8809905895757,BALLOON FRIENDS,"락 스피릿 A2, A3 포스터","
                                                                                                                                                11500",11500,,https://www.musinsa.com/app/goods/3573150?loc=goods_rank
컬쳐,85,8809905895740,BALLOON FRIENDS,락 스피릿 A1 포스터,"
                                                                                                                                                43500",43500,,https://www.musinsa.com/app/goods/3573131?loc=goods_rank
컬쳐,86,8809905895726,BALLOON FRIENDS,"어 피스 오브 케이크 A2, A3 포스터","
                                                                                                                                                11500",11500,,https://www.musinsa.com/app/goods/3573109?loc=goods_rank
컬쳐,87,8809905895719,BALLOON FRIENDS,어 피스 오브 케이크 A1 포스터,"
                                                                                                                                                43500",43500,,https://www.musinsa.com/app/goods/3573077?loc=goods_rank
컬쳐,88,8809905895696,BALLOON FRIENDS,"스윗 이즈 트루러브 A2, A3 포스터","
                                                                                                                                                11500",11500,,https://www.musinsa.com/app/goods/3573058?loc=goods_rank
컬쳐,89,8809905895689,BALLOON FRIENDS,스윗 이즈 트루러브 A1 포스터,"
                                                                                                                                                43500",43500,,https://www.musinsa.com/app/goods/3573045?loc=goods_rank
컬쳐,90,8809905895665,BALLOON FRIENDS,"옐로우 파라다이스 A2, A3 포스터","
                                                                                                                                                11500",11500,,https://www.musinsa.com/app/goods/3573026?loc=goods_rank
컬쳐,91,8809905895658,BALLOON FRIENDS,옐로우 파라다이스 A1 포스터,"
                                                                                                                                                43500",43500,1,https://www.musinsa.com/app/goods/3573012?loc=goods_rank
컬쳐,92,8809905895634,BALLOON FRIENDS,"낫씽 캔 스탑 어스 A2, A3 포스터","
                                                                                                                                                11500",11500,,https://www.musinsa.com/app/goods/3573002?loc=goods_rank
컬쳐,93,8809905895627,BALLOON FRIENDS,낫씽 캔 스탑 어스 A1 포스터,"
                                                                                                                                                43500",43500,,https://www.musinsa.com/app/goods/3572984?loc=goods_rank
컬쳐,94,8809905895603,BALLOON FRIENDS,"네버 포겟 투 스마일 A2, A3 포스터","
                                                                                                                                                11500",11500,,https://www.musinsa.com/app/goods/3572936?loc=goods_rank
컬쳐,95,8809905895597,BALLOON FRIENDS,네버 포겟 투 스마일 A1 포스터,"
                                                                                                                                                43500",43500,,https://www.musinsa.com/app/goods/3572921?loc=goods_rank
컬쳐,96,5004167070,KAKAO FRIENDS,춘식이는최고야 랜덤피규어ver.2,"
                                                                                                                                                12000",12000,2,https://www.musinsa.com/app/goods/3564452?loc=goods_rank
컬쳐,97,GT_ch_bs,GRAPE LAB,친환경 추석 선물세트 with 북스탠드 보름달 Deep 버전,"
                                                                                                                                                39000",39000,,https://www.musinsa.com/app/goods/3556152?loc=goods_rank
컬쳐,98,GT_ch_bs,GRAPE LAB,친환경 추석 선물세트 with 북스탠드 초승달 Lite 버전,"
                                                                                                                                                29000",29000,,https://www.musinsa.com/app/goods/3528120?loc=goods_rank
컬쳐,99,5005803363,DEDERIT,돼지 피그미 핑꿀이  봉제 인형,"
                                                                                                                                                22900",22900,10,https://www.musinsa.com/app/goods/3545845?loc=goods_rank
컬쳐,100,5005796201,DEDERIT,잠자는 오리 패브릭 애착 쿠션 인형,"
                                                                                                                                                21900",21900,20,https://www.musinsa.com/app/goods/3544090?loc=goods_rank
