﻿카테고리,순위,품번,브랜드명,상품명(한글),판매가,비회원가,좋아요 수,URL
양말레그웨어,1,T17Z010,IL-O-GONG-CHIL,[10PACK] 1507 모노 트라우져 하프 삭스 _ 스노우화이트/화이트/블랙,24000,14900,93028,https://www.musinsa.com/app/goods/998051?loc=goods_rank
양말레그웨어,2,MMASC101-WH,MUSINSA STANDARD,라이트웨이트 크루 삭스 7팩 [화이트],"
                                                                                                                                                19900",19900,85394,https://www.musinsa.com/app/goods/991339?loc=goods_rank
양말레그웨어,3,MMASC101-BK,MUSINSA STANDARD,라이트웨이트 크루 삭스 7팩 [블랙],"
                                                                                                                                                19900",19900,20476,https://www.musinsa.com/app/goods/991340?loc=goods_rank
양말레그웨어,4,MMASC203-WH/BK,MUSINSA STANDARD,라이트웨이트 크루 삭스 10팩 [화이트/블랙],27900,23690,21233,https://www.musinsa.com/app/goods/1986031?loc=goods_rank
양말레그웨어,5,T17Z005,IL-O-GONG-CHIL,[10PACK] 1507 엠보 트라우져 하프 삭스 _ 스노우 화이트/블랙,24000,12500,12934,https://www.musinsa.com/app/goods/1443937?loc=goods_rank
양말레그웨어,6,MMASC001-WH,MUSINSA STANDARD,크루 삭스 7팩 [화이트],22900,15990,16504,https://www.musinsa.com/app/goods/746158?loc=goods_rank
양말레그웨어,7,IJ0733,ADIDAS,미드컷 크루 삭스 3P - 화이트,22000,19900,739,https://www.musinsa.com/app/goods/3364214?loc=goods_rank
양말레그웨어,8,mono trouser 6p,IL-O-GONG-CHIL,[6PACK] 1507 모노 트라우져 삭스_ 스노우화이트/화이트/블랙 - 흘러내리지 않는 양말,19800,14900,38951,https://www.musinsa.com/app/goods/734085?loc=goods_rank
양말레그웨어,9,T17Z010,IL-O-GONG-CHIL,[10PACK] 1507 모노 트라우져 스니커즈 삭스 _  스노우 화이트/블랙,20000,13900,11621,https://www.musinsa.com/app/goods/991570?loc=goods_rank
양말레그웨어,10,FAKE-W4P,IL-O-GONG-CHIL,[10PACK] 1507 페이크 삭스(실리콘 처리) _ 스노우 화이트/블랙,22000,16900,20068,https://www.musinsa.com/app/goods/763821?loc=goods_rank
양말레그웨어,11,basic h_lip,IL-O-GONG-CHIL,[10PACK] 1507 베이직 트라우져 립삭스 _ 스노우 화이트/블랙,33000,16900,15332,https://www.musinsa.com/app/goods/1342874?loc=goods_rank
양말레그웨어,12,MMASC204-WH,MUSINSA STANDARD,라이트웨이트 미들 삭스 10팩 [화이트],27900,25090,3685,https://www.musinsa.com/app/goods/1996702?loc=goods_rank
양말레그웨어,13,5005210850,MIZUNO,쿠션 미드 5족,20900,17900,507,https://www.musinsa.com/app/goods/3414085?loc=goods_rank
양말레그웨어,14,MMASC203-WH,MUSINSA STANDARD,라이트웨이트 크루 삭스 10팩 [화이트],"
                                                                                                                                                27900",27900,9188,https://www.musinsa.com/app/goods/1986029?loc=goods_rank
양말레그웨어,15,T17Z010,IL-O-GONG-CHIL,[10PACK] 1507 스쿨팩 삭스 - 스노우화이트/화이트/블랙,33000,11500,7173,https://www.musinsa.com/app/goods/2832613?loc=goods_rank
양말레그웨어,16,T17Z010,IL-O-GONG-CHIL,[10PACK] 1507 스쿨팩 미니 삭스 - 스노우화이트/화이트/블랙,27800,9900,931,https://www.musinsa.com/app/goods/2832593?loc=goods_rank
양말레그웨어,17,GY23CHW001,GLOWNY,SHEER KNEE HIGH SOCKS (BLACK),28000,25200,53,https://www.musinsa.com/app/goods/3536114?loc=goods_rank
양말레그웨어,18,T17Z031,IL-O-GONG-CHIL,[5PACK] 1507 유니섹스 컬러 트라우져 삭스 - 컬러선택형,13900,9900,17220,https://www.musinsa.com/app/goods/1729576?loc=goods_rank
양말레그웨어,19,GD3576,ADIDAS,미드컷 크루 삭스 3P - 블랙:화이트,22000,15400,4364,https://www.musinsa.com/app/goods/1477846?loc=goods_rank
양말레그웨어,20,MMASC102-BK,MUSINSA STANDARD,라이트웨이트 미들 삭스 7팩 [블랙],19900,15890,3743,https://www.musinsa.com/app/goods/1094749?loc=goods_rank
양말레그웨어,21,MMASC206-PT,MUSINSA STANDARD,라이트웨이트 크루 삭스 마일드 컬러 팔레트 20팩,"
                                                                                                                                                46900",46900,6656,https://www.musinsa.com/app/goods/1974077?loc=goods_rank
양말레그웨어,22,MMASC306-CR,MUSINSA STANDARD,라이트웨이트 크루 삭스 5팩 [크림],14900,13390,1788,https://www.musinsa.com/app/goods/3009680?loc=goods_rank
양말레그웨어,23,MMASC102-WH,MUSINSA STANDARD,라이트웨이트 미들 삭스 7팩 [화이트],"
                                                                                                                                                19900",19900,31616,https://www.musinsa.com/app/goods/1094748?loc=goods_rank
양말레그웨어,24,MMASC101-MN,MUSINSA STANDARD,라이트웨이트 크루 삭스 7팩 [모노],"
                                                                                                                                                19900",19900,7630,https://www.musinsa.com/app/goods/991341?loc=goods_rank
양말레그웨어,25,T17Z010,IL-O-GONG-CHIL,[10PACK] 1507 모노 트라우져 쇼트 삭스 _ 화이트/블랙/스노우화이트,24000,12900,2500,https://www.musinsa.com/app/goods/2347097?loc=goods_rank
양말레그웨어,26,WINGLETSOCKS3PACK,ETERNALYOU,Winglet Socks_3 Pack,"
                                                                                                                                                25000",25000,4,https://www.musinsa.com/app/goods/3473559?loc=goods_rank
양말레그웨어,27,MMASC004-WH/BK,MUSINSA STANDARD,스케이트 삭스 7팩 [화이트/블랙],23900,21490,3716,https://www.musinsa.com/app/goods/1094834?loc=goods_rank
양말레그웨어,28,MMBSC107-WH/BK,MUSINSA STANDARD,라이트웨이트 직각 크루 삭스 7팩 [화이트/블랙],"
                                                                                                                                                20900",20900,359,https://www.musinsa.com/app/goods/2821591?loc=goods_rank
양말레그웨어,29,3043A093001,ASICS,그래픽 크루 삭스(3043A093001) 장목 스포츠 양말,21000,18900,4,https://www.musinsa.com/app/goods/3514841?loc=goods_rank
양말레그웨어,30,mono trouser 6p,IL-O-GONG-CHIL,[10PACK] 1507 수피마 코튼 히든 삭스 - 스노우화이트/블랙,24000,16900,253,https://www.musinsa.com/app/goods/2606036?loc=goods_rank
양말레그웨어,31,T17Z010,IL-O-GONG-CHIL,[6PACK] 1507 클래식 트라우져 삭스 _ 스노우 화이트,19800,13900,735,https://www.musinsa.com/app/goods/989082?loc=goods_rank
양말레그웨어,32,[2개세트][WOMEN/MEN]3LINEST3,ANGEL SOCKS,[2개세트][남자/여자]1104삼선파일양말,9800,6860,1463,https://www.musinsa.com/app/goods/105509?loc=goods_rank
양말레그웨어,33,KKRSASO504M,KIRSH,체리 로고 니삭스 [블랙],15000,13500,266,https://www.musinsa.com/app/goods/3004915?loc=goods_rank
양말레그웨어,34,NY4MP03J,THE NORTH FACE,NY4MP03J 화이트라벨 티엔에프 로고 삭스,12000,10800,62,https://www.musinsa.com/app/goods/3324075?loc=goods_rank
양말레그웨어,35,NY4HN52A,THE NORTH FACE,NY4HN52A 코튼 롱 삭스,15000,10500,77,https://www.musinsa.com/app/goods/2925045?loc=goods_rank
양말레그웨어,36,W657,SOCKSA,[2켤레]여자 스완 시스루 셔링 루즈삭스 레그 워머 거즈 긴 양말 니삭스 5색상,14200,9940,604,https://www.musinsa.com/app/goods/3388391?loc=goods_rank
양말레그웨어,37,UNBDAY18,UNBDAY,[5개 세트] 남자 줄무늬 패션 벗겨지지 않는 덧신,19800,9900,4,https://www.musinsa.com/app/goods/1018182?loc=goods_rank
양말레그웨어,38,color tabi socks,EMEM,(3pack) 컬러 타비 삭스,19900,8900,68,https://www.musinsa.com/app/goods/2663114?loc=goods_rank
양말레그웨어,39,MISC0001-BBG,MUSINSA STANDARD,쿨 풋 커버 4팩 [블랙/베이지/그레이],15900,7890,1218,https://www.musinsa.com/app/goods/1062063?loc=goods_rank
양말레그웨어,40,MWJSC001-WH,MUSINSA STANDARD,우먼즈 쿨 풋 커버 4팩 [화이트],15900,7090,1034,https://www.musinsa.com/app/goods/1387501?loc=goods_rank
양말레그웨어,41,LOEIL_W,LOEIL,베이직 코튼 니삭스 - 아이보리,8800,7000,340,https://www.musinsa.com/app/goods/3105582?loc=goods_rank
양말레그웨어,42,LOEIL_W,LOEIL,베이직 코튼 니삭스 - 블랙,8800,7000,636,https://www.musinsa.com/app/goods/3105584?loc=goods_rank
양말레그웨어,43,2030653,PUMA SOCKS,크레오라 쿼터삭스 5PACK [사이즈/컬러선택],14000,7900,497,https://www.musinsa.com/app/goods/1645632?loc=goods_rank
양말레그웨어,44,HD21FSS004,HDEX,메인로고 삭스 4컬러 5packs,35000,28000,1513,https://www.musinsa.com/app/goods/2959925?loc=goods_rank
양말레그웨어,45,T17Z010,IL-O-GONG-CHIL,[5PACK] 1507 모노 트라우져 하프 삭스 _ 스노우 화이트,12000,9900,6947,https://www.musinsa.com/app/goods/1346009?loc=goods_rank
양말레그웨어,46,S21489,ADIDAS,솔리드 크루 삭스 3P - 화이트:블랙,22000,15400,16590,https://www.musinsa.com/app/goods/479245?loc=goods_rank
양말레그웨어,47,MMJSC029-WH,MUSINSA STANDARD,페이크 삭스 7팩 [화이트],16900,15190,12418,https://www.musinsa.com/app/goods/792919?loc=goods_rank
양말레그웨어,48,MMASC001-BK,MUSINSA STANDARD,크루 삭스 7팩 [블랙],"
                                                                                                                                                22900",22900,12094,https://www.musinsa.com/app/goods/746159?loc=goods_rank
양말레그웨어,49,MWASC011-MN,MUSINSA STANDARD,니 하이 삭스 5팩 [모노],"
                                                                                                                                                20900",20900,3849,https://www.musinsa.com/app/goods/1260388?loc=goods_rank
양말레그웨어,50,T17Z002,IL-O-GONG-CHIL,[5PACK] 1507 우먼스 모노 슬림 하이 립삭스 - 스노우화이트/크림/블랙,15800,10900,1262,https://www.musinsa.com/app/goods/3321450?loc=goods_rank
양말레그웨어,51,MMJSC028-WH,MUSINSA STANDARD,스포츠 삭스 7팩 [화이트],"
                                                                                                                                                17900",17900,4405,https://www.musinsa.com/app/goods/746154?loc=goods_rank
양말레그웨어,52,CY2313AC001MMX,COILY,LABEL POINT LONG SOCKS SET,28000,9900,172,https://www.musinsa.com/app/goods/3183433?loc=goods_rank
양말레그웨어,53,2SCKWH,WEFOOT,더블 논슬립 PLUS 크루 삭스 (KOREA),"
                                                                                                                                                29000",29000,275,https://www.musinsa.com/app/goods/2798430?loc=goods_rank
양말레그웨어,54,GY23CHW001,GLOWNY,SHEER KNEE HIGH SOCKS (IVORY),28000,25200,50,https://www.musinsa.com/app/goods/3536103?loc=goods_rank
양말레그웨어,55,basic h_lip,IL-O-GONG-CHIL,[5PACK] 1507 베이직 트라우져 립삭스 _ 스노우 화이트/블랙,16500,10900,4155,https://www.musinsa.com/app/goods/1348077?loc=goods_rank
양말레그웨어,56,MMBSC112-WH/BK,MUSINSA STANDARD,라이트웨이트 미드 카프 삭스 7팩 [화이트/블랙],"
                                                                                                                                                22900",22900,774,https://www.musinsa.com/app/goods/2821597?loc=goods_rank
양말레그웨어,57,STATSK,SAUNALABS,[10족세트] 스포츠 에슬레틱 이중바닥 양말,38000,20000,330,https://www.musinsa.com/app/goods/2856806?loc=goods_rank
양말레그웨어,58,MMASC007-MN,MUSINSA STANDARD,리브드 크루 삭스 7팩 [모노],"
                                                                                                                                                19900",19900,1715,https://www.musinsa.com/app/goods/1260385?loc=goods_rank
양말레그웨어,59,MMBSC111-BK,MUSINSA STANDARD,와이드 리브드 크루 삭스 7팩 [블랙],"
                                                                                                                                                19900",19900,449,https://www.musinsa.com/app/goods/2738096?loc=goods_rank
양말레그웨어,60,HD21FSS004,HDEX,메인로고 삭스 4컬러 3packs,21000,18900,2124,https://www.musinsa.com/app/goods/2959926?loc=goods_rank
양말레그웨어,61,NK2FAC02,NOTKNOWING,Mouton Snap Leg-Warmer (Black),"
                                                                                                                                                72000",72000,1225,https://www.musinsa.com/app/goods/2853562?loc=goods_rank
양말레그웨어,62,23SS-RCS-BK,ARC,런 크루 삭스 블랙 그레이,"
                                                                                                                                                18000",18000,10,https://www.musinsa.com/app/goods/3350421?loc=goods_rank
양말레그웨어,63,MMASC102-MN,MUSINSA STANDARD,라이트웨이트 미들 삭스 7팩 [모노],19900,17890,3201,https://www.musinsa.com/app/goods/1094750?loc=goods_rank
양말레그웨어,64,SPSSKSK,SAUNALABS,[10족세트] 스포츠 스니커즈 이중바닥 양말,30000,17900,138,https://www.musinsa.com/app/goods/2861303?loc=goods_rank
양말레그웨어,65,T17Z003,IL-O-GONG-CHIL,[5PACK+5PACK] 1507 클래식 더블 애슬레틱 삭스 _ 블랙/스노우 화이트/브라운,33600,16800,3098,https://www.musinsa.com/app/goods/1246150?loc=goods_rank
양말레그웨어,66,MMJSC030-BK,MUSINSA STANDARD,쇼트 삭스 7팩 [블랙],"
                                                                                                                                                15900",15900,989,https://www.musinsa.com/app/goods/1094836?loc=goods_rank
양말레그웨어,67,cottonmix,SODAMON,미민 코튼믹스 니삭스 4컬러,"
                                                                                                                                                15400",15400,3448,https://www.musinsa.com/app/goods/3111130?loc=goods_rank
양말레그웨어,68,SA230AAO02_WHT,STARTER,스타 스트라이프 삭스 (화이트),6900,6210,321,https://www.musinsa.com/app/goods/3269319?loc=goods_rank
양말레그웨어,69,fw09,CLUT STUDIO,1 1 레이스업 레그워머 - 아이보리,59000,56050,12,https://www.musinsa.com/app/goods/3575178?loc=goods_rank
양말레그웨어,70,1194527,UNISEX,베이직 남녀공용 무지 장목 양말 7pack(화이트블랙),27000,13900,305,https://www.musinsa.com/app/goods/2057448?loc=goods_rank
양말레그웨어,71,UNBDAY04,UNBDAY,[10 PACK] 남자 중목 양말 - 화이트,28900,13500,208,https://www.musinsa.com/app/goods/1491455?loc=goods_rank
양말레그웨어,72,M33001ESC90WHT,MUSINSA STANDARD SPORTS,울트라 쿠셔닝 스포츠 크루 삭스 (3PACK) [화이트] 드라이액션™,15900,13515,1121,https://www.musinsa.com/app/goods/3275357?loc=goods_rank
양말레그웨어,73,T17Z003,IL-O-GONG-CHIL,[10PACK] 1507 모노 메쉬 히든 삭스 _ 스노우 화이트/블랙 (페이크 삭스),24000,12900,4961,https://www.musinsa.com/app/goods/1286366?loc=goods_rank
양말레그웨어,74,AGDFWSC02BK,ANEW GOLF,(W) WINGS BASIC SOCKS_BK,"
                                                                                                                                                48000",48000,4,https://www.musinsa.com/app/goods/3465738?loc=goods_rank
양말레그웨어,75,MMJSC030-WH,MUSINSA STANDARD,쇼트 삭스 7팩 [화이트],15900,11890,6948,https://www.musinsa.com/app/goods/1094835?loc=goods_rank
양말레그웨어,76,T17Z003,IL-O-GONG-CHIL,[5PACK] 1507 클래식 더블 애슬레틱 하프 삭스 - 스노우화이트/블랙,17000,11800,245,https://www.musinsa.com/app/goods/2943288?loc=goods_rank
양말레그웨어,77,MMJSC105-PT,MUSINSA STANDARD,라이트웨이트 크루 삭스 멜로우 컬러 팔레트 20팩,"
                                                                                                                                                46900",46900,4582,https://www.musinsa.com/app/goods/1573974?loc=goods_rank
양말레그웨어,78,SOCK_1290,SUPERBASIC,1290 남녀공용 골지 양말 5켤레 (30색상),"
                                                                                                                                                10900",10900,19048,https://www.musinsa.com/app/goods/752821?loc=goods_rank
양말레그웨어,79,5005210949,MIZUNO,남성 단목 7족,19900,10900,83,https://www.musinsa.com/app/goods/3414110?loc=goods_rank
양말레그웨어,80,CO2200TC11WH,COVERNAT,어센틱 삭스 화이트,5900,4720,1791,https://www.musinsa.com/app/goods/2342848?loc=goods_rank
양말레그웨어,81,MF-5 5족세트,ABIRUZ,남성용 AIR 페이크삭스 MF-5 5족 세트,"
                                                                                                                                                39900",39900,,https://www.musinsa.com/app/goods/3207581?loc=goods_rank
양말레그웨어,82,S17Z005,IL-O-GONG-CHIL,[5PACK] 1507 애슬레틱 골프 포인트 삭스 _ 스노우 화이트,15000,9900,248,https://www.musinsa.com/app/goods/1951621?loc=goods_rank
양말레그웨어,83,T17Z010,IL-O-GONG-CHIL,[5PACK] 1507 모노 트라우져 하프 삭스 _ 화이트,12000,9900,825,https://www.musinsa.com/app/goods/2584266?loc=goods_rank
양말레그웨어,84,PUO31975,PUMA SOCKS,크레오라 미들렝스 삭스 4PACK [사이즈/컬러선택],17000,9900,160,https://www.musinsa.com/app/goods/2765901?loc=goods_rank
양말레그웨어,85,PUO31977,PUMA SOCKS,크레오라 롱 삭스 4PACK [사이즈/컬러선택],18000,9900,342,https://www.musinsa.com/app/goods/2765906?loc=goods_rank
양말레그웨어,86,637241,ARCTERYX,[SS22] 메리노 울 라이트웨이트 3/4 크루 Sock(BLACK),49000,39200,300,https://www.musinsa.com/app/goods/2618262?loc=goods_rank
양말레그웨어,87,M3343PSC01WHT,MALBON GOLF,버킷 크루 삭스 WHITE,"
                                                                                                                                                39000",39000,1,https://www.musinsa.com/app/goods/3557207?loc=goods_rank
양말레그웨어,88,HJSS3E501WT,HAZZYS MEN ACC,남성 퍼피자수 면혼방 장목양말 5종 세트,43000,38700,98,https://www.musinsa.com/app/goods/2351253?loc=goods_rank
양말레그웨어,89,00144,SOCKS FACTORY,[5P] 유니섹스 패션 무지 장목 양말 34color,14400,9600,392,https://www.musinsa.com/app/goods/3389184?loc=goods_rank
양말레그웨어,90,CKSS3F500WT,CHAMPION,[US] C로고 풀랭스삭스 6켤레 Gift Box_사이즈 M(남녀공용) (WHITE) CKSS3F500WT,"
                                                                                                                                                33000",33000,1350,https://www.musinsa.com/app/goods/2357695?loc=goods_rank
양말레그웨어,91,5004252764,BENSIMON,HEMISH LEG WARMER - BROWN,"
                                                                                                                                                32000",32000,28,https://www.musinsa.com/app/goods/3478964?loc=goods_rank
양말레그웨어,92,WAPOHOS03420133-999,POLO RALPH LAUREN,코튼블렌드 캐주얼 크루 삭스 3팩 - 멀티,"
                                                                                                                                                30000",30000,1932,https://www.musinsa.com/app/goods/2433154?loc=goods_rank
양말레그웨어,93,MMASC203-BK,MUSINSA STANDARD,라이트웨이트 크루 삭스 10팩 [블랙],"
                                                                                                                                                27900",27900,1870,https://www.musinsa.com/app/goods/1986030?loc=goods_rank
양말레그웨어,94,MMASC204-BK,MUSINSA STANDARD,라이트웨이트 미들 삭스 10팩 [블랙],"
                                                                                                                                                27900",27900,908,https://www.musinsa.com/app/goods/1996704?loc=goods_rank
양말레그웨어,95,HD21SSS004,HDEX,시그니처 로고 삭스 2컬러 5packs,35000,28000,386,https://www.musinsa.com/app/goods/2973894?loc=goods_rank
양말레그웨어,96,HD23SSC01C03,HDEX,메인 스몰 로고 삭스 2컬러 5packs,35000,28000,260,https://www.musinsa.com/app/goods/3397128?loc=goods_rank
양말레그웨어,97,50467707108,HUGOBOSS TENNIS,BOSS 2PP RS 스포츠 로고 CC(50467707108) 남여공용 스포츠양말,28000,26320,9,https://www.musinsa.com/app/goods/3401390?loc=goods_rank
양말레그웨어,98,23FWSO001,LOOKAST,줄리 니트 삭스,"
                                                                                                                                                26000",26000,559,https://www.musinsa.com/app/goods/3230584?loc=goods_rank
양말레그웨어,99,UO323CSC74_WHT0,UMBRO,변형 로고 에센셜 3PACK 미드 삭스 화이트(UO323CSC74),"
                                                                                                                                                25900",25900,138,https://www.musinsa.com/app/goods/3405111?loc=goods_rank
양말레그웨어,100,CKSS2F502WT,CHAMPION,[ASIA] C로고 Low 크루 삭스 3켤레 세트 (WHITE) CKSS2F502WT,"
                                                                                                                                                25000",25000,1138,https://www.musinsa.com/app/goods/2912120?loc=goods_rank
