﻿카테고리,순위,품번,브랜드명,상품명(한글),판매가,비회원가,좋아요 수,URL
상의,1,MG2200LT16BK,WHATITISNT,[22FW] ANGEL WAPPEN STRIPE LONG SLEEVE BLACK,45000,19900,72277,https://www.musinsa.com/app/goods/1322019?loc=goods_rank
상의,2,LE2203HD01IV,LEE,빅 트위치 루즈핏 후드 티셔츠 아이보리,79000,39500,31391,https://www.musinsa.com/app/goods/1571486?loc=goods_rank
상의,3,SL22FW-M2-WG,SLOW ACID,블러리 로고 스웨트셔츠 [웜그레이],79000,71100,11201,https://www.musinsa.com/app/goods/2837417?loc=goods_rank
상의,4,5003301639,SUARE,에어울 케이블 니트 - 5 COLOR,69000,49900,1981,https://www.musinsa.com/app/goods/3448737?loc=goods_rank
상의,5,MMATS701-WH,MUSINSA STANDARD,레이어드 크루 넥 반팔 티셔츠_일반 기장 [화이트],16900,15190,86200,https://www.musinsa.com/app/goods/2086653?loc=goods_rank
상의,6,LE2203HD01LG,LEE,빅 트위치 루즈핏 후드 티셔츠 라이트 그레이/그린,79000,39500,8015,https://www.musinsa.com/app/goods/2692703?loc=goods_rank
상의,7,CBCFUTL100NYCBCFUTH100CBCFUTP100NY,CODEGRAPHY,[SET] (맨투맨 OR 후드 선택) CGP 아치 로고 트레이닝 셋업_네이비,97900,69900,44921,https://www.musinsa.com/app/goods/2043056?loc=goods_rank
상의,8,5003432996,SUARE,워셔블 케이블 라운드 니트 - 5 COLOR,59000,51900,1782,https://www.musinsa.com/app/goods/3494992?loc=goods_rank
상의,9,GBHD2102WM,GAINSBORO,로럴골든 후드티_화이트멜란지,69000,49500,31579,https://www.musinsa.com/app/goods/2149327?loc=goods_rank
상의,10,5004233824,MARDI MERCREDI,SWEATSHIRT FLOWERMARDI_BLACK PINK,75000,71250,11723,https://www.musinsa.com/app/goods/3471299?loc=goods_rank
상의,11,AD202,AVANDRESS,유니섹스 베이스 오버핏 체크셔츠-네이비,44000,33000,9969,https://www.musinsa.com/app/goods/1622792?loc=goods_rank
상의,12,5000021230,SUARE,[리뉴얼] 하찌 카라 투웨이 집업 니트 - 4 COLOR,79000,49900,23932,https://www.musinsa.com/app/goods/2723764?loc=goods_rank
상의,13,MMATL411,MUSINSA STANDARD,베이식 긴팔 티셔츠 2팩,37800,32090,67601,https://www.musinsa.com/app/goods/2149254?loc=goods_rank
상의,14,302828,MARDI MERCREDI,SWEATSHIRT FLOWERMARDI_OATMEAL GREEN,75000,71250,20590,https://www.musinsa.com/app/goods/2204747?loc=goods_rank
상의,15,5004233861,MARDI MERCREDI,SWEATSHIRT FLOWERMARDI BLOSSOM_BLACK CREAM,89000,84550,1846,https://www.musinsa.com/app/goods/3471321?loc=goods_rank
상의,16,TRSHT04NV,TRILLION,컬러 배색 1992 그래픽 후드 (NAVY),49800,39800,39705,https://www.musinsa.com/app/goods/2995119?loc=goods_rank
상의,17,93231TMT100110,1993STUDIO,90S 트랙 스웨트셔츠_그레이,85000,68000,96057,https://www.musinsa.com/app/goods/2313388?loc=goods_rank
상의,18,MM2034SW010,MARDI MERCREDI,SWEATSHIRT FLOWERMARDI_NAVY VIOLET,75000,71250,31664,https://www.musinsa.com/app/goods/1549284?loc=goods_rank
상의,19,MNPOSWE16820602-001,POLO RALPH LAUREN,케이블 니트 코튼 스웨터 - 블랙,"
                                                                                                                                                239000",239000,1729,https://www.musinsa.com/app/goods/3039153?loc=goods_rank
상의,20,CO2303STE1BK,COVERNAT,에센셜 쿨 코튼 2-PACK 티셔츠 블랙+화이트,49000,34300,150057,https://www.musinsa.com/app/goods/1848166?loc=goods_rank
상의,21,TRFKN03BK,TRILLION,워셔블 하프 집업 카라넥 하찌 니트 (PURE BLACK),49000,39800,36047,https://www.musinsa.com/app/goods/2775713?loc=goods_rank
상의,22,SPYWD49C01,SPAO,(시티보이) 오버핏 옥스포드 셔츠_SPYWD49C01,39900,35910,67127,https://www.musinsa.com/app/goods/2272830?loc=goods_rank
상의,23,MM2034SW007,MARDI MERCREDI,SWEATSHIRT FLOWERMARDI_OATMEAL BLACK,75000,71250,38570,https://www.musinsa.com/app/goods/1549281?loc=goods_rank
상의,24,SC22A243BK,SCULPTOR,Masterpiece Sheer Top Black,54000,37800,16160,https://www.musinsa.com/app/goods/2731239?loc=goods_rank
상의,25,93221TMT100222,1993STUDIO,90S 트랙 스웨트셔츠_블랙,85000,68000,38262,https://www.musinsa.com/app/goods/2313445?loc=goods_rank
상의,26,LE2201HD01DP,LEE,빅 트위치 루즈핏 후드 티셔츠 다크 파인,79000,39500,5085,https://www.musinsa.com/app/goods/2286666?loc=goods_rank
상의,27,262776,MARDI MERCREDI,SWEATSHIRT FLOWERMARDI NEEDLEWORK_HEATHER CORAL,128000,121600,7568,https://www.musinsa.com/app/goods/2064576?loc=goods_rank
상의,28,MG2200HD12GR,WHATITISNT,[22FW]ANGEL WAPPEN HOOD GRAY,69000,34500,34740,https://www.musinsa.com/app/goods/1752734?loc=goods_rank
상의,29,5003433858,SUARE,[2PACK] 모크넥 워셔블 니트 세트,78000,49900,462,https://www.musinsa.com/app/goods/3495311?loc=goods_rank
상의,30,5004513586,1989STANDARD,OUR 1989 후드 (STHSTD-0004),74900,39900,9597,https://www.musinsa.com/app/goods/2990516?loc=goods_rank
상의,31,5003433861,SUARE,[2PACK] 에어울 니트 패키지,138000,93900,1532,https://www.musinsa.com/app/goods/3495313?loc=goods_rank
상의,32,C22FB13,CPGN STUDIO,크래킹 스냅 레글런 후드티 블랙,92000,59800,59581,https://www.musinsa.com/app/goods/2877493?loc=goods_rank
상의,33,TRFMT10NV,TRILLION,브이넥 풀 오버 그래픽 웜 업 (NAVY),68000,54000,7694,https://www.musinsa.com/app/goods/3461167?loc=goods_rank
상의,34,5001498245,SUARE,에센셜 라운드 니트 가디건 - 5 COLOR,69000,44900,5662,https://www.musinsa.com/app/goods/3025211?loc=goods_rank
상의,35,JN6TSU803BE,JEEP,1941 빅로고 프린팅 맨투맨 (JN6TSU803BE),59000,59000,3695,https://www.musinsa.com/app/goods/3061222?loc=goods_rank
상의,36,Optimal Basic Shirt,FILLUMINATE,옵티멀 베이직 셔츠-화이트[린넨＆옥스포드 선택],53000,39900,47590,https://www.musinsa.com/app/goods/994588?loc=goods_rank
상의,37,MMATE407,MUSINSA STANDARD,릴렉스 핏 크루 넥 반팔 티셔츠 2팩,"
                                                                                                                                                31800",31800,40994,https://www.musinsa.com/app/goods/2034137?loc=goods_rank
상의,38,5002424642,MARDI MERCREDI,SWEATSHIRT FLOWERMARDI BLOSSOM_OATMEAL BLACK,89000,84550,6068,https://www.musinsa.com/app/goods/3071089?loc=goods_rank
상의,39,5004507915,MARDI MERCREDI,CASHMERE CREW NECK ALUMNI CLASSIQUE_GREY BLACK,138000,131100,1151,https://www.musinsa.com/app/goods/3555916?loc=goods_rank
상의,40,430770,MARDI MERCREDI,TSHIRT FLOWERMARDI_IVORY NAVY,"
                                                                                                                                                42000",42000,71573,https://www.musinsa.com/app/goods/2453556?loc=goods_rank
상의,41,5004233893,MARDI MERCREDI,SWEATSHIRT FLOWERMARDI BLOSSOM_OATMEAL TAUPE,89000,84550,921,https://www.musinsa.com/app/goods/3471333?loc=goods_rank
상의,42,C60048990FW22,ACNE STUDIOS,여성 울 브이넥 스웨터 - 그레이 멜란지,500000,370000,187,https://www.musinsa.com/app/goods/3242948?loc=goods_rank
상의,43,CTCDDC004NV,CRITIC,RACING ZIP-UP KNIT NAVY,129000,116100,4429,https://www.musinsa.com/app/goods/3440410?loc=goods_rank
상의,44,5003433864,SUARE,[2PACK] 스테디 니트 패키지,118000,99900,1935,https://www.musinsa.com/app/goods/3495320?loc=goods_rank
상의,45,LSH006GGID,LMOOD,테리 인디고 데님 셔츠 블루,108000,97000,8350,https://www.musinsa.com/app/goods/2454238?loc=goods_rank
상의,46,5003302436,SUARE,[2PACK] 이지 케어 워셔블 니트 패키지,118000,93900,3491,https://www.musinsa.com/app/goods/3449015?loc=goods_rank
상의,47,LA20FWHVMT004,LENGAGEMENT,테일 로고 후드티 [그레이],76000,26600,888,https://www.musinsa.com/app/goods/2284814?loc=goods_rank
상의,48,BR71,BRENSON,Longsleeve 무지 긴팔티,47800,29900,75487,https://www.musinsa.com/app/goods/404474?loc=goods_rank
상의,49,TD5-SH07,THOMASMORE,TD5-SH07 페이퍼셔츠-블루블루,"
                                                                                                                                                59700",59700,8283,https://www.musinsa.com/app/goods/2445758?loc=goods_rank
상의,50,TD5-SH2101,THOMASMORE,TD5-SH2101 인디고 버튼다운-중청,"
                                                                                                                                                65700",65700,1152,https://www.musinsa.com/app/goods/3481178?loc=goods_rank
상의,51,TRTOAWCR92U,TRAVEL,[3-PACK]베이직 트래블러 피그먼트 스웨트셔츠,150000,59900,57286,https://www.musinsa.com/app/goods/1817394?loc=goods_rank
상의,52,23summer-PGT,SOVERMENT,컷 헤비 피그먼트 티셔츠-차콜-,61000,36600,40597,https://www.musinsa.com/app/goods/1944612?loc=goods_rank
상의,53,m1037_685523,LAFUDGESTORE,[Package]시티보이 빅오버 옥스포드 셔츠_8 Color,94000,59800,44403,https://www.musinsa.com/app/goods/2646350?loc=goods_rank
상의,54,Overfit Graffiti Logo Hoodie-Mg,FILLUMINATE,오버핏 그래피티 로고 후디-멜란지그레이,64000,49900,48076,https://www.musinsa.com/app/goods/2913656?loc=goods_rank
상의,55,AM00303KM0001P199SS23,MAISON KITSUNE,남성 폭스 헤드 패치 클래식 맨투맨 - 블랙,315000,147000,660,https://www.musinsa.com/app/goods/3241972?loc=goods_rank
상의,56,AD360,AVANDRESS,유니섹스 포인트 오버핏 체크 셔츠 네이비,48000,33600,10790,https://www.musinsa.com/app/goods/1629784?loc=goods_rank
상의,57,SL22FW-M2-BK,SLOW ACID,블러리 로고 스웨트셔츠 [블랙],79000,71100,30344,https://www.musinsa.com/app/goods/2725585?loc=goods_rank
상의,58,22FWGS01GR,GLW,오버사이즈 워시드 데님셔츠 워시드블랙,62500,49800,3331,https://www.musinsa.com/app/goods/3039295?loc=goods_rank
상의,59,WEOIHGWEG,SUPERSUB,클럽 레플리카 스웻셔츠 [오프 화이트],69000,58900,25445,https://www.musinsa.com/app/goods/2853101?loc=goods_rank
상의,60,JN5TSU091WH,JEEP,[단품] 빅로고 반팔티 (JN5TSU091) 10 Color,29000,9900,9877,https://www.musinsa.com/app/goods/3476114?loc=goods_rank
상의,61,CTCDDC004SL,CRITIC,RACING ZIP-UP KNIT SKY BLUE,129000,116100,2494,https://www.musinsa.com/app/goods/3440409?loc=goods_rank
상의,62,BHWMHDB10AS,BROWNBREATH,TAG HOODIE - ASH,"
                                                                                                                                                79000",79000,50043,https://www.musinsa.com/app/goods/1574201?loc=goods_rank
상의,63,CBCS1TL300MGCBCS1TH300MGCBCS1PL300MG_논기모,CODEGRAPHY,[SET][논기모ver] (맨투맨 OR 후드 선택) CGP 아치 로고 트레이닝 셋업_멜란지그레이,97900,69900,4057,https://www.musinsa.com/app/goods/3466645?loc=goods_rank
상의,64,OO3SUST103OTGN,ODDSTUDIO,베리클로즈 래글런 오버핏 롱 슬리브 - OATMEAL/GREEN,52000,44000,31174,https://www.musinsa.com/app/goods/3156318?loc=goods_rank
상의,65,PCD3MKN407TB,POTTERY,Mohair Cable Crewneck Knit Baby Alpaca Cloth Soft Tuch Finish (Tobacco),"
                                                                                                                                                279000",279000,16,https://www.musinsa.com/app/goods/3540024?loc=goods_rank
상의,66,H23DTPUH06-BLACK,HUF,ARCH LOGO HOODIE [BLACK],89000,57850,77,https://www.musinsa.com/app/goods/3494866?loc=goods_rank
상의,67,MHSH3004-WH,MUSINSA STANDARD,릴렉스 핏 옥스포드 셔츠 [화이트],33900,28790,22740,https://www.musinsa.com/app/goods/854337?loc=goods_rank
상의,68,MMJTS113-WH,MUSINSA STANDARD,레이어드 크루 넥 반팔 티셔츠_긴 기장 [화이트],16900,13490,81773,https://www.musinsa.com/app/goods/1382658?loc=goods_rank
상의,69,B22FT09IV,BORN CHAMPS,[본챔스X러디칙스] 러디 이모션 니트 B22FT09IV,69000,62100,22408,https://www.musinsa.com/app/goods/2713229?loc=goods_rank
상의,70,COBQXH26586IAKSS23,A.P.C.,남성 VPC 로고 반소매 티셔츠 - 화이트,169000,84000,655,https://www.musinsa.com/app/goods/3166458?loc=goods_rank
상의,71,5000021234,SUARE,데일리 라운드 니트 - 8 COLOR,59000,39900,45069,https://www.musinsa.com/app/goods/2723767?loc=goods_rank
상의,72,CDHD2307,CROSSDRESSLY,빅스타 후드티,79000,54000,28981,https://www.musinsa.com/app/goods/3411311?loc=goods_rank
상의,73,5001349640,SUARE,데일리 바이오 셔츠 - 10 COLOR,59000,39900,16478,https://www.musinsa.com/app/goods/2996536?loc=goods_rank
상의,74,20230601 package2,ELIMENO,[2PACK] EL 스트리트 아트워크 오버핏 반팔티 2종 2PACK,84000,39900,16724,https://www.musinsa.com/app/goods/3341803?loc=goods_rank
상의,75,76asp0023,ASP,올데이 컴피 60수 셔츠 딥 차콜,73000,55000,2208,https://www.musinsa.com/app/goods/1973463?loc=goods_rank
상의,76,22FW09-1,AVANDRESS,UNISEX LAUREL OVERSIZED HOODIE - 5 COL,69000,50370,56416,https://www.musinsa.com/app/goods/1211169?loc=goods_rank
상의,77,5005341541,LIKE THE MOST,우먼 소프트 스카이하트 크롭 후드,71800,28720,1048,https://www.musinsa.com/app/goods/3443323?loc=goods_rank
상의,78,TD5-SH07,THOMASMORE,TD5-SH07 페이퍼셔츠-블랙베리,"
                                                                                                                                                59700",59700,6136,https://www.musinsa.com/app/goods/2445720?loc=goods_rank
상의,79,TD5-SH07,THOMASMORE,TD5-SH07 페이퍼셔츠-화이트,"
                                                                                                                                                59700",59700,10147,https://www.musinsa.com/app/goods/2305844?loc=goods_rank
상의,80,MITS0005-WH,MUSINSA STANDARD,릴렉스 핏 크루 넥 반팔 티셔츠 [화이트],"
                                                                                                                                                15900",15900,77720,https://www.musinsa.com/app/goods/996177?loc=goods_rank
상의,81,m1037_685555,LAFUDGESTORE,[23FW ver.]헤비 코튼 오버 럭비 맨투맨_Midnight Blue,54000,39900,120695,https://www.musinsa.com/app/goods/2038497?loc=goods_rank
상의,82,H23DTPUH06-MELANGE GREY,HUF,ARCH LOGO HOODIE [MELANGE GREY],89000,57850,55,https://www.musinsa.com/app/goods/3494863?loc=goods_rank
상의,83,MMCSH801-XB,MUSINSA STANDARD,시티 레저 오버사이즈 셔츠 [삭스 블루],49900,44890,1477,https://www.musinsa.com/app/goods/3378532?loc=goods_rank
상의,84,LE2203CR04NA,LEE,자수 빈티지 로고 맨투맨 네이비,69000,34500,3047,https://www.musinsa.com/app/goods/2306496?loc=goods_rank
상의,85,5005340670,LIKE THE MOST,우먼 리나모스트 소프트 오버핏 후드,79800,29900,3085,https://www.musinsa.com/app/goods/3443214?loc=goods_rank
상의,86,TAS-EHSS02MG,TOFFEE,에센셜 후드 스웻 셔츠 (MELANGE GREY),43000,33900,46691,https://www.musinsa.com/app/goods/2314616?loc=goods_rank
상의,87,ABC9SH01BL,DIMITRI BLACK,(올시즌) 포시즌 옴브레 체크 셔츠_블루,48500,33900,579,https://www.musinsa.com/app/goods/3477442?loc=goods_rank
상의,88,0NHO1PV00547,NOHANT,LONELY/LOVELY FLUFF SWEATSHIRT OATMEAL,"
                                                                                                                                                148000",148000,582,https://www.musinsa.com/app/goods/3080133?loc=goods_rank
상의,89,262782,MARDI MERCREDI,SWEATSHIRT UNIV_NAVY IVORY,75000,71250,25639,https://www.musinsa.com/app/goods/2064581?loc=goods_rank
상의,90,MMATS402,MUSINSA STANDARD,레이어드 크루 넥 반팔 티셔츠_일반 기장 2팩,"
                                                                                                                                                33800",33800,22883,https://www.musinsa.com/app/goods/2122566?loc=goods_rank
상의,91,5004507893,MARDI MERCREDI,SWEATSHIRT FLOWERMARDI_BROWN CREAM,75000,71250,452,https://www.musinsa.com/app/goods/3555856?loc=goods_rank
상의,92,565175,FP142,[패키지] 더블코튼 무지반팔  패키지 KHST1011,47900,29900,42124,https://www.musinsa.com/app/goods/345889?loc=goods_rank
상의,93,134,DIAMOND LAYLA,Fluff Mood Check shirt S24 Navy,"
                                                                                                                                                68000",68000,47407,https://www.musinsa.com/app/goods/859956?loc=goods_rank
상의,94,gwtr6003-as,Guernsey Woollens,나그랑 크루넥 코튼 스웨터 - 애쉬,"
                                                                                                                                                138000",138000,155,https://www.musinsa.com/app/goods/3123592?loc=goods_rank
상의,95,FA2201CR01NA,FALLETT,부클 플라워 맨투맨 네이비,69000,58650,34825,https://www.musinsa.com/app/goods/2062553?loc=goods_rank
상의,96,CMN3TS01V-2PACK,COOR,2PACK 수피마 코튼 티셔츠,76000,49400,21906,https://www.musinsa.com/app/goods/2479911?loc=goods_rank
상의,97,1989544,FP142,[패키지] 더블 코튼 무지 긴팔티 2pack JHLT1273,65590,39800,17472,https://www.musinsa.com/app/goods/1608272?loc=goods_rank
상의,98,IESH3F103R2,IL CORSO,대디 체크 셔츠 레드 IESH3F103R2,119000,101000,424,https://www.musinsa.com/app/goods/3436142?loc=goods_rank
상의,99,20FW-NC_001,BLOND9,크루넥 리브 니트 스웨터_블랙,65600,29800,35849,https://www.musinsa.com/app/goods/1710327?loc=goods_rank
상의,100,JM5TSU838MG,JEEP,Half  Zip-Up M-Logo Sweat  (JM5TSU838MG),69000,48300,48484,https://www.musinsa.com/app/goods/1755609?loc=goods_rank
