﻿카테고리,순위,품번,브랜드명,상품명(한글),판매가,비회원가,좋아요 수,URL
주얼리,1,Catholic R-1,MUSEE.ART,크로스 로자리 커플링(여성용),"
                                                                                                                                                88000",88000,5427,https://www.musinsa.com/app/goods/1634133?loc=goods_rank
주얼리,2,11302744,JBANS CLASSIC,프리즘213 심플컬러스트링595BK 팔찌세트 (C2101-SE154_BK),31000,18600,13860,https://www.musinsa.com/app/goods/1806399?loc=goods_rank
주얼리,3,SVR-#S605,SHOVEOFF,[실버 925] SVR-S605 트위스트 데일리 실버 우정 커플반지,"
                                                                                                                                                29800",29800,23949,https://www.musinsa.com/app/goods/966696?loc=goods_rank
주얼리,4,B.W.P-b-09,AG47,B.W.P Bracelet-09 Pearl 8mm Cubic Flower,"
                                                                                                                                                72000",72000,377,https://www.musinsa.com/app/goods/2512393?loc=goods_rank
주얼리,5,22HSSCLNTK,51PERCENT,Chain Logo Necklace (thick),"
                                                                                                                                                59000",59000,1324,https://www.musinsa.com/app/goods/2608133?loc=goods_rank
주얼리,6,CON-061,CUNASON,CON-061 담수 진주 목걸이,46000,43700,407,https://www.musinsa.com/app/goods/2376330?loc=goods_rank
주얼리,7,TBH02ABBC001,TOWTOW ARCHIVE,PEACEMARK SYMBOL BRACELET-TURQUOISE : ARCHIVE-001,"
                                                                                                                                                42000",42000,1551,https://www.musinsa.com/app/goods/2773647?loc=goods_rank
주얼리,8,02017,HAWHA,BASIC CHAIN NECKLACE,"
                                                                                                                                                39000",39000,350,https://www.musinsa.com/app/goods/1987318?loc=goods_rank
주얼리,9,ACNC07,BLENDOFF,BD 러브 목걸이 [써지컬스틸],"
                                                                                                                                                26000",26000,247,https://www.musinsa.com/app/goods/2981416?loc=goods_rank
주얼리,10,2pn1,ANOTHERYOUTH,2 팬던트 넥크리스,"
                                                                                                                                                21000",21000,5754,https://www.musinsa.com/app/goods/731151?loc=goods_rank
주얼리,11,E-00226,VINEDEW,터키 스톤 925 실버 피어싱 E-00226 (1SET),"
                                                                                                                                                19000",19000,311,https://www.musinsa.com/app/goods/2689004?loc=goods_rank
주얼리,12,170926B-3,RUSH OFF,써지컬스틸  언유즈얼 체인 팔찌,"
                                                                                                                                                18000",18000,374,https://www.musinsa.com/app/goods/643629?loc=goods_rank
주얼리,13,5002658507,JBANS CLASSIC,4mm슬림 해마오닉스 믹스 원석팔찌 (C2301AC1001_BK),"
                                                                                                                                                18000",18000,90,https://www.musinsa.com/app/goods/3319689?loc=goods_rank
주얼리,14,AC22FW01,ACHA,써지컬스틸 링 체인 목걸이 _ 실버,"
                                                                                                                                                17000",17000,7306,https://www.musinsa.com/app/goods/701986?loc=goods_rank
주얼리,15,BIZ-005,SEPTEMBER5,BLACK MULTI BIZ NECKLACE,"
                                                                                                                                                17000",17000,1176,https://www.musinsa.com/app/goods/3405473?loc=goods_rank
주얼리,16,4301806,LUV IS TRUE,PO HEART NECKLACE(SILVER),18000,16200,5344,https://www.musinsa.com/app/goods/1594014?loc=goods_rank
주얼리,17,JB3FW-JHR001PINK,GROVE,23FW EROM HAIRPIN_PINK,18000,16200,19,https://www.musinsa.com/app/goods/3534770?loc=goods_rank
주얼리,18,PE0008,VINEDEW,써지컬스틸 프레임 하트 바벨피어싱,"
                                                                                                                                                13000",13000,273,https://www.musinsa.com/app/goods/2324935?loc=goods_rank
주얼리,19,10651866,JBANS CLASSIC,보테가 통꽈베기가죽팔찌 (C1501-AC155BK),15000,12000,170,https://www.musinsa.com/app/goods/188937?loc=goods_rank
주얼리,20,P00000RM,VINEDEW,써지컬스틸 컬러 물방울 큐빅 피어싱 *458,"
                                                                                                                                                10900",10900,35,https://www.musinsa.com/app/goods/3114950?loc=goods_rank
주얼리,21,SNE-04,BICYCLETROPHY,S.S 체인 목걸이 04 (써지컬스틸 사각바 펜던트 목걸이),23000,20700,14062,https://www.musinsa.com/app/goods/1688203?loc=goods_rank
주얼리,22,06,QUARQOR,#5128 RING,25000,18750,3358,https://www.musinsa.com/app/goods/1717978?loc=goods_rank
주얼리,23,06,QUARQOR,#3106 RING,25000,18750,14035,https://www.musinsa.com/app/goods/1717973?loc=goods_rank
주얼리,24,SM7UQ0044SV0310951FW23,MM6 Maison Margiela,공용 인그레이빙 로고 브라스 반지 - 실버,"
                                                                                                                                                286000",286000,34,https://www.musinsa.com/app/goods/3486162?loc=goods_rank
주얼리,25,FMQFAXA817M,MAISON MINED,FUSION RING,39000,31200,3829,https://www.musinsa.com/app/goods/2678989?loc=goods_rank
주얼리,26,2022-015N,HAKKABLACKS,Morse Code Necklace,"
                                                                                                                                                31000",31000,7542,https://www.musinsa.com/app/goods/2517252?loc=goods_rank
주얼리,27,ES21FWR7SV,EOU STUDIO,THE TREE R7-SILVER,"
                                                                                                                                                68000",68000,299,https://www.musinsa.com/app/goods/2176805?loc=goods_rank
주얼리,28,63020111G114FW22,VIVIENNE WESTWOOD,여성 소라다 바스 릴리프 목걸이 - 핑크 골드,380000,245000,451,https://www.musinsa.com/app/goods/3032528?loc=goods_rank
주얼리,29,leather-001,SEPTEMBER5,Leather buckle necklace,"
                                                                                                                                                19000",19000,2296,https://www.musinsa.com/app/goods/3286055?loc=goods_rank
주얼리,30,N23MB05,NUMBERING,#5926,"
                                                                                                                                                160000",160000,125,https://www.musinsa.com/app/goods/3410924?loc=goods_rank
주얼리,31,SET-J0-0232,JESTINA,LALA J 목걸이+귀걸이 세트 (SET-J0-0232),220000,136000,10,https://www.musinsa.com/app/goods/3497022?loc=goods_rank
주얼리,32,FTQFAXA812M,MARTIN PLAN,Slim Aim Ring,32000,30400,2372,https://www.musinsa.com/app/goods/2685504?loc=goods_rank
주얼리,33,N065,DOHAS,freedom leather necklace,"
                                                                                                                                                28000",28000,3248,https://www.musinsa.com/app/goods/3034777?loc=goods_rank
주얼리,34,JJJTNQ1BS018SW420,JESTINA,J e te 목걸이 (JJJTNQ1BS018SW420),110000,93500,856,https://www.musinsa.com/app/goods/1901636?loc=goods_rank
주얼리,35,PR-049,PANDORUMJEWELRY,균열(龜裂),"
                                                                                                                                                90000",90000,232,https://www.musinsa.com/app/goods/3115509?loc=goods_rank
주얼리,36,HHPNGR,51PERCENT,Half & Half Pearl necklace - Grey,"
                                                                                                                                                89000",89000,303,https://www.musinsa.com/app/goods/2983593?loc=goods_rank
주얼리,37,2,ESEELMI,HANDMADE COLOR MARBLING GLASS BEADS NECKLACE,109000,89000,93,https://www.musinsa.com/app/goods/3400556?loc=goods_rank
주얼리,38,STW-HALF,SILVERTAG,STW-HALF 하프 목걸이,"
                                                                                                                                                86000",86000,10,https://www.musinsa.com/app/goods/3485412?loc=goods_rank
주얼리,39,CA0014,CRUMP,써지컬 스틸 스퀘어 넥크리스(CA0014),21000,19950,5544,https://www.musinsa.com/app/goods/872253?loc=goods_rank
주얼리,40,freshpearln,VINOOM,fresh pearl necklace,"
                                                                                                                                                78000",78000,12,https://www.musinsa.com/app/goods/3528706?loc=goods_rank
주얼리,41,w0001,BLESSED BULLET,클레식 체인 목걸이_실버/골드/빈티지/다크/백금,79000,19000,4805,https://www.musinsa.com/app/goods/384766?loc=goods_rank
주얼리,42,m1037_725766,HAS,SF009 Basic Pearl Silver Ball Necklace,26000,18200,18224,https://www.musinsa.com/app/goods/2140962?loc=goods_rank
주얼리,43,21SPRING_AC002,CRANK,와이드 헤어밴드_블랙,19000,17100,2145,https://www.musinsa.com/app/goods/1792073?loc=goods_rank
주얼리,44,GHMN-023,GLORY_ARDEN,써지컬스틸 베이직목걸이,22000,16500,9895,https://www.musinsa.com/app/goods/287744?loc=goods_rank
주얼리,45,Un.silver.58,VERTE,PATE NECKLACE - SILVER,"
                                                                                                                                                63000",63000,10,https://www.musinsa.com/app/goods/3384807?loc=goods_rank
주얼리,46,SC1680,STONEHENGE,실버 하트 목걸이 SC1680,120000,60000,370,https://www.musinsa.com/app/goods/3226779?loc=goods_rank
주얼리,47,1000,DOL,개나리 네크리스 [실버/골드],"
                                                                                                                                                57000",57000,184,https://www.musinsa.com/app/goods/3191814?loc=goods_rank
주얼리,48,SVR-#626,SHOVEOFF,SVR-#626 brass RING 반지,"
                                                                                                                                                14000",14000,6732,https://www.musinsa.com/app/goods/1373065?loc=goods_rank
주얼리,49,E0085,BLESSED BULLET,스퀘어 체인 목걸이_실버925_엔틱실버/블랙실버/로즈골드/골드,199000,56000,2295,https://www.musinsa.com/app/goods/1952824?loc=goods_rank
주얼리,50,JJLJNQ0BF581SR420,JESTINA,J.RIBBON 목걸이 (JJLJNQ0BF581SR420),138000,55200,4122,https://www.musinsa.com/app/goods/1699916?loc=goods_rank
주얼리,51,JJLJNQ1BF344SR420,JESTINA,LALA J 목걸이 (JJLJNQ1BF344SR420),99000,55200,4673,https://www.musinsa.com/app/goods/2254890?loc=goods_rank
주얼리,52,JJLJBQ2BS320SW7S0,JESTINA,LALA J 팔찌 (JJLJBQ2BS320SW7S0),99000,55200,2136,https://www.musinsa.com/app/goods/2545717?loc=goods_rank
주얼리,53,HHPN,51PERCENT,Half & Half Pearl necklace,"
                                                                                                                                                54000",54000,1508,https://www.musinsa.com/app/goods/2363562?loc=goods_rank
주얼리,54,Un.silver.101,VERTE,[MENS] MINI RIZI NECKLACE,"
                                                                                                                                                53000",53000,514,https://www.musinsa.com/app/goods/2843219?loc=goods_rank
주얼리,55,IEJE3G001G2,IL CORSO,레이어드 진주 체인 팔찌 그레이 IEJE3G001G2,75000,52500,215,https://www.musinsa.com/app/goods/3239754?loc=goods_rank
주얼리,56,20ss cuff,SSY,[서지컬]핸드커프스 체인 팔찌,26000,13000,413,https://www.musinsa.com/app/goods/1473721?loc=goods_rank
주얼리,57,TBH12CDBC003NVON,TOWTOW ARCHIVE,MAUI LEATHER BRACELET-NAVY : ARCHIVE-005,"
                                                                                                                                                52000",52000,2400,https://www.musinsa.com/app/goods/2288225?loc=goods_rank
주얼리,58,DJ23SS4,DOFFJASON,[2PACK] 천연 소가죽 레더 팔찌,89000,49800,745,https://www.musinsa.com/app/goods/3345989?loc=goods_rank
주얼리,59,JJPJNQ9AF509SR420,JESTINA,제이블랑 목걸이 (JJPJNQ9AF509SR420),120000,47200,11646,https://www.musinsa.com/app/goods/1286921?loc=goods_rank
주얼리,60,FMQFAXA808M,MAISON MINED,LAYERED TWO RING NECKLACE (BLUE STONE),59000,47200,327,https://www.musinsa.com/app/goods/2679004?loc=goods_rank
주얼리,61,JALJHP3BS807FA000,JESTINA,LALA J 새틴 리본 헤어집게핀 (JALJHP3BS807FA000),99000,47200,273,https://www.musinsa.com/app/goods/3105742?loc=goods_rank
주얼리,62,202305,RUNDS,블랙 젬스톤 넥크리스,"
                                                                                                                                                45000",45000,2176,https://www.musinsa.com/app/goods/3090752?loc=goods_rank
주얼리,63,GSPR-003,GLORY_ARDEN,변색/알러지없는 써지컬스틸 4mm 기본링,14000,11200,756,https://www.musinsa.com/app/goods/355765?loc=goods_rank
주얼리,64,8,BYWEEKEND,silver925 big plat earring,"
                                                                                                                                                43000",43000,66,https://www.musinsa.com/app/goods/2321689?loc=goods_rank
주얼리,65,101872,WILD BRICKS,EN TOGGLE BRACELET (beige),"
                                                                                                                                                42000",42000,679,https://www.musinsa.com/app/goods/3191588?loc=goods_rank
주얼리,66,N070,DOHAS,dice hook choker,"
                                                                                                                                                42000",42000,130,https://www.musinsa.com/app/goods/3385059?loc=goods_rank
주얼리,67,TBH32ABBC030,TOWTOW ARCHIVE,PAISLEY SYMBOL BRACELET-TURQUOISE,"
                                                                                                                                                42000",42000,209,https://www.musinsa.com/app/goods/3408340?loc=goods_rank
주얼리,68,122,BYWEEKEND,silver925 about ring,"
                                                                                                                                                41000",41000,68,https://www.musinsa.com/app/goods/2793012?loc=goods_rank
주얼리,69,deux.k.09,VERTE,[14K] HAUTE PEARL EARRING (8MM)(PINK),"
                                                                                                                                                41000",41000,28,https://www.musinsa.com/app/goods/3423535?loc=goods_rank
주얼리,70,deux.k.09,VERTE,[14K] HAUTE PEARL EARRING (8MM)(GRAY),"
                                                                                                                                                41000",41000,14,https://www.musinsa.com/app/goods/3423536?loc=goods_rank
주얼리,71,SC1044T-ESV18,STONEHENGE,실버 진주 귀걸이 SC1044,80000,40000,131,https://www.musinsa.com/app/goods/3226057?loc=goods_rank
주얼리,72,LPFL1A17G400000000,LLOYD,원형 큐빅 14K 귀걸이 (9종 택1),"
                                                                                                                                                39900",39900,1241,https://www.musinsa.com/app/goods/2181027?loc=goods_rank
주얼리,73,JALJHP3BS802FA000,JESTINA,LALA J 리본 헤어핀 - 블랙 (JALJHP3BS802FA000),49000,39200,891,https://www.musinsa.com/app/goods/3045318?loc=goods_rank
주얼리,74,ss 10,KINDABABY,selena silk ribbon headband,49000,39200,96,https://www.musinsa.com/app/goods/3280145?loc=goods_rank
주얼리,75,11080005,JBANS CLASSIC,볼드박스 써지컬스틸 체인팔찌 (C1902-AC514SV),15000,9750,2380,https://www.musinsa.com/app/goods/1014921?loc=goods_rank
주얼리,76,B025,LAZYDAWN,box chain couple bracelet B025,"
                                                                                                                                                39000",39000,800,https://www.musinsa.com/app/goods/2028000?loc=goods_rank
주얼리,77,DF22SS11012,DOFFJASON,카우하이드 체인 로프 레더 팔찌 BLACK,46000,39000,3542,https://www.musinsa.com/app/goods/2541647?loc=goods_rank
주얼리,78,23ss26,MERRYMOTIVE,3 pendant point with slim chain necklace,"
                                                                                                                                                39000",39000,222,https://www.musinsa.com/app/goods/3177589?loc=goods_rank
주얼리,79,DJ23SSEBR001SLV,DOFFJASON,아게이트 스톤 레이어드 팔찌,46000,39000,1683,https://www.musinsa.com/app/goods/3263266?loc=goods_rank
주얼리,80,DJ23SSCBR002BLK,DOFFJASON,카우하이드 후프 레이어드 팔찌,46000,39000,370,https://www.musinsa.com/app/goods/3263297?loc=goods_rank
주얼리,81,kulaccr1,KUL,RUND,"
                                                                                                                                                39000",39000,724,https://www.musinsa.com/app/goods/3450769?loc=goods_rank
주얼리,82,SN-7311,AEKKI,#스티프 체인 1.2mm 실버 목걸이,"
                                                                                                                                                38000",38000,435,https://www.musinsa.com/app/goods/939572?loc=goods_rank
주얼리,83,FTQFAXA802M,MARTIN PLAN,Layered Ring,39000,37100,2362,https://www.musinsa.com/app/goods/2685505?loc=goods_rank
주얼리,84,FTRMAXA813M,MARTIN PLAN,Flat Flower Ring,39000,37000,989,https://www.musinsa.com/app/goods/3326349?loc=goods_rank
주얼리,85,C0233,BLESSED BULLET,10mm 가시 링크 목걸이_빈티지 실버/실버,119000,36000,1673,https://www.musinsa.com/app/goods/1864706?loc=goods_rank
주얼리,86,SC1414T-ESV20,STONEHENGE,실버 원터치 귀걸이 SC1414,70000,35000,63,https://www.musinsa.com/app/goods/3226100?loc=goods_rank
주얼리,87,38103,HAWHA,BOLD SPARKLE CHAIN NECKLACE,43000,34400,363,https://www.musinsa.com/app/goods/2540241?loc=goods_rank
주얼리,88,5004670928,LUV IS TRUE,PY LVT NECKLACE(SILVER),35000,31500,985,https://www.musinsa.com/app/goods/3305516?loc=goods_rank
주얼리,89,2022,LAYERMOOD,LM 심플 롱 체인 목걸이,39000,31200,65,https://www.musinsa.com/app/goods/2845198?loc=goods_rank
주얼리,90,17,MARCOROHO,으뜸_할머니 일자리 기부팔찌,"
                                                                                                                                                31000",31000,696,https://www.musinsa.com/app/goods/402133?loc=goods_rank
주얼리,91,114,BYWEEKEND,silver925 soul earring,"
                                                                                                                                                31000",31000,65,https://www.musinsa.com/app/goods/2663091?loc=goods_rank
주얼리,92,C223RUNE01SVFF,CHUCK,유니버스 래빗 목걸이 (실버),43000,30100,3885,https://www.musinsa.com/app/goods/2716896?loc=goods_rank
주얼리,93,E1066,ROCKING AG,E1066_럭키세븐,"
                                                                                                                                                30000",30000,13,https://www.musinsa.com/app/goods/795581?loc=goods_rank
주얼리,94,E1059,ROCKING AG,E1059_나사  별 피어싱,"
                                                                                                                                                30000",30000,131,https://www.musinsa.com/app/goods/816419?loc=goods_rank
주얼리,95,23FWSTN8,SILVERTAG,STN-SC 클립 목걸이,"
                                                                                                                                                30000",30000,6,https://www.musinsa.com/app/goods/3484959?loc=goods_rank
주얼리,96,fw1,KINDABABY,tiny pearls head band,46000,29900,95,https://www.musinsa.com/app/goods/2286307?loc=goods_rank
주얼리,97,DF22SS11010,DOFFJASON,미니멀 레이어드 레더 팔찌 BEIGE,43000,29800,1422,https://www.musinsa.com/app/goods/2541637?loc=goods_rank
주얼리,98,1,NONENON,SMILE RNG,37000,29600,681,https://www.musinsa.com/app/goods/910610?loc=goods_rank
주얼리,99,E497,ROCKING AG,E497_블로썸크로스 귀걸이(SX/S/B)피어싱,"
                                                                                                                                                29000",29000,218,https://www.musinsa.com/app/goods/892344?loc=goods_rank
주얼리,100,E0078,BLESSED BULLET,블랙라인 오리지널 체인 팔찌_5.5/6/9mm,94000,29000,322,https://www.musinsa.com/app/goods/2301967?loc=goods_rank
