﻿카테고리,순위,품번,브랜드명,상품명(한글),판매가,비회원가,좋아요 수,URL
스니커즈,1,L41252900,SALOMON SPORTSTYLE,XT-6 - 화이트:화이트:루나 락,"
                                                                                                                                                260000",260000,14977,https://www.musinsa.com/app/goods/1762407?loc=goods_rank
스니커즈,2,ID6858,ADIDAS,포럼 로우 클래식 - 화이트,129000,89900,4243,https://www.musinsa.com/app/goods/3081253?loc=goods_rank
스니커즈,3,HQ8750,ADIDAS,아디폼 슈퍼스타 - 화이트:블랙,89000,75900,4672,https://www.musinsa.com/app/goods/3008039?loc=goods_rank
스니커즈,4,IF0641,ADIDAS,삼바 Decon IF0641,"
                                                                                                                                                179000",179000,2791,https://www.musinsa.com/app/goods/3543294?loc=goods_rank
스니커즈,5,IF0642,ADIDAS,삼바 Decon IF0642,"
                                                                                                                                                179000",179000,3395,https://www.musinsa.com/app/goods/3543293?loc=goods_rank
스니커즈,6,389368-07,PUMA,코트 울트라 - 화이트:블랙,79000,24900,614,https://www.musinsa.com/app/goods/3172145?loc=goods_rank
스니커즈,7,VN0A38G2PXC1,VANS,올드스쿨 36 DX - (애너하임 팩토리) - 블랙:화이트,99000,78900,25129,https://www.musinsa.com/app/goods/695334?loc=goods_rank
스니커즈,8,HP5515,ADIDAS,BW 아미 - 화이트:그레이,139000,76900,27444,https://www.musinsa.com/app/goods/2638067?loc=goods_rank
스니커즈,9,IG4999,ADIDAS,가젤 인도어 - 블랙:옐로우,"
                                                                                                                                                169000",169000,720,https://www.musinsa.com/app/goods/3535974?loc=goods_rank
스니커즈,10,A02755C,CONVERSE,척70 시즈널 컬러 스쿼럴 프렌드 A02755C,99000,44550,4078,https://www.musinsa.com/app/goods/2987458?loc=goods_rank
스니커즈,11,BZ0579,ADIDAS,BW 아미 - 화이트,139000,82900,68328,https://www.musinsa.com/app/goods/577636?loc=goods_rank
스니커즈,12,L41741300,SALOMON SPORTSTYLE,XT-6 익스펜스 - 블랙:에보니:마그넷,"
                                                                                                                                                230000",230000,5150,https://www.musinsa.com/app/goods/2737457?loc=goods_rank
스니커즈,13,NBPDDF711B_19,NEW BALANCE,NBPDDF711B,"
                                                                                                                                                139000",139000,4863,https://www.musinsa.com/app/goods/3479543?loc=goods_rank
스니커즈,14,745647,SHOOPEN,[키높이 4.5cm 추가] 유니 레더 독일군 HPMR6DA03M,"
                                                                                                                                                59900",59900,11089,https://www.musinsa.com/app/goods/2440110?loc=goods_rank
스니커즈,15,162050C,CONVERSE,척 70 클래식 블랙 162050C,99000,89100,102184,https://www.musinsa.com/app/goods/810033?loc=goods_rank
스니커즈,16,ID4676,ADIDAS,슈퍼스타 - 블랙:크림,"
                                                                                                                                                149000",149000,298,https://www.musinsa.com/app/goods/3545293?loc=goods_rank
스니커즈,17,H06261,ADIDAS,가젤 인도어 - 레드:화이트,"
                                                                                                                                                169000",169000,5734,https://www.musinsa.com/app/goods/3364209?loc=goods_rank
스니커즈,18,EE6999,ADIDAS,오즈위고 - 트리플블랙,149000,89900,34451,https://www.musinsa.com/app/goods/1473136?loc=goods_rank
스니커즈,19,L47149900,SALOMON SPORTSTYLE,스피드벌스 PRG - 화이트:바닐라:팬텀,"
                                                                                                                                                210000",210000,436,https://www.musinsa.com/app/goods/3224812?loc=goods_rank
스니커즈,20,L47148200,SALOMON SPORTSTYLE,XT-6 - 콰일:플럼 키튼:바닐라 아이스,"
                                                                                                                                                260000",260000,5068,https://www.musinsa.com/app/goods/3172975?loc=goods_rank
스니커즈,21,H06259,ADIDAS,가젤 인도어 - 블랙:화이트,"
                                                                                                                                                169000",169000,13542,https://www.musinsa.com/app/goods/3364208?loc=goods_rank
스니커즈,22,NBP7DF700G_15,NEW BALANCE,NBP7DF700G,"
                                                                                                                                                119000",119000,12659,https://www.musinsa.com/app/goods/2622254?loc=goods_rank
스니커즈,23,M9166C,CONVERSE,척테일러 올스타 블랙 옥스 M9166C,59000,53100,118912,https://www.musinsa.com/app/goods/311052?loc=goods_rank
스니커즈,24,FY9042,ADIDAS,포럼 볼드 W - 화이트,139000,89900,10128,https://www.musinsa.com/app/goods/2825393?loc=goods_rank
스니커즈,25,NBP7DF721G _15,NEW BALANCE,NBP7DF721G,"
                                                                                                                                                139000",139000,14617,https://www.musinsa.com/app/goods/1990244?loc=goods_rank
스니커즈,26,VN000EE3WHT1,VANS,어센틱 - 화이트,69000,54900,29904,https://www.musinsa.com/app/goods/102618?loc=goods_rank
스니커즈,27,CLA_26155515,CLARKS,WALLABEE M 26155515,"
                                                                                                                                                258000",258000,1391,https://www.musinsa.com/app/goods/3262238?loc=goods_rank
스니커즈,28,EG4959,ADIDAS,슈퍼스타 - 블랙:화이트,"
                                                                                                                                                139000",139000,60522,https://www.musinsa.com/app/goods/1622069?loc=goods_rank
스니커즈,29,VN000ZDF1WX1,VANS,올드스쿨(캔버스) - 블랙:트루 화이트,85000,69900,68206,https://www.musinsa.com/app/goods/186610?loc=goods_rank
스니커즈,30,GW8206,ADIDAS,토바코 Gruen GW8206,"
                                                                                                                                                139000",139000,4556,https://www.musinsa.com/app/goods/3532933?loc=goods_rank
스니커즈,31,BE0029E1BC116FW23,GIVENCHY,여성 시티 스니커즈 - 화이트:블랙,800000,498000,45,https://www.musinsa.com/app/goods/3397288?loc=goods_rank
스니커즈,32,NBPDDF726B_19,NEW BALANCE,NBPDDF726B,"
                                                                                                                                                119000",119000,4570,https://www.musinsa.com/app/goods/2909718?loc=goods_rank
스니커즈,33,168513C,CONVERSE,척 70 빈티지 캔버스 미드나잇클로버 168513C,95000,76000,26826,https://www.musinsa.com/app/goods/1493229?loc=goods_rank
스니커즈,34,DXSH2111N-BES,DISCOVERY EXPEDITION,조거 플렉스 (LIGHT BEIGE),"
                                                                                                                                                109000",109000,34137,https://www.musinsa.com/app/goods/1130307?loc=goods_rank
스니커즈,35,L47236600,SALOMON SPORTSTYLE,ACS+ - 블랙:블랙:실버,"
                                                                                                                                                230000",230000,1184,https://www.musinsa.com/app/goods/3172979?loc=goods_rank
스니커즈,36,NBPDDF711J_40,NEW BALANCE,NBPDDF711J,"
                                                                                                                                                139000",139000,1441,https://www.musinsa.com/app/goods/3479538?loc=goods_rank
스니커즈,37,EP1SN1CT08001,EPT,COURT (OFF WHITE),"
                                                                                                                                                129000",129000,25488,https://www.musinsa.com/app/goods/1900410?loc=goods_rank
스니커즈,38,560251C,CONVERSE,척테일러 올스타 캔버스 리프트 화이트 560251C,79000,71100,46247,https://www.musinsa.com/app/goods/1494180?loc=goods_rank
스니커즈,39,A07083C,CONVERSE,척 70 시즈널 컬러 럭키핑크 A07083C,95000,66500,4062,https://www.musinsa.com/app/goods/3377478?loc=goods_rank
스니커즈,40,162058C,CONVERSE,척 70 클래식  블랙 162058C,95000,85500,107675,https://www.musinsa.com/app/goods/810034?loc=goods_rank
스니커즈,41,VN0A38ENMR21,VANS,어센틱 44 DX - (애너하임 팩토리) 블랙,95000,75900,13140,https://www.musinsa.com/app/goods/490135?loc=goods_rank
스니커즈,42,D67397,ADIDAS,시티 마라톤 PT - 베이지:네이비,119000,69900,18726,https://www.musinsa.com/app/goods/181907?loc=goods_rank
스니커즈,43,RXSOXXCVUP2,REEBOK,클럽 C 85 빈티지 - 빈티지 핑크,"
                                                                                                                                                109000",109000,3486,https://www.musinsa.com/app/goods/2929326?loc=goods_rank
스니커즈,44,A01451C,CONVERSE,척70 시즈널 빈티지 캔버스 아이언 그레이 A01451C,95000,76000,7512,https://www.musinsa.com/app/goods/2744865?loc=goods_rank
스니커즈,45,VN0A3DZ3QKP1,VANS,스타일 36 - (스웨이드) 마쉬멜로우:블랙,79000,58900,17534,https://www.musinsa.com/app/goods/2731878?loc=goods_rank
스니커즈,46,VN0001R1GI61,VANS,올드스쿨 - (껌)블랙:화이트,85000,44900,22233,https://www.musinsa.com/app/goods/490093?loc=goods_rank
스니커즈,47,IE9936,ADIDAS,포럼 84 로우 - 크림:베이지,"
                                                                                                                                                149000",149000,1226,https://www.musinsa.com/app/goods/3411214?loc=goods_rank
스니커즈,48,16736001,DR.MARTENS,단테 - 블랙,170000,144500,8295,https://www.musinsa.com/app/goods/1134374?loc=goods_rank
스니커즈,49,IF9995,ADIDAS,슈퍼스타 XLG - 화이트:블랙,"
                                                                                                                                                139000",139000,1714,https://www.musinsa.com/app/goods/3409367?loc=goods_rank
스니커즈,50,VN0A3JEXPU11,VANS,클래식 슬립온 98 DX - (애너하임 팩토리) 체커보드:블랙:화이트,95000,66900,14761,https://www.musinsa.com/app/goods/1478592?loc=goods_rank
스니커즈,51,3ASXCLB3N-50BKS,MLB,청키라이너 NY (Black),"
                                                                                                                                                139000",139000,3134,https://www.musinsa.com/app/goods/2974603?loc=goods_rank
스니커즈,52,NBPDDF711F_85,NEW BALANCE,NBPDDF711F,"
                                                                                                                                                139000",139000,1478,https://www.musinsa.com/app/goods/3479540?loc=goods_rank
스니커즈,53,L47069100,SALOMON SPORTSTYLE,XT-6 마인드풀 - 그레이 그린:모스 그레이:카스토르 그레이,"
                                                                                                                                                260000",260000,2153,https://www.musinsa.com/app/goods/2737456?loc=goods_rank
스니커즈,54,A07234C,CONVERSE,척 70 시즈널 컬러 오트밀크 A07234C,95000,57000,1837,https://www.musinsa.com/app/goods/3206278?loc=goods_rank
스니커즈,55,HQ6912,ADIDAS,가젤 볼드 W - 블랙:화이트,"
                                                                                                                                                139000",139000,4893,https://www.musinsa.com/app/goods/2992067?loc=goods_rank
스니커즈,56,1127953-BBLC,HOKA,( (남성) 본디 8 와이드 - 블랙,"
                                                                                                                                                219000",219000,650,https://www.musinsa.com/app/goods/3377428?loc=goods_rank
스니커즈,57,VN0A38ENMR41,VANS,어센틱 44 DX - (애너하임 팩토리) 클래식 화이트,95000,75900,10831,https://www.musinsa.com/app/goods/490134?loc=goods_rank
스니커즈,58,VN000EYEBLK1,VANS,클래식 슬립온 - 블랙,"
                                                                                                                                                69000",69000,10826,https://www.musinsa.com/app/goods/165988?loc=goods_rank
스니커즈,59,GY0042,ADIDAS,캠퍼스 00s - 크림:블랙,129000,102900,3657,https://www.musinsa.com/app/goods/3188620?loc=goods_rank
스니커즈,60,1132211-WWH,HOKA,(여성) 클리프톤 9 와이드 - 화이트,"
                                                                                                                                                189000",189000,180,https://www.musinsa.com/app/goods/3377448?loc=goods_rank
스니커즈,61,L47169300,SALOMON SPORTSTYLE,스피드크로스 3 마인드풀 2 - 모트:바닐라,"
                                                                                                                                                185000",185000,1175,https://www.musinsa.com/app/goods/3172978?loc=goods_rank
스니커즈,62,VN0A3WM7VNE1,VANS,컴피쿠시 어센틱 - (클래식) 블랙:트루 화이트,75000,59900,7627,https://www.musinsa.com/app/goods/1608813?loc=goods_rank
스니커즈,63,FY7757,ADIDAS,포럼 로우 - 화이트:블랙,129000,89900,9000,https://www.musinsa.com/app/goods/2068678?loc=goods_rank
스니커즈,64,IG1024,ADIDAS,삼바 OG - 화이트:그린,"
                                                                                                                                                139000",139000,10607,https://www.musinsa.com/app/goods/3409005?loc=goods_rank
스니커즈,65,GY4559,ADIDAS,퍼피렛 - 블랙:그레이,"
                                                                                                                                                89000",89000,5401,https://www.musinsa.com/app/goods/2815896?loc=goods_rank
스니커즈,66,HQ4202,ADIDAS,울트라부스트 1.0 - 화이트,199000,169900,221,https://www.musinsa.com/app/goods/3091285?loc=goods_rank
스니커즈,67,L41086600,SALOMON SPORTSTYLE,XT-6 - 블랙:블랙:팬텀,"
                                                                                                                                                260000",260000,12606,https://www.musinsa.com/app/goods/1762406?loc=goods_rank
스니커즈,68,GPS21A2-1,GRIMPER,프레즐 스틱 화이트,"
                                                                                                                                                79000",79000,4588,https://www.musinsa.com/app/goods/2821983?loc=goods_rank
스니커즈,69,IE2165,ADIDAS,가젤 85 - 그린,"
                                                                                                                                                159000",159000,1705,https://www.musinsa.com/app/goods/3353257?loc=goods_rank
스니커즈,70,M7652C,CONVERSE,척테일러 올스타 화이트 옥스 M7652C,59000,53100,50282,https://www.musinsa.com/app/goods/311050?loc=goods_rank
스니커즈,71,1183A201_124,ONITSUKA TIGER,멕시코 66  1183A201_124,"
                                                                                                                                                150000",150000,1052,https://www.musinsa.com/app/goods/3390831?loc=goods_rank
스니커즈,72,NBPADS132W_10,NEW BALANCE,NBPADS132W,"
                                                                                                                                                149000",149000,4398,https://www.musinsa.com/app/goods/2395327?loc=goods_rank
스니커즈,73,22127100,DR.MARTENS,단테 - 화이트,170000,144500,7478,https://www.musinsa.com/app/goods/1115031?loc=goods_rank
스니커즈,74,3ASXCA12N-50GRL,MLB,청키 라이너 (CHUNKY LINER) NY (L.Grey),"
                                                                                                                                                139000",139000,14609,https://www.musinsa.com/app/goods/2638808?loc=goods_rank
스니커즈,75,RESO3FN1MBA,REEBOK,플로트라이드 에너지 5 - 블랙,"
                                                                                                                                                139000",139000,223,https://www.musinsa.com/app/goods/3078634?loc=goods_rank
스니커즈,76,VN0A5FCAAUH1,VANS,슬립온 - (스케이트) 체커보드:블랙:오프 화이트,85000,67900,2335,https://www.musinsa.com/app/goods/2666868?loc=goods_rank
스니커즈,77,389406-03,PUMA,푸마 클럽 5v5 - 화이트:블랙:골드,69000,33900,1284,https://www.musinsa.com/app/goods/3155559?loc=goods_rank
스니커즈,78,GANCH063,POSEGANCH,멈멈 C.V 올블랙,74000,66600,4868,https://www.musinsa.com/app/goods/1800479?loc=goods_rank
스니커즈,79,HQ6939,ADIDAS,니짜 트레포일 - 블랙:화이트,79000,42000,3617,https://www.musinsa.com/app/goods/2822682?loc=goods_rank
스니커즈,80,MAPOFTW0CT20352-250,POLO RALPH LAUREN,롱우드 스웨이드 스니커즈 - 베이지,189000,132300,255,https://www.musinsa.com/app/goods/2707198?loc=goods_rank
스니커즈,81,IG0669,ADIDAS,가젤 - 블랙:옐로우,"
                                                                                                                                                129000",129000,891,https://www.musinsa.com/app/goods/3328433?loc=goods_rank
스니커즈,82,NBPDDB429Z_50,NEW BALANCE,NBPDDB429Z,"
                                                                                                                                                129000",129000,3043,https://www.musinsa.com/app/goods/3370985?loc=goods_rank
스니커즈,83,MAPOFTW0CT20453-100,POLO RALPH LAUREN,에센스 100 캔버스 캡 토 스니커즈 - 화이트,"
                                                                                                                                                119000",119000,1251,https://www.musinsa.com/app/goods/3148930?loc=goods_rank
스니커즈,84,374915-01,PUMA,스웨이드 클래식 XXI - 블랙:화이트,99000,58900,3384,https://www.musinsa.com/app/goods/1740994?loc=goods_rank
스니커즈,85,11001TM01781F001,FILA,코트 라이트(1TM01781F001),"
                                                                                                                                                55000",55000,1728,https://www.musinsa.com/app/goods/2397596?loc=goods_rank
스니커즈,86,VN000EWZW001,VANS,에라 - 트루 화이트,69000,54900,12254,https://www.musinsa.com/app/goods/165996?loc=goods_rank
스니커즈,87,UO223CCU40_WHT0,UMBRO,WAVECITI (웨이브시티) 화이트(UO223CCU40),"
                                                                                                                                                109000",109000,202,https://www.musinsa.com/app/goods/3216281?loc=goods_rank
스니커즈,88,HQ8707,ADIDAS,캠퍼스 00s - 그레이,129000,102900,5303,https://www.musinsa.com/app/goods/3167965?loc=goods_rank
스니커즈,89,LRCWVA9L8919,LORENZO BANFI,M820 샤크솔 스니커즈 블랙,359000,359000,12,https://www.musinsa.com/app/goods/1896339?loc=goods_rank
스니커즈,90,VN0A5JMPKIG1,VANS,어센틱 - (스웨이드) 마쉬멜로우:블랙,79000,54900,15463,https://www.musinsa.com/app/goods/2825931?loc=goods_rank
스니커즈,91,1201A564-020,ASICS,조그 100 S SMU (2E) - 라이트 그레이:미드 그레이,"
                                                                                                                                                79000",79000,11855,https://www.musinsa.com/app/goods/2325702?loc=goods_rank
스니커즈,92,ID7029,ADIDAS,캠퍼스 00s W - 그린:화이트,129000,102900,607,https://www.musinsa.com/app/goods/3409370?loc=goods_rank
스니커즈,93,VN00018EBLK1,VANS,클래식 슬립온 플랫폼 - 블랙,75000,49900,7144,https://www.musinsa.com/app/goods/937570?loc=goods_rank
스니커즈,94,5000902026,NATIONALGEOGRAPHIC,N235USN014 스텀프 BEIGE,109000,99000,263,https://www.musinsa.com/app/goods/2965300?loc=goods_rank
스니커즈,95,IF3915,ADIDAS,아디폼 슈퍼노바 - 블랙,"
                                                                                                                                                99000",99000,497,https://www.musinsa.com/app/goods/3490506?loc=goods_rank
스니커즈,96,VN0A45J5R6R1,VANS,컴피쿠시 원 - (체커보드) 블랙:마시멜로우,109000,75900,25291,https://www.musinsa.com/app/goods/2233180?loc=goods_rank
스니커즈,97,HQ8752,ADIDAS,아디폼 슈퍼스타 - 블랙:화이트,89000,75900,2470,https://www.musinsa.com/app/goods/3008047?loc=goods_rank
스니커즈,98,A02770C,CONVERSE,척70 시즈널 컬러 써니 오아시스 A02770C,"
                                                                                                                                                95000",95000,4808,https://www.musinsa.com/app/goods/2987439?loc=goods_rank
스니커즈,99,5000952409,23.65,VIVI WHITE,114000,29900,1755,https://www.musinsa.com/app/goods/2850842?loc=goods_rank
스니커즈,100,FY7939,ADIDAS,포럼 미드 - 화이트:블랙,139000,89900,3219,https://www.musinsa.com/app/goods/2145674?loc=goods_rank
