﻿카테고리,순위,품번,브랜드명,상품명(한글),판매가,비회원가,좋아요 수,URL
가방,1,056-4,MMOGARDEN,mmo backpack nylon metalrip,"
                                                                                                                                                87000",87000,600,https://www.musinsa.com/app/goods/3009173?loc=goods_rank
가방,2,056-2,MMOGARDEN,mmo backpack nylon metalrip,"
                                                                                                                                                87000",87000,984,https://www.musinsa.com/app/goods/3009113?loc=goods_rank
가방,3,056-3,MMOGARDEN,mmo backpack nylon metalrip,"
                                                                                                                                                87000",87000,627,https://www.musinsa.com/app/goods/3009143?loc=goods_rank
가방,4,P0000DYT,L.E.E.Y,RIVET SPRAY CYLINDER MINI BAG WHITE,178000,160200,48,https://www.musinsa.com/app/goods/3567593?loc=goods_rank
가방,5,678401DV7071000FW22,SAINT LAURENT,여성 루루 토이 모노그램 숄더백 - 블랙,2430000,1687000,1032,https://www.musinsa.com/app/goods/2849886?loc=goods_rank
가방,6,MTK21BBG016W0BB,MATIN KIM,SPORTY TOTE BAG IN BLACK,"
                                                                                                                                                145000",145000,30949,https://www.musinsa.com/app/goods/2235274?loc=goods_rank
가방,7,S#ak11,HAHARCHIVE,아크 블랙 메신저백,"
                                                                                                                                                79000",79000,117868,https://www.musinsa.com/app/goods/1789507?loc=goods_rank
가방,8,NM2DP51A,THE NORTH FACE,NM2DP51A 빅샷,150000,135000,61366,https://www.musinsa.com/app/goods/1034480?loc=goods_rank
가방,9,P0000DFG,MATIN KIM,ACCORDION WALLET IN BLACK,"
                                                                                                                                                88000",88000,55633,https://www.musinsa.com/app/goods/1969507?loc=goods_rank
가방,10,JS0A4QUT008,JANSPORT,슈퍼브레이크 BLACK,54000,51200,34534,https://www.musinsa.com/app/goods/1528287?loc=goods_rank
가방,11,NG2CFUAB88ABK,NICEGHOSTCLUB,NGC 슬링 백_블랙(NG2CFUAB88A),159000,127200,27392,https://www.musinsa.com/app/goods/2702033?loc=goods_rank
가방,12,Cushiony Hobo Bag,DUMARO,쿠셔니 호보 백,94000,94000,428,https://www.musinsa.com/app/goods/2402762?loc=goods_rank
가방,13,A043CD2B,AGED GRAY,코듀라더블버클2웨이백팩,98000,98000,5270,https://www.musinsa.com/app/goods/1241170?loc=goods_rank
가방,14,1176680,BRIGHTON,본드 20/24/28형 여행용캐리어 여행가방 화물용 케리어,230000,74900,15436,https://www.musinsa.com/app/goods/1447194?loc=goods_rank
가방,15,21N-017A,STAND OIL,Oblong bag Mini · 오블롱백 미니,"
                                                                                                                                                96000",96000,51846,https://www.musinsa.com/app/goods/2344540?loc=goods_rank
가방,16,PXAWVF61179CADFW23,A.P.C.,여성 베티 크로스백 - 브라운,819000,239000,199,https://www.musinsa.com/app/goods/3459616?loc=goods_rank
가방,17,20N-006B,STAND OIL,Butter bag  Classic · 버터백 클래식,"
                                                                                                                                                89000",89000,37455,https://www.musinsa.com/app/goods/2343665?loc=goods_rank
가방,18,CR22A512BK,SCULPTOR,Oldschool Slouchy Backpack Black,84000,58800,20832,https://www.musinsa.com/app/goods/3034743?loc=goods_rank
가방,19,NM2DN57A,THE NORTH FACE,NM2DN57A 빅샷 에어,149000,134100,1827,https://www.musinsa.com/app/goods/2229494?loc=goods_rank
가방,20,JS0A4QUE1008,JANSPORT,슈퍼브레이크 플러스 랩탑 BLACK,59000,55900,18402,https://www.musinsa.com/app/goods/1534526?loc=goods_rank
가방,21,SA1VX0011P4455T8013FW23,MAISON MARGIELA,공용 4 스티치 카드 홀더 - 블랙,"
                                                                                                                                                396000",396000,1322,https://www.musinsa.com/app/goods/3368161?loc=goods_rank
가방,22,Salt Bag,DUMARO,솔트백,98000,98000,1474,https://www.musinsa.com/app/goods/3446244?loc=goods_rank
가방,23,MMLGBC2A016,MMLG,[Mmlg] MMLG RUCKSACK (BEIGE),"
                                                                                                                                                92000",92000,13386,https://www.musinsa.com/app/goods/2279619?loc=goods_rank
가방,24,P0000DHO,MATIN KIM,BIG COATING TOTE BAG IN BLACK,"
                                                                                                                                                178000",178000,13967,https://www.musinsa.com/app/goods/2112607?loc=goods_rank
가방,25,22N-057A,STAND OIL,Post bag · 포스트백,91000,86450,12711,https://www.musinsa.com/app/goods/2930265?loc=goods_rank
가방,26,22G-039A,STAND OIL,Chubby bag · 츄비백,"
                                                                                                                                                119000",119000,25532,https://www.musinsa.com/app/goods/2558648?loc=goods_rank
가방,27,SMO_B01465,SAMO ONDOH,포켓 머그백 pocket mug bag L - nappa black,"
                                                                                                                                                165000",165000,1440,https://www.musinsa.com/app/goods/3328755?loc=goods_rank
가방,28,P0000BCQ,FILLINTHEBLANK,Trapezoid PK Shoulder Bag (marble)(stone),"
                                                                                                                                                159000",159000,3730,https://www.musinsa.com/app/goods/3256674?loc=goods_rank
가방,29,essentialMB(bk),PEEPS,에센셜 메신져백 블랙,52000,37700,67788,https://www.musinsa.com/app/goods/342189?loc=goods_rank
가방,30,MAPOBGS0G620101-410,POLO RALPH LAUREN,윔블던 쇼퍼 토트백 - 네이비,149000,104300,1116,https://www.musinsa.com/app/goods/2486325?loc=goods_rank
가방,31,OVBLX23001BLK,ARCHIVEPKE,Mini bowling bag(Deep sleep)_OVBLX23001BLK,99000,89100,30837,https://www.musinsa.com/app/goods/1910358?loc=goods_rank
가방,32,5000575073,MASMARULEZ,Daily backpack _ Black,69000,46000,31268,https://www.musinsa.com/app/goods/2245910?loc=goods_rank
가방,33,MK2213BG020M0BE,MATIN KIM,BABY SPORTY TOTE BAG IN BEIGE,"
                                                                                                                                                138000",138000,3936,https://www.musinsa.com/app/goods/2577897?loc=goods_rank
가방,34,MMQ7AH001A,MAISON MINED,TWO POCKET BACKPACK,98000,83300,29861,https://www.musinsa.com/app/goods/913402?loc=goods_rank
가방,35,H73105010,CARLYN,위켄더 3colors_H73105010,"
                                                                                                                                                120000",120000,2303,https://www.musinsa.com/app/goods/3270689?loc=goods_rank
가방,36,halfmoon cross bag_khaki beige,MASMARULEZ,halfmoon cross bag_khaki beige,51000,39000,16637,https://www.musinsa.com/app/goods/2320960?loc=goods_rank
가방,37,RCR7573BKZF,RAWROW,스트링 크로스백 750 ep.2 Black,"
                                                                                                                                                59000",59000,5563,https://www.musinsa.com/app/goods/1090154?loc=goods_rank
가방,38,BDW-9342,BEN DAVIS,오리지널 가제트 백팩 30L 블랙,"
                                                                                                                                                118000",118000,6802,https://www.musinsa.com/app/goods/1188993?loc=goods_rank
가방,39,JU05331LC0031P199SS23,MAISON KITSUNE,공용 트리컬러 폭스 카드 홀더 - 블랙,193500,115000,187,https://www.musinsa.com/app/goods/3289797?loc=goods_rank
가방,40,JHNCHD3BF241BK260,JESTINA,AVA LG 토트 BK (JHNCHD3BF241BK260),238000,214200,10,https://www.musinsa.com/app/goods/3533711?loc=goods_rank
가방,41,MK2378BG061M0OL,MATIN KIM,VINTAGE LEATHER MINI BOSTON BAG IN OLIVE,238000,214200,19,https://www.musinsa.com/app/goods/3573028?loc=goods_rank
가방,42,5000640061,MASMARULEZ,빅 트래블백 _ 블랙,67500,34500,14215,https://www.musinsa.com/app/goods/1377156?loc=goods_rank
가방,43,KUF22B31GJ,K2,프라임 15L(PRIME 15L)_Light Beige,115000,63000,4,https://www.musinsa.com/app/goods/2591528?loc=goods_rank
가방,44,AG21BB01,AGERN,하이브리드 보스턴백 화이트,"
                                                                                                                                                198000",198000,19,https://www.musinsa.com/app/goods/2514672?loc=goods_rank
가방,45,CO2300BP01BK,COVERNAT,어센틱 로고 백팩 27L 블랙,89000,62300,41173,https://www.musinsa.com/app/goods/938746?loc=goods_rank
가방,46,LRBG3305BKO,LEATHERY,위켄더 숄더백 [BLACK],106000,95400,1047,https://www.musinsa.com/app/goods/3430993?loc=goods_rank
가방,47,LO-6915-BK,LOTUFF,남자 가죽 클러치백  LO-6915 BK,"
                                                                                                                                                189000",189000,19,https://www.musinsa.com/app/goods/686264?loc=goods_rank
가방,48,5001739946,KANGOL,듀스 Ⅲ 스트링 백팩 1426 블랙,"
                                                                                                                                                188000",188000,215,https://www.musinsa.com/app/goods/2991138?loc=goods_rank
가방,49,23J-074A,STAND OIL,Tied Backpack · 타이드 백팩,"
                                                                                                                                                91000",91000,3574,https://www.musinsa.com/app/goods/3318648?loc=goods_rank
가방,50,FM0BP01BKF,FENNEC,DRAWSTRING BACKPACK - BLACK,"
                                                                                                                                                88000",88000,14681,https://www.musinsa.com/app/goods/1838014?loc=goods_rank
가방,51,LRBG1407BK,LEATHERY,스퀘어 토트백 [BLACK],109000,87200,9814,https://www.musinsa.com/app/goods/2325729?loc=goods_rank
가방,52,JLBA2F733BK,JILL BY JILLSTUART,[듄] 블랙 레터링 웨빙 엠보 백팩,188000,169200,1170,https://www.musinsa.com/app/goods/2738078?loc=goods_rank
가방,53,MK2277BG025M0DG,MATIN KIM,FABRIC NEW SHOPPER BAG IN DARK GREY,"
                                                                                                                                                158000",158000,243,https://www.musinsa.com/app/goods/3551303?loc=goods_rank
가방,54,RR231AC004BK,REST&RECREATION,RR LOGO NYLON SHOULDER BAG BLACK,"
                                                                                                                                                156000",156000,518,https://www.musinsa.com/app/goods/3099789?loc=goods_rank
가방,55,Drawstring Sling Bag Black,PARTIMENTO,드로우스트링 슬링 백 블랙,49600,37200,13253,https://www.musinsa.com/app/goods/3216143?loc=goods_rank
가방,56,5000982833,D.LAB,비건가죽 미뇽 숄더백 - 3color(카드지갑증정),58000,36800,9037,https://www.musinsa.com/app/goods/2980368?loc=goods_rank
가방,57,N22SAC03-BK,NOIRER,레더 범 백 (블랙),165000,148500,759,https://www.musinsa.com/app/goods/2359466?loc=goods_rank
가방,58,NM2DP00B,THE NORTH FACE,NM2DP00B 빅샷,159000,143100,399,https://www.musinsa.com/app/goods/3128485?loc=goods_rank
가방,59,54,UNFOLD,string backpack (black),"
                                                                                                                                                69000",69000,4650,https://www.musinsa.com/app/goods/2066049?loc=goods_rank
가방,60,FBLIZZI34,FIND KAPOOR,마티 리지백 34 크링클드 - 5color,"
                                                                                                                                                139000",139000,950,https://www.musinsa.com/app/goods/3182892?loc=goods_rank
가방,61,MK2279BG030M0BB,MATIN KIM,ACCORDION MINI BAG IN BLACK,"
                                                                                                                                                138000",138000,15481,https://www.musinsa.com/app/goods/2770508?loc=goods_rank
가방,62,CR22A510BK,SCULPTOR,Two Way Bucket Messenger Bag Black,99000,69300,6365,https://www.musinsa.com/app/goods/3034746?loc=goods_rank
가방,63,P00000PN,BAG TO BASICS,클로이백 Chloe bag- 블랙,"
                                                                                                                                                135000",135000,428,https://www.musinsa.com/app/goods/3505347?loc=goods_rank
가방,64,SBP001-101,SSRL,dual pocket backpack,109000,69000,4752,https://www.musinsa.com/app/goods/1564324?loc=goods_rank
가방,65,MK2377BG902M0SV,MATIN KIM,MATIN TARPAULIN SHOPPER BAG IN SILVER,"
                                                                                                                                                18000",18000,1633,https://www.musinsa.com/app/goods/3551295?loc=goods_rank
가방,66,YC1BG0041BK,YALE,DEVICE&BOOK CROSS BAG,79000,59000,8249,https://www.musinsa.com/app/goods/2306068?loc=goods_rank
가방,67,N215UBSB01BK0FR,NATIONAL PUBLICITY,HARBOR HQ 가죽 크로스 슬링백,69000,55200,13806,https://www.musinsa.com/app/goods/2192992?loc=goods_rank
가방,68,Cushiony Hobo Cross Bag,DUMARO,쿠셔니 호보 크로스백,88000,88000,696,https://www.musinsa.com/app/goods/3050437?loc=goods_rank
가방,69,MIM3WAYMINI,MIMTHEWARDROBE,[ESSENTIAL]3-WAY 레더 미니 백_블랙,149000,104300,2765,https://www.musinsa.com/app/goods/1227923?loc=goods_rank
가방,70,LW224BG310,LIFEWORK,퀼팅 미니 백팩,129000,103200,28,https://www.musinsa.com/app/goods/2805630?loc=goods_rank
가방,71,DXSG0013N-IVD,DISCOVERY EXPEDITION,디스커버러 슬링백 (D/IVORY),"
                                                                                                                                                99000",99000,121,https://www.musinsa.com/app/goods/3026164?loc=goods_rank
가방,72,MB23F1BPU01LG,MAINBOOTH,Run-up Sporty Backpack(LIGHT GRAY),109000,98100,1014,https://www.musinsa.com/app/goods/3442769?loc=goods_rank
가방,73,B23CA001003AF,SOMEWHEREBUTTER,fle chain toast bag - silver,"
                                                                                                                                                98000",98000,722,https://www.musinsa.com/app/goods/3472689?loc=goods_rank
가방,74,JLBA3E990BK JLBA3E991WT,JILL BY JILLSTUART,[2COLOR][브레드] 스몰 크로스백,108000,97200,4170,https://www.musinsa.com/app/goods/3037540?loc=goods_rank
가방,75,AKAKUNIB2020,ALKI ALKA,유니 백 (탄 브라운),"
                                                                                                                                                96400",96400,258,https://www.musinsa.com/app/goods/2031191?loc=goods_rank
가방,76,0009,ELNOI,MOMO Bag _ 4colors,"
                                                                                                                                                96000",96000,550,https://www.musinsa.com/app/goods/2609624?loc=goods_rank
가방,77,P0000DYS,L.E.E.Y,RIVET SPRAY CYLINDER MINI BAG BLACK,178000,160200,45,https://www.musinsa.com/app/goods/3567536?loc=goods_rank
가방,78,LPKSALL,JOSEPH&STACEY,Lucky Pleats Knit S (ALL),49800,44820,3098,https://www.musinsa.com/app/goods/2948135?loc=goods_rank
가방,79,H73104020,CARLYN,[23SS] 베이브 M 6colors_ H73104020,100000,90000,584,https://www.musinsa.com/app/goods/3310198?loc=goods_rank
가방,80,23524,KANEITEI,딥 (카키),"
                                                                                                                                                89000",89000,830,https://www.musinsa.com/app/goods/1061880?loc=goods_rank
가방,81,K3143LBG02BLK,KODAK,스몰 투어리스트 메신저백 BLACK,"
                                                                                                                                                89000",89000,634,https://www.musinsa.com/app/goods/3009184?loc=goods_rank
가방,82,MK2279WL005M0BB,MATIN KIM,QUILTING ACCORDION WALLET IN BLACK,"
                                                                                                                                                88000",88000,7858,https://www.musinsa.com/app/goods/2837239?loc=goods_rank
가방,83,SB15ATO020101,SSRL,optimal nylon 2way tote bag,109000,87200,4535,https://www.musinsa.com/app/goods/2059540?loc=goods_rank
가방,84,FA2301BG07BK,FALLETT,네로 뱃지 패디드 백 블랙,109000,87200,14557,https://www.musinsa.com/app/goods/2839043?loc=goods_rank
가방,85,HOLYCANVASBAG,YULSMOOD,홀리 캔버스백,"
                                                                                                                                                87000",87000,79,https://www.musinsa.com/app/goods/2387728?loc=goods_rank
가방,86,LRBG3304BKO,LEATHERY,크랙 이펙트 하프문 숄더 크로스백 [BLACK],88000,79200,987,https://www.musinsa.com/app/goods/3430967?loc=goods_rank
가방,87,UO323CBG82_WGR0,UMBRO,나일론 메탈 스트링백 웜 그레이(UO323CBG82),"
                                                                                                                                                79000",79000,161,https://www.musinsa.com/app/goods/3298825?loc=goods_rank
가방,88,YUF23B21C6,DYNAFIT,베이직 슬링백 M_Dark Grey,"
                                                                                                                                                79000",79000,3,https://www.musinsa.com/app/goods/3414461?loc=goods_rank
가방,89,qb08_bk,QUALPACK,신발수납 더플백 QB08 블랙,42000,39000,6986,https://www.musinsa.com/app/goods/1739238?loc=goods_rank
가방,90,5000578839,MASMARULEZ,halfmoon cross bag_black,51000,39000,52859,https://www.musinsa.com/app/goods/2320927?loc=goods_rank
가방,91,21F-014A,STAND OIL,Pandoro Mini · 팡도르 미니,"
                                                                                                                                                39000",39000,7460,https://www.musinsa.com/app/goods/2344298?loc=goods_rank
가방,92,880066023456,LENEE B,스트링백팩 블랙,49000,39000,3607,https://www.musinsa.com/app/goods/3323411?loc=goods_rank
가방,93,VH1BP1,VETEZE,A2K 백팩 (블랙),158000,77000,1917,https://www.musinsa.com/app/goods/3005708?loc=goods_rank
가방,94,S#ak1s,HAHARCHIVE,아크 블랙 스몰 메신저백,"
                                                                                                                                                76000",76000,17923,https://www.musinsa.com/app/goods/2002697?loc=goods_rank
가방,95,S051,SQUARELINE,Noah 노아 - 4color,108000,75600,1173,https://www.musinsa.com/app/goods/3448955?loc=goods_rank
가방,96,LRBG3106BKF,LEATHERY,볼티드 스퀘어 숄더백 [BLACK],83000,74700,29036,https://www.musinsa.com/app/goods/3038000?loc=goods_rank
가방,97,S#apsg,HAHARCHIVE,아크 포켓 스몰 메신저백 (그레이),"
                                                                                                                                                73000",73000,281,https://www.musinsa.com/app/goods/2583147?loc=goods_rank
가방,98,m1037_684824,LAFUDGESTORE,버핑레더 문 슬링백_Brown,54000,23800,4608,https://www.musinsa.com/app/goods/2668806?loc=goods_rank
가방,99,NL1BP01BKF,FENNEC,CNS BACKPACK - BLACK,118000,118000,518,https://www.musinsa.com/app/goods/2493887?loc=goods_rank
가방,100,JS0A47JK00Y,JANSPORT,빅스튜던트 SOFT TAN,89000,71200,814,https://www.musinsa.com/app/goods/3020563?loc=goods_rank
