﻿카테고리,순위,품번,브랜드명,상품명(한글),판매가,비회원가,좋아요 수,URL
전체,1,L41252900,SALOMON SPORTSTYLE,XT-6 - 화이트:화이트:루나 락,"
                                                                                                                                                260000",260000,14963,https://www.musinsa.com/app/goods/1762407?loc=goods_rank
전체,2,ID6858,ADIDAS,포럼 로우 클래식 - 화이트,129000,89900,4238,https://www.musinsa.com/app/goods/3081253?loc=goods_rank
전체,3,1111,LAFUDGESTORE,솔라노 에어플로우 윈드 자켓_Black,74900,37000,5461,https://www.musinsa.com/app/goods/3417474?loc=goods_rank
전체,4,TRSDPT02BBL,TRILLION,바이오스톤 워싱 와이드 데님 팬츠 (BEIGE BLUE),54000,39800,44608,https://www.musinsa.com/app/goods/2706287?loc=goods_rank
전체,5,056-3,MMOGARDEN,mmo backpack nylon metalrip,"
                                                                                                                                                87000",87000,611,https://www.musinsa.com/app/goods/3009143?loc=goods_rank
전체,6,056-2,MMOGARDEN,mmo backpack nylon metalrip,"
                                                                                                                                                87000",87000,951,https://www.musinsa.com/app/goods/3009113?loc=goods_rank
전체,7,MG2200LT16BK,WHATITISNT,[22FW] ANGEL WAPPEN STRIPE LONG SLEEVE BLACK,45000,19900,72271,https://www.musinsa.com/app/goods/1322019?loc=goods_rank
전체,8,IF0641,ADIDAS,삼바 Decon IF0641,"
                                                                                                                                                179000",179000,2766,https://www.musinsa.com/app/goods/3543294?loc=goods_rank
전체,9,IF0642,ADIDAS,삼바 Decon IF0642,"
                                                                                                                                                179000",179000,3377,https://www.musinsa.com/app/goods/3543293?loc=goods_rank
전체,10,MB1F0117A,MANYOFACTORY,[사용기한 임박] 퓨어 클렌징 오일 400ml +55ml,49000,14900,416,https://www.musinsa.com/app/goods/3508560?loc=goods_rank
전체,11,GU01BGR,GAKKAI UNIONS,원턱 와이드 스웨트팬츠 그레이,52000,36400,184312,https://www.musinsa.com/app/goods/2112059?loc=goods_rank
전체,12,SL22FW-M2-WG,SLOW ACID,블러리 로고 스웨트셔츠 [웜그레이],79000,71100,11200,https://www.musinsa.com/app/goods/2837417?loc=goods_rank
전체,13,5004233893,MARDI MERCREDI,SWEATSHIRT FLOWERMARDI BLOSSOM_OATMEAL TAUPE,89000,84550,919,https://www.musinsa.com/app/goods/3471333?loc=goods_rank
전체,14,LE2203HD01IV,LEE,빅 트위치 루즈핏 후드 티셔츠 아이보리,79000,39500,31389,https://www.musinsa.com/app/goods/1571486?loc=goods_rank
전체,15,TAF-2WHZU01MG,TOFFEE,2WAY 스웻 후드 집업 (MELANGE GREY),45000,39000,199190,https://www.musinsa.com/app/goods/1778404?loc=goods_rank
전체,16,5003301639,SUARE,에어울 케이블 니트 - 5 COLOR,69000,49900,1977,https://www.musinsa.com/app/goods/3448737?loc=goods_rank
전체,17,056-4,MMOGARDEN,mmo backpack nylon metalrip,"
                                                                                                                                                87000",87000,585,https://www.musinsa.com/app/goods/3009173?loc=goods_rank
전체,18,A02755C,CONVERSE,척70 시즈널 컬러 스쿼럴 프렌드 A02755C,99000,44550,4046,https://www.musinsa.com/app/goods/2987458?loc=goods_rank
전체,19,MMATS701-WH,MUSINSA STANDARD,레이어드 크루 넥 반팔 티셔츠_일반 기장 [화이트],16900,15190,86201,https://www.musinsa.com/app/goods/2086653?loc=goods_rank
전체,20,EG4959,ADIDAS,슈퍼스타 - 블랙:화이트,"
                                                                                                                                                139000",139000,60513,https://www.musinsa.com/app/goods/1622069?loc=goods_rank
전체,21,CBCFUTL100NYCBCFUTH100CBCFUTP100NY,CODEGRAPHY,[SET] (맨투맨 OR 후드 선택) CGP 아치 로고 트레이닝 셋업_네이비,97900,69900,44919,https://www.musinsa.com/app/goods/2043056?loc=goods_rank
전체,22,HQ8750,ADIDAS,아디폼 슈퍼스타 - 화이트:블랙,89000,75900,4673,https://www.musinsa.com/app/goods/3008039?loc=goods_rank
전체,23,MIBE0005,MUSINSA STANDARD,사피아노 신세틱 레더 벨트,"
                                                                                                                                                15900",15900,82770,https://www.musinsa.com/app/goods/1220731?loc=goods_rank
전체,24,430770,MARDI MERCREDI,TSHIRT FLOWERMARDI_IVORY NAVY,"
                                                                                                                                                42000",42000,71573,https://www.musinsa.com/app/goods/2453556?loc=goods_rank
전체,25,VN0A38G2PXC1,VANS,올드스쿨 36 DX - (애너하임 팩토리) - 블랙:화이트,99000,78900,25125,https://www.musinsa.com/app/goods/695334?loc=goods_rank
전체,26,IG4999,ADIDAS,가젤 인도어 - 블랙:옐로우,"
                                                                                                                                                169000",169000,710,https://www.musinsa.com/app/goods/3535974?loc=goods_rank
전체,27,PT024BK,NOT4NERD,Wide String Cargo Slacks Pants Black,89000,39000,108880,https://www.musinsa.com/app/goods/1370101?loc=goods_rank
전체,28,IA4778,ADIDAS,베켄바우어 트랙탑 - 블랙,105000,90900,10526,https://www.musinsa.com/app/goods/3042936?loc=goods_rank
전체,29,HP5515,ADIDAS,BW 아미 - 화이트:그레이,139000,76900,27440,https://www.musinsa.com/app/goods/2638067?loc=goods_rank
전체,30,5003432996,SUARE,워셔블 케이블 라운드 니트 - 5 COLOR,59000,51900,1780,https://www.musinsa.com/app/goods/3494992?loc=goods_rank
전체,31,AD202,AVANDRESS,유니섹스 베이스 오버핏 체크셔츠-네이비,44000,33000,9968,https://www.musinsa.com/app/goods/1622792?loc=goods_rank
전체,32,GU01BBK,GAKKAI UNIONS,원턱 와이드 스웨트팬츠 블랙,52000,36400,58029,https://www.musinsa.com/app/goods/2112061?loc=goods_rank
전체,33,MIPS0003-BK,MUSINSA STANDARD,세미 와이드 히든 밴딩 슬랙스 [블랙],"
                                                                                                                                                39900",39900,90151,https://www.musinsa.com/app/goods/1149329?loc=goods_rank
전체,34,Pack_13,URBANDTYPE,[ 리뉴얼 ] UB 바람막이 쓰리피스 셋업_블랙,109000,54000,16017,https://www.musinsa.com/app/goods/2288426?loc=goods_rank
전체,35,MMATL411,MUSINSA STANDARD,베이식 긴팔 티셔츠 2팩,37800,32090,67601,https://www.musinsa.com/app/goods/2149254?loc=goods_rank
전체,36,MIPS0004-BK,MUSINSA STANDARD,와이드 히든 밴딩 슬랙스 [블랙],"
                                                                                                                                                41900",41900,93661,https://www.musinsa.com/app/goods/1168906?loc=goods_rank
전체,37,5004233824,MARDI MERCREDI,SWEATSHIRT FLOWERMARDI_BLACK PINK,75000,71250,11716,https://www.musinsa.com/app/goods/3471299?loc=goods_rank
전체,38,162058C,CONVERSE,척 70 클래식  블랙 162058C,95000,85500,107669,https://www.musinsa.com/app/goods/810034?loc=goods_rank
전체,39,302828,MARDI MERCREDI,SWEATSHIRT FLOWERMARDI_OATMEAL GREEN,75000,71250,20588,https://www.musinsa.com/app/goods/2204747?loc=goods_rank
전체,40,HQ6912,ADIDAS,가젤 볼드 W - 블랙:화이트,"
                                                                                                                                                139000",139000,4888,https://www.musinsa.com/app/goods/2992067?loc=goods_rank
전체,41,Jayce-OB267-Black Brown,ONE BRILLIANT,Jayce-OB267-Black Brown,112000,112000,1905,https://www.musinsa.com/app/goods/2474822?loc=goods_rank
전체,42,21FLGP20GR,GLW,이지 와이드 데님 팬츠 그레이,52800,42000,121574,https://www.musinsa.com/app/goods/2092852?loc=goods_rank
전체,43,WSTSCJBK,SEVENSELAH,세미와이드 카고조거 스토퍼 Black,89000,59700,25633,https://www.musinsa.com/app/goods/1595607?loc=goods_rank
전체,44,MMCPC801-BK,MUSINSA STANDARD,시티 레저 와이드 벨티드 파라슈트 팬츠 [블랙],63900,57490,3705,https://www.musinsa.com/app/goods/3404705?loc=goods_rank
전체,45,1804050,WHOLOVESART,유니섹스 세미 와이드 밴딩 슬랙스,54000,35900,235506,https://www.musinsa.com/app/goods/750908?loc=goods_rank
전체,46,5000021230,SUARE,[리뉴얼] 하찌 카라 투웨이 집업 니트 - 4 COLOR,79000,49900,23933,https://www.musinsa.com/app/goods/2723764?loc=goods_rank
전체,47,DF22SS707,DOFFJASON,미니멀 스퀘어 하드레더 벨트,43000,29800,36323,https://www.musinsa.com/app/goods/1961481?loc=goods_rank
전체,48,93231TMT100110,1993STUDIO,90S 트랙 스웨트셔츠_그레이,85000,68000,96055,https://www.musinsa.com/app/goods/2313388?loc=goods_rank
전체,49,TRSHT04NV,TRILLION,컬러 배색 1992 그래픽 후드 (NAVY),49800,39800,39702,https://www.musinsa.com/app/goods/2995119?loc=goods_rank
전체,50,50050021,TYPE NO,TYPE No. 핸드케어 세트 [핸드크림 31ml 2종+핸드겔31ml],28000,12900,60,https://www.musinsa.com/app/goods/3202796?loc=goods_rank
전체,51,BZ0579,ADIDAS,BW 아미 - 화이트,139000,82900,68328,https://www.musinsa.com/app/goods/577636?loc=goods_rank
전체,52,2020F11,XERO,Deep One Tuck Sweat Pants [Grey],"
                                                                                                                                                39000",39000,199765,https://www.musinsa.com/app/goods/1551840?loc=goods_rank
전체,53,MITS0003-BK,MUSINSA STANDARD,후디드 스웨트 집업 [블랙],"
                                                                                                                                                43900",43900,7726,https://www.musinsa.com/app/goods/947087?loc=goods_rank
전체,54,P1T1082SS22,COMME DES GARCONS PLAY,남성 레드 하트 와펜 반소매 티셔츠 - 화이트,125000,69000,1382,https://www.musinsa.com/app/goods/2362352?loc=goods_rank
전체,55,MMCPC802-BK,MUSINSA STANDARD,시티 레저 와이드 벨티드 카고 팬츠 [블랙],66900,60190,3448,https://www.musinsa.com/app/goods/3404707?loc=goods_rank
전체,56,LE2203HD01LG,LEE,빅 트위치 루즈핏 후드 티셔츠 라이트 그레이/그린,79000,39500,8014,https://www.musinsa.com/app/goods/2692703?loc=goods_rank
전체,57,TRSDPT02BG,TRILLION,바이오스톤 워싱 와이드 데님 팬츠 (BLUE GRAY),54000,32400,48484,https://www.musinsa.com/app/goods/2351467?loc=goods_rank
전체,58,TRFKN03BK,TRILLION,워셔블 하프 집업 카라넥 하찌 니트 (PURE BLACK),49000,39800,36046,https://www.musinsa.com/app/goods/2775713?loc=goods_rank
전체,59,2167537,TWN,슬레이크 후드 올리브 HHHD3397,57000,41900,59924,https://www.musinsa.com/app/goods/2106705?loc=goods_rank
전체,60,OL209,URBANDTYPE,OL209_러닝클럽 트랙 자켓_네이비,129000,59000,17580,https://www.musinsa.com/app/goods/2353497?loc=goods_rank
전체,61,TD5-TS0110_MIG,THOMASMORE,TD5-TS0110 사커스웨트-미구엘,"
                                                                                                                                                69500",69500,3098,https://www.musinsa.com/app/goods/2305875?loc=goods_rank
전체,62,T17Z010,IL-O-GONG-CHIL,[10PACK] 1507 모노 트라우져 하프 삭스 _ 스노우화이트/화이트/블랙,24000,14900,93026,https://www.musinsa.com/app/goods/998051?loc=goods_rank
전체,63,M9166C,CONVERSE,척테일러 올스타 블랙 옥스 M9166C,59000,53100,118906,https://www.musinsa.com/app/goods/311052?loc=goods_rank
전체,64,MG2200HD12BK,WHATITISNT,[22FW]ANGEL WAPPEN HOOD BLACK,69000,34500,31321,https://www.musinsa.com/app/goods/1752735?loc=goods_rank
전체,65,MMASC101-WH,MUSINSA STANDARD,라이트웨이트 크루 삭스 7팩 [화이트],"
                                                                                                                                                19900",19900,85386,https://www.musinsa.com/app/goods/991339?loc=goods_rank
전체,66,BIFMHDB01BD,BROWNBREATH,TAG HOODIE - BURGUNDY,"
                                                                                                                                                79000",79000,24193,https://www.musinsa.com/app/goods/2722805?loc=goods_rank
전체,67,Cushiony Hobo Bag,DUMARO,쿠셔니 호보 백,94000,94000,419,https://www.musinsa.com/app/goods/2402762?loc=goods_rank
전체,68,VN000ZDF1WX1,VANS,올드스쿨(캔버스) - 블랙:트루 화이트,85000,69900,68207,https://www.musinsa.com/app/goods/186610?loc=goods_rank
전체,69,LE2201HD01DP,LEE,빅 트위치 루즈핏 후드 티셔츠 다크 파인,79000,39500,5085,https://www.musinsa.com/app/goods/2286666?loc=goods_rank
전체,70,PT042BK,NOT4NERD,Nylon Cargo Wide Pants - Black,89000,39000,23246,https://www.musinsa.com/app/goods/1985224?loc=goods_rank
전체,71,5004509854,MARDI MERCREDI,RACCOON BLENDED CARDIGAN V NECK SPADE_MINT,158000,150100,5627,https://www.musinsa.com/app/goods/3556311?loc=goods_rank
전체,72,MG2200HD12GR,WHATITISNT,[22FW]ANGEL WAPPEN HOOD GRAY,69000,34500,34739,https://www.musinsa.com/app/goods/1752734?loc=goods_rank
전체,73,SC22A243BK,SCULPTOR,Masterpiece Sheer Top Black,54000,37800,16158,https://www.musinsa.com/app/goods/2731239?loc=goods_rank
전체,74,DBCSJK12BE,DIMITRI BLACK,해링턴 블루종 자켓_샌드베이지,99000,35000,1802,https://www.musinsa.com/app/goods/3029724?loc=goods_rank
전체,75,APOGSPLBL01GN,APIECEOFCAKE,Signature Bear Cushion&Blanket_Green,45000,45000,4685,https://www.musinsa.com/app/goods/1798257?loc=goods_rank
전체,76,G77700006KK,GAKKAI UNIONS,원턱 와이드 스웨트 카고팬츠 카키,51000,39900,15087,https://www.musinsa.com/app/goods/3095384?loc=goods_rank
전체,77,TRFMT10NV,TRILLION,브이넥 풀 오버 그래픽 웜 업 (NAVY),68000,54000,7692,https://www.musinsa.com/app/goods/3461167?loc=goods_rank
전체,78,MM21-MU067,MARDI MERCREDI,SWEATSHIRT DDANJI_HEATHER,75000,71250,10709,https://www.musinsa.com/app/goods/1782665?loc=goods_rank
전체,79,A043CD2B,AGED GRAY,코듀라더블버클2웨이백팩,98000,98000,5268,https://www.musinsa.com/app/goods/1241170?loc=goods_rank
전체,80,MMANP005-LI,MUSINSA STANDARD,스트레이트 데님 팬츠 [라이트 인디고],"
                                                                                                                                                49900",49900,38993,https://www.musinsa.com/app/goods/2028327?loc=goods_rank
전체,81,MG2300HZ01GR,WHATITISNT,엔젤 와펜 후드집업 그레이,79000,47400,8727,https://www.musinsa.com/app/goods/3029811?loc=goods_rank
전체,82,FY9042,ADIDAS,포럼 볼드 W - 화이트,139000,89900,10127,https://www.musinsa.com/app/goods/2825393?loc=goods_rank
전체,83,93221TMT100222,1993STUDIO,90S 트랙 스웨트셔츠_블랙,85000,68000,38262,https://www.musinsa.com/app/goods/2313445?loc=goods_rank
전체,84,JN6TSU803BE,JEEP,1941 빅로고 프린팅 맨투맨 (JN6TSU803BE),59000,59000,3690,https://www.musinsa.com/app/goods/3061222?loc=goods_rank
전체,85,HQ8752,ADIDAS,아디폼 슈퍼스타 - 블랙:화이트,89000,75900,2470,https://www.musinsa.com/app/goods/3008047?loc=goods_rank
전체,86,COTA01,TYPESERVICE,Typeservice Web Cap [Dark Gray],39000,35100,52065,https://www.musinsa.com/app/goods/2134140?loc=goods_rank
전체,87,LA20FWHVMT004,LENGAGEMENT,LGGM 로고 후드티 [블랙],76000,26600,709,https://www.musinsa.com/app/goods/2182941?loc=goods_rank
전체,88,Optimal Basic Shirt,FILLUMINATE,옵티멀 베이직 셔츠-화이트[린넨＆옥스포드 선택],53000,39900,47590,https://www.musinsa.com/app/goods/994588?loc=goods_rank
전체,89,P00000HQ,MUCENT,DENIM JACKET,159000,147800,3090,https://www.musinsa.com/app/goods/3238559?loc=goods_rank
전체,90,20230119-11,ESPIONAGE,Ray Yacht Parka Carrot,129000,109000,3878,https://www.musinsa.com/app/goods/3034336?loc=goods_rank
전체,91,14345001,DR.MARTENS,1461 3홀 모노 블랙,210000,178500,27526,https://www.musinsa.com/app/goods/595040?loc=goods_rank
전체,92,21FLGP07KH,GLW,와이드 빅포켓 밴딩 카고 팬츠 카키,69000,55200,60735,https://www.musinsa.com/app/goods/2060719?loc=goods_rank
전체,93,UNION-SH05,UNION BLUE,LAUNDRY SHIRT (LAVENDER GRAY),62000,59000,10742,https://www.musinsa.com/app/goods/2375962?loc=goods_rank
전체,94,SL23SSST1-DBL,SLOW ACID,블러리 로고 반팔티셔츠 [딥블루],39000,37050,7143,https://www.musinsa.com/app/goods/3074117?loc=goods_rank
전체,95,MMJPS212-BK,MUSINSA STANDARD,[쿨탠다드] 테이퍼드 히든 밴딩 크롭 슬랙스 [블랙],39900,23890,40174,https://www.musinsa.com/app/goods/1440874?loc=goods_rank
전체,96,MKC310AY3007415FW23,THOM BROWNE,남성 RWB 암밴드 가디건 - 네이비,2330000,889000,67,https://www.musinsa.com/app/goods/3437284?loc=goods_rank
전체,97,Dive_beige,LOSTGARDEN,Dive_beige,"
                                                                                                                                                295000",295000,8399,https://www.musinsa.com/app/goods/2910082?loc=goods_rank
전체,98,MMATE407,MUSINSA STANDARD,릴렉스 핏 크루 넥 반팔 티셔츠 2팩,"
                                                                                                                                                31800",31800,40994,https://www.musinsa.com/app/goods/2034137?loc=goods_rank
전체,99,EE6999,ADIDAS,오즈위고 - 트리플블랙,149000,89900,34448,https://www.musinsa.com/app/goods/1473136?loc=goods_rank
전체,100,WIDEPANTS-PAC,S'EST,[패키지] 와이드핏 트레이닝 스웨트 팬츠 - 3Color,90000,39900,10811,https://www.musinsa.com/app/goods/1735427?loc=goods_rank
