﻿카테고리,순위,품번,브랜드명,상품명(한글),판매가,비회원가,좋아요 수,URL
스포츠용품,1,NBNAD32843_62,NEW BALANCE,NBNAD32843/ UNI 컬러블록 웜업자켓 (HUNTER),"
                                                                                                                                                179000",179000,6695,https://www.musinsa.com/app/goods/3049849?loc=goods_rank
스포츠용품,2,OJ5JP11A,THE NORTH FACE,OJ5JP11A 2023 팀코리아 트레이닝 자켓,"
                                                                                                                                                168000",168000,310,https://www.musinsa.com/app/goods/3554627?loc=goods_rank
스포츠용품,3,NM2DP51A,THE NORTH FACE,NM2DP51A 빅샷,150000,135000,61363,https://www.musinsa.com/app/goods/1034480?loc=goods_rank
스포츠용품,4,NJ3BP50K,THE NORTH FACE,NJ3BP50K 화이트라벨 레인저 자켓,"
                                                                                                                                                228000",228000,241,https://www.musinsa.com/app/goods/3483333?loc=goods_rank
스포츠용품,5,LV-091KH,SNOWPEAK,로우체어30 카키,"
                                                                                                                                                238000",238000,60,https://www.musinsa.com/app/goods/3023123?loc=goods_rank
스포츠용품,6,VA1MVLG01BLK,VOLANTE,Daily Leggings Pants [Black],119000,107100,390,https://www.musinsa.com/app/goods/3487482?loc=goods_rank
스포츠용품,7,1-1,HUGVONE,무지 머슬핏 반팔 13컬러,22000,17600,16101,https://www.musinsa.com/app/goods/2690691?loc=goods_rank
스포츠용품,8,HD21SJK001,HDEX,[SET] 메탈 나일론 트랙자켓 셋업,143000,128000,1510,https://www.musinsa.com/app/goods/3219897?loc=goods_rank
스포츠용품,9,NM2DN57A,THE NORTH FACE,NM2DN57A 빅샷 에어,149000,134100,1827,https://www.musinsa.com/app/goods/2229494?loc=goods_rank
스포츠용품,10,93353401,PUMA,배구 국가대표 SS 저지 M(93353401) 반팔 티셔츠,"
                                                                                                                                                129000",129000,49,https://www.musinsa.com/app/goods/3509039?loc=goods_rank
스포츠용품,11,NBNAD32843_99,NEW BALANCE,NBNAD32843/ UNI 컬러블록 웜업자켓 (MIX),"
                                                                                                                                                179000",179000,4013,https://www.musinsa.com/app/goods/2699189?loc=goods_rank
스포츠용품,12,NBNAD32843_52,NEW BALANCE,NBNAD32843,"
                                                                                                                                                179000",179000,1082,https://www.musinsa.com/app/goods/3467498?loc=goods_rank
스포츠용품,13,YY1229RT009,YONEX,EZONE GAME (2022) G2 (AV.270g) SKYBLUE 98 sq.in. 스트링없음,"
                                                                                                                                                260000",260000,15,https://www.musinsa.com/app/goods/3178452?loc=goods_rank
스포츠용품,14,93353202,PUMA,배구 국가대표 SL 저지 W(93353202) 민소매 티셔츠,"
                                                                                                                                                129000",129000,27,https://www.musinsa.com/app/goods/3509042?loc=goods_rank
스포츠용품,15,IJ0733,ADIDAS,미드컷 크루 삭스 3P - 화이트,22000,19900,739,https://www.musinsa.com/app/goods/3364214?loc=goods_rank
스포츠용품,16,PT3KB23M151,PROSPECS,야구국가대표팀 팀 점퍼,"
                                                                                                                                                249000",249000,1119,https://www.musinsa.com/app/goods/2895359?loc=goods_rank
스포츠용품,17,5000640061,MASMARULEZ,빅 트래블백 _ 블랙,67500,34500,14214,https://www.musinsa.com/app/goods/1377156?loc=goods_rank
스포츠용품,18,KUF22B31GJ,K2,프라임 15L(PRIME 15L)_Light Beige,115000,63000,4,https://www.musinsa.com/app/goods/2591528?loc=goods_rank
스포츠용품,19,AG21BB01,AGERN,하이브리드 보스턴백 화이트,"
                                                                                                                                                198000",198000,20,https://www.musinsa.com/app/goods/2514672?loc=goods_rank
스포츠용품,20,NJ4FP52K,THE NORTH FACE,NJ4FP52K 화이트라벨 뉴 유틸리티 플리스 자켓,"
                                                                                                                                                198000",198000,655,https://www.musinsa.com/app/goods/3454720?loc=goods_rank
스포츠용품,21,NJ4FP52J,THE NORTH FACE,NJ4FP52J 화이트라벨 뉴 유틸리티 플리스 자켓,"
                                                                                                                                                198000",198000,394,https://www.musinsa.com/app/goods/3454725?loc=goods_rank
스포츠용품,22,HD23STS12M01,HDEX,[2pack] 메인 스몰 로고 에어 머슬핏 숏 슬리브,72000,64800,2978,https://www.musinsa.com/app/goods/3158061?loc=goods_rank
스포츠용품,23,LRBG3305BKO,LEATHERY,위켄더 숄더백 [BLACK],106000,95400,1048,https://www.musinsa.com/app/goods/3430993?loc=goods_rank
스포츠용품,24,S23FMTAN36BK,SNOWPEAK APPAREL,S23FMTAN36 프로 스탠드넥 아노락 Black,"
                                                                                                                                                189000",189000,1,https://www.musinsa.com/app/goods/3519847?loc=goods_rank
스포츠용품,25,NJ3BP81M,THE NORTH FACE,NJ3BP81M 화이트라벨 여성 닐튼 자켓,"
                                                                                                                                                188000",188000,1909,https://www.musinsa.com/app/goods/3509431?loc=goods_rank
스포츠용품,26,NM5PP42A,THE NORTH FACE,NM5PP42A 코튼 NSE 박스 로고 후디,99000,59400,1486,https://www.musinsa.com/app/goods/2982025?loc=goods_rank
스포츠용품,27,DXSH4311N-WHS,DISCOVERY EXPEDITION,마운틴 퓨어 (O/WHITE),229000,91600,1057,https://www.musinsa.com/app/goods/2269891?loc=goods_rank
스포츠용품,28,NJ5JP05C,THE NORTH FACE,NJ5JP05C 에코 블루 웨이브 긴팔 집업,129000,90300,334,https://www.musinsa.com/app/goods/3293256?loc=goods_rank
스포츠용품,29,NM5PP42B,THE NORTH FACE,NM5PP42B 코튼 NSE 박스 로고 후디,99000,59400,5216,https://www.musinsa.com/app/goods/2982026?loc=goods_rank
스포츠용품,30,7JC7607,NEPA,7JC7607 공용 칸네토 트랙션 엣지 GTX,259000,179000,176,https://www.musinsa.com/app/goods/3008586?loc=goods_rank
스포츠용품,31,NJ3BP52J,THE NORTH FACE,NJ3BP52J 화이트라벨 마티스 자켓,"
                                                                                                                                                178000",178000,664,https://www.musinsa.com/app/goods/3442541?loc=goods_rank
스포츠용품,32,MMJTT002-BK,MUSINSA STANDARD SPORTS,올라운드 트레이닝 반팔 티셔츠 [블랙],23900,19090,6577,https://www.musinsa.com/app/goods/1466038?loc=goods_rank
스포츠용품,33,WWTBA22603GRD,WAAC,여성 가을 골지 하이넥 티셔츠_WWTBA22603GRD,250000,175000,2,https://www.musinsa.com/app/goods/2724605?loc=goods_rank
스포츠용품,34,HQ4199,ADIDAS,울트라부스트 1.0 - 블랙,199000,169900,152,https://www.musinsa.com/app/goods/3008045?loc=goods_rank
스포츠용품,35,300-3PACK,GLIMMER,[3PACK] 에어쿨링 드라이 기능성 무지 반팔티,35000,21400,16404,https://www.musinsa.com/app/goods/2029969?loc=goods_rank
스포츠용품,36,LBW1KP38MBK,LORDLOAR,시그니쳐 카라 긴팔 니트 BLACK,88000,79200,270,https://www.musinsa.com/app/goods/2856162?loc=goods_rank
스포츠용품,37,GZ9582,ADIDAS,스피리테인 2000 - 화이트:그린,119000,76900,2322,https://www.musinsa.com/app/goods/3138474?loc=goods_rank
스포츠용품,38,NM2DP00B,THE NORTH FACE,NM2DP00B 빅샷,159000,143100,399,https://www.musinsa.com/app/goods/3128485?loc=goods_rank
스포츠용품,39,PT3LT23M013,PROSPECS,2023 LG트윈스 어센틱 서울 유니폼,"
                                                                                                                                                139000",139000,134,https://www.musinsa.com/app/goods/3096148?loc=goods_rank
스포츠용품,40,AGDUUCP46IV,ANEW GOLF,UNI 넘버 포인트 6각 버킷햇_IV,"
                                                                                                                                                138000",138000,22,https://www.musinsa.com/app/goods/3265603?loc=goods_rank
스포츠용품,41,1328495-014,UNDERARMOUR,테크 2.0 1/2 집업 1328495-014,55000,44000,351,https://www.musinsa.com/app/goods/2710158?loc=goods_rank
스포츠용품,42,1 Dry Regular,HUGVONE,드라이 긴팔 레귤러 핏 4컬러,23000,21000,1677,https://www.musinsa.com/app/goods/3238682?loc=goods_rank
스포츠용품,43,HD22STS12M01,HDEX,[2pack] 스탠다드 머슬핏 반팔티,72000,64800,4208,https://www.musinsa.com/app/goods/3006346?loc=goods_rank
스포츠용품,44,M3342PVS02NVY,MALBON GOLF,W 볼 마커 바이저 NAVY (WOMAN),"
                                                                                                                                                129000",129000,6,https://www.musinsa.com/app/goods/3456718?loc=goods_rank
스포츠용품,45,MA1001,MALDEN,클래식 머슬핏 무지 티셔츠,"
                                                                                                                                                24000",24000,9575,https://www.musinsa.com/app/goods/2082054?loc=goods_rank
스포츠용품,46,P00000ED,GBRO,헤비웨이트 코튼 하프 집업 조거팬츠 셋업,199600,111900,163,https://www.musinsa.com/app/goods/3000468?loc=goods_rank
스포츠용품,47,NJ2HN00B,THE NORTH FACE,NJ2HN00B 남성 프로 쉴드 자켓,169000,109000,85,https://www.musinsa.com/app/goods/2315561?loc=goods_rank
스포츠용품,48,PT3BB23M012,PROSPECS,농구국가대표팀 유니폼 상의(원정),"
                                                                                                                                                109000",109000,53,https://www.musinsa.com/app/goods/3488494?loc=goods_rank
스포츠용품,49,1589038,SHIELD,파워 리프팅 헬스 그립 손목 보호대 (2개 1세트),"
                                                                                                                                                53000",53000,1070,https://www.musinsa.com/app/goods/2449237?loc=goods_rank
스포츠용품,50,A3FL1LO62BLU,ARENA,스트릿 원피스 드롭백 A3FL1LO62BLU,109000,103550,19,https://www.musinsa.com/app/goods/3555175?loc=goods_rank
스포츠용품,51,MMJLG001-BK,MUSINSA STANDARD SPORTS,컴프레션 타이즈 [블랙],27900,19490,5456,https://www.musinsa.com/app/goods/1466284?loc=goods_rank
스포츠용품,52,2102SK1,PLAYBOO,NEW PLEATED BANDING SKIRT W/INNER PANTS_Black,"
                                                                                                                                                99000",99000,705,https://www.musinsa.com/app/goods/2211519?loc=goods_rank
스포츠용품,53,IR9802,ADIDAS,Soccer 크롭 티셔츠 - 블랙,"
                                                                                                                                                69000",69000,4117,https://www.musinsa.com/app/goods/3399600?loc=goods_rank
스포츠용품,54,P0000CZI,SPEEDO,Fastskin 퓨어포커스 미러수경 (아시안핏)(8-11779F966),"
                                                                                                                                                97000",97000,,https://www.musinsa.com/app/goods/3564127?loc=goods_rank
스포츠용품,55,HD21FTS201,HDEX,메인로고 오버핏 반팔티(R) 6 color,"
                                                                                                                                                46000",46000,2170,https://www.musinsa.com/app/goods/2225772?loc=goods_rank
스포츠용품,56,HD23FTS20M01,HDEX,대쉬 롱 슬리브 2 color,"
                                                                                                                                                45000",45000,71,https://www.musinsa.com/app/goods/3483673?loc=goods_rank
스포츠용품,57,NT7LP50A,THE NORTH FACE,NT7LP50A 반프 롱슬리브 집 티,99000,89100,5,https://www.musinsa.com/app/goods/3451245?loc=goods_rank
스포츠용품,58,LCFPL64BK,LORDLOAR,엘라스틱 부츠컷 슬랙스 BLACK,98000,88200,24,https://www.musinsa.com/app/goods/3464606?loc=goods_rank
스포츠용품,59,NM5MP53L,THE NORTH FACE,NM5MP53L 화이트라벨 알바니 크루넥,"
                                                                                                                                                88000",88000,293,https://www.musinsa.com/app/goods/3434985?loc=goods_rank
스포츠용품,60,NM5MP53K,THE NORTH FACE,NM5MP53K 화이트라벨 알바니 크루넥,"
                                                                                                                                                88000",88000,226,https://www.musinsa.com/app/goods/3434995?loc=goods_rank
스포츠용품,61,BM230212,BLACK MONSTER FIT,몬스터서핑 래쉬가드 롱슬리브 (3color),"
                                                                                                                                                28900",28900,1965,https://www.musinsa.com/app/goods/3218817?loc=goods_rank
스포츠용품,62,HD21FSS004,HDEX,메인로고 삭스 4컬러 5packs,35000,28000,1513,https://www.musinsa.com/app/goods/2959925?loc=goods_rank
스포츠용품,63,BNBTPC1,BANANA BAIT,[방수]BBB Rain Poncho 레인 판초우의,"
                                                                                                                                                85000",85000,2,https://www.musinsa.com/app/goods/3561570?loc=goods_rank
스포츠용품,64,NM5MP05C,THE NORTH FACE,NM5MP05C 오션 웨이브 맨투맨,119000,83300,229,https://www.musinsa.com/app/goods/3291166?loc=goods_rank
스포츠용품,65,1VS04PLA0005BK,VINSONMASSIF,차박매트 프리미엄 L (준중형),"
                                                                                                                                                80500",80500,60,https://www.musinsa.com/app/goods/2569358?loc=goods_rank
스포츠용품,66,YUF23B21C6,DYNAFIT,베이직 슬링백 M_Dark Grey,"
                                                                                                                                                79000",79000,3,https://www.musinsa.com/app/goods/3414461?loc=goods_rank
스포츠용품,67,qb08_bk,QUALPACK,신발수납 더플백 QB08 블랙,42000,39000,6987,https://www.musinsa.com/app/goods/1739238?loc=goods_rank
스포츠용품,68,300,GLIMMER,[2PACK] 에어쿨링 드라이 기능성 무지 반팔티,25000,15200,7313,https://www.musinsa.com/app/goods/2028864?loc=goods_rank
스포츠용품,69,VA230328,BONIDEE,V&A 커버업 랩 수영복 그린(슬림),"
                                                                                                                                                78000",78000,269,https://www.musinsa.com/app/goods/3212026?loc=goods_rank
스포츠용품,70,HD21FSS004,HDEX,메인로고 삭스 4컬러 3packs,21000,18900,2125,https://www.musinsa.com/app/goods/2959926?loc=goods_rank
스포츠용품,71,JWB110 BK,JOMA,JWB110 성인 윈드브레이커 탑 트레이닝 자켓 블랙,139000,77000,9,https://www.musinsa.com/app/goods/2445414?loc=goods_rank
스포츠용품,72,5003006645,BARREL,우먼 리플렉션 홀릭 타이백 수영복 블루 (B3SWSWS010BLU),89000,71200,259,https://www.musinsa.com/app/goods/3176244?loc=goods_rank
스포츠용품,73,NJ5JP00A,THE NORTH FACE,NJ5JP00A 남성 에이오 미들레이어 풀집 자켓,119000,69000,334,https://www.musinsa.com/app/goods/3040902?loc=goods_rank
스포츠용품,74,HN8023,ADIDAS,D4R 투인원 쇼츠 HN8023,"
                                                                                                                                                69000",69000,113,https://www.musinsa.com/app/goods/3410448?loc=goods_rank
스포츠용품,75,NP6NP15A,THE NORTH FACE,NP6NP15A 데이 올라운드 팬츠,109000,65400,138,https://www.musinsa.com/app/goods/3036909?loc=goods_rank
스포츠용품,76,5004954571,LUV IS TRUE,BE LUV SWIMSUIT(SKY BLUE),73000,65700,813,https://www.musinsa.com/app/goods/3374641?loc=goods_rank
스포츠용품,77,1369223-400,UNDERARMOUR,언디나이어블 5.0 미디엄 더플 백 1369223-400,69000,62100,137,https://www.musinsa.com/app/goods/3418717?loc=goods_rank
스포츠용품,78,131884_33L,BROOKLYN WORKS,모던 쿨러 33L,88000,61600,98,https://www.musinsa.com/app/goods/3008605?loc=goods_rank
스포츠용품,79,SF22SSWTO08OW,SURFEA,TILDA BIKINI TOP_OFF WHITE,"
                                                                                                                                                59800",59800,213,https://www.musinsa.com/app/goods/2642638?loc=goods_rank
스포츠용품,80,JF1WXH0653,JKUSS,글램모노 X-백 반전신,"
                                                                                                                                                56800",56800,31,https://www.musinsa.com/app/goods/3192680?loc=goods_rank
스포츠용품,81,UPSSM01,UP LOUNGE,시그니처 무지 머슬핏 반팔 티셔츠,"
                                                                                                                                                17900",17900,181,https://www.musinsa.com/app/goods/3415263?loc=goods_rank
스포츠용품,82,무릎보호대,HARBINGER,어쎄신 니 슬리브 무릎보호대 1세트,60500,54450,73,https://www.musinsa.com/app/goods/2861410?loc=goods_rank
스포츠용품,83,MCSS23T-01-1,MACKY,데이지 퍼프 반팔티 블랙,"
                                                                                                                                                54000",54000,387,https://www.musinsa.com/app/goods/3058501?loc=goods_rank
스포츠용품,84,119908,Neo Tactical,컴뱃 셔츠 (블랙),"
                                                                                                                                                53900",53900,293,https://www.musinsa.com/app/goods/1267975?loc=goods_rank
스포츠용품,85,NFSW1,NINEZ,슈퍼쮸리 루즈핏 스웻셔츠 NFSW1,69000,52500,499,https://www.musinsa.com/app/goods/2147830?loc=goods_rank
스포츠용품,86,SF22SSWPT08GR,SURFEA,TILDA BIKINI BOTTOM_GREEN,"
                                                                                                                                                49800",49800,92,https://www.musinsa.com/app/goods/2642640?loc=goods_rank
스포츠용품,87,DWU21120W6,EIDER,METON 2.1 (메톤 2.1) 여성 플리스 자켓_Cream,109000,49000,1752,https://www.musinsa.com/app/goods/2063248?loc=goods_rank
스포츠용품,88,N3N1141BKU1,NINETY PLUS,컴뱃 쿨링 트레이닝 하프집업 V2 - 블랙,"
                                                                                                                                                49000",49000,731,https://www.musinsa.com/app/goods/2889367?loc=goods_rank
스포츠용품,89,LEU7MRP001,LAZYBEE,데일리 남성 멀티 숏츠 블랙,39000,24900,1811,https://www.musinsa.com/app/goods/1519594?loc=goods_rank
스포츠용품,90,P4024,PHYSICAL GARMENTS,P4024 기능성 핀턱 와이드 팬츠 [블랙],68600,48000,827,https://www.musinsa.com/app/goods/3117101?loc=goods_rank
스포츠용품,91,NJ5JM50K,THE NORTH FACE,NJ5JM50K 화이트라벨 남성 프레시 라이트 트레이닝 자켓,118000,47000,41,https://www.musinsa.com/app/goods/2246274?loc=goods_rank
스포츠용품,92,LEU7WRZ001WHSET,LAZYBEE,3401 여성 집업 래쉬가드 세트 화이트,98000,46900,216,https://www.musinsa.com/app/goods/3423202?loc=goods_rank
스포츠용품,93,DMP21263C5,EIDER,WOVEN (우븐) 남녀공용 맨투맨 티셔츠 Grey,99000,43000,46,https://www.musinsa.com/app/goods/1787647?loc=goods_rank
스포츠용품,94,HD22STS10M01,HDEX,스탠다드 머슬핏 롱 슬리브 2 color,"
                                                                                                                                                43000",43000,333,https://www.musinsa.com/app/goods/2360122?loc=goods_rank
스포츠용품,95,5PP3530,MOREOUT,여성요가복 쭈리 셋업 밴딩 팬츠 5PP3530,52000,42000,231,https://www.musinsa.com/app/goods/3236574?loc=goods_rank
스포츠용품,96,E-001P,EVERLAST,트레이닝 4부 반바지 밴딩 숏팬츠 MENS TRAINING SHORTS [2컬러],"
                                                                                                                                                19900",19900,1180,https://www.musinsa.com/app/goods/2446975?loc=goods_rank
스포츠용품,97,SRIXON TRI-STAR 3PC GOLF BALL,SRIXON,트라이스타4 3피스 골프공,"
                                                                                                                                                40000",40000,1,https://www.musinsa.com/app/goods/3347535?loc=goods_rank
스포츠용품,98,LIR0USP100_1+1,LAZYBEE,[2장 세트] 베이직 트레이닝 반바지,118000,39900,294,https://www.musinsa.com/app/goods/2776826?loc=goods_rank
스포츠용품,99,PT5KB23M511,PROSPECS,야구국가대표팀 모자,"
                                                                                                                                                39000",39000,583,https://www.musinsa.com/app/goods/2895380?loc=goods_rank
스포츠용품,100,OPGPO001A GN,OUTDOOR PRODUCTS GOLF,골프 파우치 GREEN,69000,39000,44,https://www.musinsa.com/app/goods/2935273?loc=goods_rank
