﻿카테고리,순위,품번,브랜드명,상품명(한글),판매가,비회원가,좋아요 수,URL
반려동물,1,YB10GD0031GR,YALE,2 TONE ARCH DOGGY HOODIE GRAY,32000,28800,2155,https://www.musinsa.com/app/goods/2194205?loc=goods_rank
반려동물,2,YC7GD0003NA,YALE,2 TONE ARCH DOGGY HOODIE SLEEVELESS NAVY,32000,28800,143,https://www.musinsa.com/app/goods/2713726?loc=goods_rank
반려동물,3,jige-combo2,ICANDOR,set 지게백 울리쿠션 콤보 2가지 컬러,"
                                                                                                                                                234900",234900,81,https://www.musinsa.com/app/goods/2643177?loc=goods_rank
반려동물,4,iBAG COMBO,ICANDOR,set 아이백 &플러피쿠션 콤보 2가지 컬러,"
                                                                                                                                                200000",200000,190,https://www.musinsa.com/app/goods/2092290?loc=goods_rank
반려동물,5,7APEJ0114-50BLL,MLB,PET 메가로고 후리스 점퍼 NY (L.Blue),"
                                                                                                                                                69000",69000,577,https://www.musinsa.com/app/goods/2129483?loc=goods_rank
반려동물,6,1000027740,BITEME,뉴 이지피지 판쵸 레인코트 대형견 - 코알라,"
                                                                                                                                                45900",45900,9,https://www.musinsa.com/app/goods/3353173?loc=goods_rank
반려동물,7,1000018318,BITEME,컴포트 하네스(5 colors),"
                                                                                                                                                32900",32900,313,https://www.musinsa.com/app/goods/2758032?loc=goods_rank
반려동물,8,1000018319,BITEME,컴포트 핸즈프리 리쉬 (5 colors),"
                                                                                                                                                23900",23900,111,https://www.musinsa.com/app/goods/2758151?loc=goods_rank
반려동물,9,E16AC01GY,E-IT,털니트 단추 목도리 인디핑크,"
                                                                                                                                                12000",12000,66,https://www.musinsa.com/app/goods/467206?loc=goods_rank
반려동물,10,E16AC01BK,E-IT,털니트 단추 목도리 블랙,"
                                                                                                                                                12000",12000,106,https://www.musinsa.com/app/goods/467207?loc=goods_rank
반려동물,11,BASIC HOODY 4 BIGDOGS red stripe,DENNYFIELD,BASIC HOODY 4 BIGDOGS red stripe,24000,9900,35,https://www.musinsa.com/app/goods/595873?loc=goods_rank
반려동물,12,BASIC HOODY 4 BIGDOGS sky,DENNYFIELD,BASIC HOODY 4 BIGDOGS sky,24000,9900,26,https://www.musinsa.com/app/goods/596088?loc=goods_rank
반려동물,13,FULL ZIP SHARK HOODY grey,DENNYFIELD,FULL ZIP SHARK HOODY grey,46000,23000,55,https://www.musinsa.com/app/goods/596099?loc=goods_rank
반려동물,14,FULL ZIP SHARK HOODY navy,DENNYFIELD,FULL ZIP SHARK HOODY navy,46000,6900,32,https://www.musinsa.com/app/goods/596101?loc=goods_rank
반려동물,15,STROLL ALL-IN-ONE black,DENNYFIELD,STROLL ALL-IN-ONE black,34000,4900,27,https://www.musinsa.com/app/goods/596105?loc=goods_rank
반려동물,16,PIGMENT WASHED T-SHIRT black,DENNYFIELD,PIGMENT WASHED T-SHIRT black,26000,4900,88,https://www.musinsa.com/app/goods/596149?loc=goods_rank
반려동물,17,B-3 MOUTON JACKET 4 BIGDOGS black,DENNYFIELD,B-3 MOUTON JACKET 4 BIGDOGS black,59000,9900,117,https://www.musinsa.com/app/goods/596203?loc=goods_rank
반려동물,18,BR18SSMN01_WH,FOREVERYBARI,터틀넥 티셔츠 (화이트),"
                                                                                                                                                32000",32000,5,https://www.musinsa.com/app/goods/749093?loc=goods_rank
반려동물,19,UMS01P,TROIS POINT,언밸런스 모드 피케 셔츠 (베이비퍼플),"
                                                                                                                                                34000",34000,15,https://www.musinsa.com/app/goods/762160?loc=goods_rank
반려동물,20,EH002MR,BARKER,저자극 하네스 마린,24900,19800,41,https://www.musinsa.com/app/goods/863852?loc=goods_rank
반려동물,21,e19ac02,E-IT,헤링본 울 빵모자,"
                                                                                                                                                25000",25000,75,https://www.musinsa.com/app/goods/1259390?loc=goods_rank
반려동물,22,30502,RUFFWEAR,프런트 레인지 하네스 (Front Range™ Harness 2022SS),"
                                                                                                                                                62000",62000,1537,https://www.musinsa.com/app/goods/1291259?loc=goods_rank
반려동물,23,40752,RUFFWEAR,프런트 레인지 리드줄(Front Range™ Leash 2022SS),"
                                                                                                                                                34000",34000,529,https://www.musinsa.com/app/goods/1291266?loc=goods_rank
반려동물,24,55103,RUFFWEAR,더 비콘 세이프티 라이트(The Beacon™ Safety Light),"
                                                                                                                                                42000",42000,267,https://www.musinsa.com/app/goods/1303485?loc=goods_rank
반려동물,25,DA1811BK,DOGMATIC,야광 스티치 올인원_블랙,"
                                                                                                                                                38000",38000,42,https://www.musinsa.com/app/goods/1312981?loc=goods_rank
반려동물,26,WALKBAG (navy),PUNPUN,데일리 산책가방 (네이비),"
                                                                                                                                                47000",47000,11,https://www.musinsa.com/app/goods/1317962?loc=goods_rank
반려동물,27,N17-11FSRC-191128,MUNIKUND,블루레몬 레인코트,"
                                                                                                                                                69000",69000,261,https://www.musinsa.com/app/goods/1503724?loc=goods_rank
반려동물,28,1,GOLDENPET,팬클럽바람막이[네온옐로우],"
                                                                                                                                                29900",29900,14,https://www.musinsa.com/app/goods/1509242?loc=goods_rank
반려동물,29,1876744,KUNDAL,네이처 pH밸런싱 실키 코트 애견샴푸 500ml,"
                                                                                                                                                11500",11500,36,https://www.musinsa.com/app/goods/1528485?loc=goods_rank
반려동물,30,72PEC1111-07D,MLB,PET 루키 볼캡 LA (MUSTARD),"
                                                                                                                                                29000",29000,619,https://www.musinsa.com/app/goods/1687364?loc=goods_rank
반려동물,31,72PEC1111-50O,MLB,PET 루키 볼캡 NY (CORAL),"
                                                                                                                                                29000",29000,435,https://www.musinsa.com/app/goods/1687367?loc=goods_rank
반려동물,32,72PEC1111-50L,MLB,PET 루키 볼캡 NY (BLACK),"
                                                                                                                                                29000",29000,939,https://www.musinsa.com/app/goods/1687368?loc=goods_rank
반려동물,33,A1A211749B6,PETIT MONDE,카이 골지 니트 가디건 그린,"
                                                                                                                                                19000",19000,42,https://www.musinsa.com/app/goods/1692799?loc=goods_rank
반려동물,34,A1A211749B6,PETIT MONDE,카이 골지 니트 가디건 그레이,"
                                                                                                                                                23000",23000,35,https://www.musinsa.com/app/goods/1692803?loc=goods_rank
반려동물,35,A1A211749B6,PETIT MONDE,카이 골지 니트 가디건 스카이블루,"
                                                                                                                                                19000",19000,613,https://www.musinsa.com/app/goods/1692807?loc=goods_rank
반려동물,36,scam19,SCAMPER,플리스 집업 자켓 (화이트),"
                                                                                                                                                47000",47000,66,https://www.musinsa.com/app/goods/1713764?loc=goods_rank
반려동물,37,60502 206 J,RUKKAPETS,써말 패딩 방한 오버올,"
                                                                                                                                                130100",130100,244,https://www.musinsa.com/app/goods/1765030?loc=goods_rank
반려동물,38,72PEC1111-07V,MLB,PET 베이직 로고 캡 LA (VIOLET),"
                                                                                                                                                29000",29000,275,https://www.musinsa.com/app/goods/1799059?loc=goods_rank
반려동물,39,72PEM2111-07S,MLB,PET 빅로고 맨투맨 LA (SKY BLUE),"
                                                                                                                                                39000",39000,297,https://www.musinsa.com/app/goods/1799068?loc=goods_rank
반려동물,40,72PEH2111-50T,MLB,PET LIKE 후디 NY (MINT),"
                                                                                                                                                49000",49000,117,https://www.musinsa.com/app/goods/1799071?loc=goods_rank
반려동물,41,72PEH2111-07V,MLB,PET LIKE 후디 LA (VIOLET),"
                                                                                                                                                49000",49000,205,https://www.musinsa.com/app/goods/1799072?loc=goods_rank
반려동물,42,72PEH1111-50W,MLB,PET 모노그램 후드 NY (WHITE),"
                                                                                                                                                49000",49000,141,https://www.musinsa.com/app/goods/1799073?loc=goods_rank
반려동물,43,72PEH1111-50L,MLB,PET 모노그램 후드 NY (BLACK),"
                                                                                                                                                49000",49000,329,https://www.musinsa.com/app/goods/1799074?loc=goods_rank
반려동물,44,72PET1111-50P,MLB,PET 모노그램 티셔츠 NY (PINK),"
                                                                                                                                                39000",39000,297,https://www.musinsa.com/app/goods/1835666?loc=goods_rank
반려동물,45,72PET1111-50L,MLB,PET 모노그램 티셔츠 NY (BLACK),"
                                                                                                                                                39000",39000,444,https://www.musinsa.com/app/goods/1835667?loc=goods_rank
반려동물,46,72PET1111-50B,MLB,PET 모노그램 티셔츠 NY (BEIGE),"
                                                                                                                                                39000",39000,410,https://www.musinsa.com/app/goods/1835668?loc=goods_rank
반려동물,47,플라워 라이언 하네스 : 그린,ANDBLANK,플라워 라이언 하네스 : 그린,"
                                                                                                                                                32000",32000,33,https://www.musinsa.com/app/goods/1846915?loc=goods_rank
반려동물,48,HMPOPAP56320006-600,POLO RALPH LAUREN,코튼 메시 빅포니 도그 폴로 셔츠 - 레드,"
                                                                                                                                                89000",89000,200,https://www.musinsa.com/app/goods/1848767?loc=goods_rank
반려동물,49,RRC-KT040,REALPET,체크 니트 핑크,"
                                                                                                                                                27800",27800,7,https://www.musinsa.com/app/goods/1848908?loc=goods_rank
반려동물,50,663674,BACON,고아웃클럽 풉백 케이스 (4종 택1),"
                                                                                                                                                13000",13000,215,https://www.musinsa.com/app/goods/1849980?loc=goods_rank
반려동물,51,72PEJ1111-07U,MLB,PET 로고 레인코트 LA (BLUE),"
                                                                                                                                                79000",79000,106,https://www.musinsa.com/app/goods/1870400?loc=goods_rank
반려동물,52,RTA-TS059,REALPET,유니콘 쿨링 후드 티셔츠,19800,15800,11,https://www.musinsa.com/app/goods/1902600?loc=goods_rank
반려동물,53,FAB031,FABDOG,비버 파볼 반려견 장난감,"
                                                                                                                                                16000",16000,10,https://www.musinsa.com/app/goods/1913532?loc=goods_rank
반려동물,54,703817,BACON,붕어빵 프렌즈 토이,"
                                                                                                                                                8000",8000,124,https://www.musinsa.com/app/goods/1917457?loc=goods_rank
반려동물,55,RQA_TS014,REALPET,키세스 나시 후드 옐로우,"
                                                                                                                                                24800",24800,7,https://www.musinsa.com/app/goods/1922217?loc=goods_rank
반려동물,56,72PEM2111-50L,MLB,PET 빅로고 맨투맨 NY (BLACK),"
                                                                                                                                                39000",39000,267,https://www.musinsa.com/app/goods/1951232?loc=goods_rank
반려동물,57,72PEM2111-07U,MLB,PET 빅로고 맨투맨 LA (BLUE),"
                                                                                                                                                39000",39000,71,https://www.musinsa.com/app/goods/1951233?loc=goods_rank
반려동물,58,TH_HH_PL,TAILHIGH,하이브리드하네스 선셋핑크L,"
                                                                                                                                                89000",89000,9,https://www.musinsa.com/app/goods/1968154?loc=goods_rank
반려동물,59,0LM21SBG018RED,LMC,LMC x PUPPIA DOG LEASH BAG red,45000,18000,229,https://www.musinsa.com/app/goods/1993845?loc=goods_rank
반려동물,60,CitybagCH,FOREVERYBARI,시티백 (차콜),"
                                                                                                                                                154000",154000,20,https://www.musinsa.com/app/goods/2000793?loc=goods_rank
반려동물,61,PG-CT011,PETCARE,춤추는생선 고양이용 붕어,"
                                                                                                                                                28000",28000,32,https://www.musinsa.com/app/goods/2049211?loc=goods_rank
반려동물,62,JD21SSTSTRGR,JOYSDAY,POCKET T-SHIRT,21000,10500,19,https://www.musinsa.com/app/goods/2053664?loc=goods_rank
반려동물,63,iBAG BG01 SSM,ICANDOR,아이백 쌔씨크림,"
                                                                                                                                                179000",179000,89,https://www.musinsa.com/app/goods/2054211?loc=goods_rank
반려동물,64,40205,RUFFWEAR,낫 어 리쉬 리드줄(Knot-a-Leash™),"
                                                                                                                                                58000",58000,313,https://www.musinsa.com/app/goods/2100166?loc=goods_rank
반려동물,65,40263,RUFFWEAR,낫 어 롱 리드줄(Knot-a-Long™),"
                                                                                                                                                48000",48000,72,https://www.musinsa.com/app/goods/2100196?loc=goods_rank
반려동물,66,HMPOPAP5BD20003-020,POLO RALPH LAUREN,케이블 캐시미어 도그 스웨터 - 그레이,"
                                                                                                                                                219000",219000,89,https://www.musinsa.com/app/goods/2111005?loc=goods_rank
반려동물,67,HMPOPAP5BD20004-520,POLO RALPH LAUREN,케이블 캐시미어 도그 스웨터 - 퍼플,"
                                                                                                                                                219000",219000,33,https://www.musinsa.com/app/goods/2111006?loc=goods_rank
반려동물,68,HMPOPAP5BD20005-410,POLO RALPH LAUREN,플래그 울 블렌드 도그 스웨터 - 네이비,"
                                                                                                                                                219000",219000,174,https://www.musinsa.com/app/goods/2111008?loc=goods_rank
반려동물,69,HMPOPAP5R920002-001,POLO RALPH LAUREN,케이블 캐시미어 도그 스웨터 - 블랙,"
                                                                                                                                                219000",219000,54,https://www.musinsa.com/app/goods/2111011?loc=goods_rank
반려동물,70,HMPOPAP5R920003-020,POLO RALPH LAUREN,케이블 캐시미어 도그 스웨터 - 그레이,"
                                                                                                                                                219000",219000,80,https://www.musinsa.com/app/goods/2111013?loc=goods_rank
반려동물,71,RRD-JHS099,REALPET,강아지하네스 가슴줄+리드 세트 9color (XXS~XXL),"
                                                                                                                                                14800",14800,24,https://www.musinsa.com/app/goods/2118394?loc=goods_rank
반려동물,72,7APEBM114-50BKS,MLB,PET MONOGRAM 가방 NY (Black),"
                                                                                                                                                49000",49000,321,https://www.musinsa.com/app/goods/2129381?loc=goods_rank
반려동물,73,7APEM0314-50CRS,MLB,PET MLB LIKE PLANET 맨투맨 NY (Cream),"
                                                                                                                                                43000",43000,77,https://www.musinsa.com/app/goods/2129407?loc=goods_rank
반려동물,74,7APEJ0114-50CRS,MLB,PET 메가로고 후리스 점퍼 NY (Cream),"
                                                                                                                                                69000",69000,847,https://www.musinsa.com/app/goods/2129482?loc=goods_rank
반려동물,75,7APEH0214-50CRS,MLB,PET MLB LIKE 후드 NY (Cream),"
                                                                                                                                                49000",49000,92,https://www.musinsa.com/app/goods/2129507?loc=goods_rank
반려동물,76,7APEH0214-43NYL,MLB,PET MLB LIKE 후드 B (L.Navy),"
                                                                                                                                                49000",49000,25,https://www.musinsa.com/app/goods/2129509?loc=goods_rank
반려동물,77,7APEH0114-50PKD,MLB,PET MONOGRAM 후드 NY (D.Pink),"
                                                                                                                                                49000",49000,56,https://www.musinsa.com/app/goods/2129511?loc=goods_rank
반려동물,78,7APEDM114-50BKS,MLB,PET 모노그램 다운점퍼 NY (Black),"
                                                                                                                                                79000",79000,463,https://www.musinsa.com/app/goods/2129515?loc=goods_rank
반려동물,79,7APED0114-43RDS,MLB,PET 메가로고 다운점퍼 B (Red),"
                                                                                                                                                69000",69000,51,https://www.musinsa.com/app/goods/2129519?loc=goods_rank
반려동물,80,미스테리아울 롬퍼 : 멜란지 그레이,ANDBLANK,미스테리아울 롬퍼 : 멜란지 그레이,"
                                                                                                                                                46000",46000,31,https://www.musinsa.com/app/goods/2146898?loc=goods_rank
반려동물,81,YB10GD0011GR,YALE,EMBROIDERY UNIVERSITY DAN DOGGY HOODIE GRAY,29000,26100,2002,https://www.musinsa.com/app/goods/2156664?loc=goods_rank
반려동물,82,RTA-TS059,REALPET,도트 후드 티셔츠 옐로우,19800,12800,3,https://www.musinsa.com/app/goods/2167952?loc=goods_rank
반려동물,83,YB10GD0031BK,YALE,2 TONE ARCH DOGGY HOODIE BLACK,32000,28800,453,https://www.musinsa.com/app/goods/2194199?loc=goods_rank
반려동물,84,0LM21FAC110RED,LMC,LMC UNIV DOG HOODIE red,39000,19500,158,https://www.musinsa.com/app/goods/2209500?loc=goods_rank
반려동물,85,CA2110HANY,MONCHOUCHOU,Pepper Cotton Harness Set Navy,"
                                                                                                                                                72000",72000,5,https://www.musinsa.com/app/goods/2246142?loc=goods_rank
반려동물,86,2020376,KINIKINI,[키니키니X어프어프]CHERRY COVY CROP TOP-BLUE(크롭탑),25000,20900,37,https://www.musinsa.com/app/goods/2254108?loc=goods_rank
반려동물,87,1000280195384,A TOUS MOMENTS,피에르 푸백,"
                                                                                                                                                20000",20000,1,https://www.musinsa.com/app/goods/2266441?loc=goods_rank
반려동물,88,CH401wh,ANDANTTE,챔퍼하우스 401,"
                                                                                                                                                334000",334000,17,https://www.musinsa.com/app/goods/2272812?loc=goods_rank
반려동물,89,DD-FR,ICANDOR,딩글댕글백_포레스트,"
                                                                                                                                                19000",19000,20,https://www.musinsa.com/app/goods/2292406?loc=goods_rank
반려동물,90,HARNESS-PR,ICANDOR,노-풀 하네스_ 포레스트,"
                                                                                                                                                32000",32000,14,https://www.musinsa.com/app/goods/2292496?loc=goods_rank
반려동물,91,PTS1ANV,MONPLISSE,[강아지옷] 플리츠 카라 집업 풀오버 (네이비),"
                                                                                                                                                39000",39000,303,https://www.musinsa.com/app/goods/2296303?loc=goods_rank
반려동물,92,YC2GD0021BK,YALE,EMBROIDERY UNIVERSITY DAN DOGGY HOODIE BLACK,29000,26100,218,https://www.musinsa.com/app/goods/2319998?loc=goods_rank
반려동물,93,12447542,PETRIUM,모더닉 반려동물용 EVA 퍼즐매트 10입,"
                                                                                                                                                23900",23900,13,https://www.musinsa.com/app/goods/2388220?loc=goods_rank
반려동물,94,YC3GD1041NA,YALE,Hole Poop Bag,49000,44100,51,https://www.musinsa.com/app/goods/2406066?loc=goods_rank
반려동물,95,OAWA-TS6419,OLCHI,강아지 어흥 라운드 티셔츠 (OAWA-TS6419),"
                                                                                                                                                19600",19600,14,https://www.musinsa.com/app/goods/2435256?loc=goods_rank
반려동물,96,TREATBALL_01,ROICO,오뚝볼 강아지 고양이 노즈워크 장난감 공 킁킁볼,"
                                                                                                                                                12000",12000,26,https://www.musinsa.com/app/goods/2448408?loc=goods_rank
반려동물,97,EB2202TC03KH,EBBETSFIELD,베츠 하네스 리드줄 세트 카키,45000,22500,89,https://www.musinsa.com/app/goods/2454049?loc=goods_rank
반려동물,98,cb3,THE SALLYS LAW,캔버스 클래식 X 하네스 (블랙),"
                                                                                                                                                38500",38500,16,https://www.musinsa.com/app/goods/2468180?loc=goods_rank
반려동물,99,앤블랭크 베베왈러스 하네스,ANDBLANK,베베왈러스 하네스,"
                                                                                                                                                54000",54000,8,https://www.musinsa.com/app/goods/2512262?loc=goods_rank
반려동물,100,YC5GD0061KH,YALE,[COOL COTTON] SMALL ARCH DOGGY SLEEVELESS KHAKI,19000,17100,86,https://www.musinsa.com/app/goods/2540504?loc=goods_rank
