﻿카테고리,순위,품번,브랜드명,상품명(한글),판매가,비회원가,좋아요 수,URL
속옷,1,NP2312OUB1,CALVIN KLEIN UNDERWEAR,남성 웨이스트밴드 코튼 스트레치 버라이어티 3PK 트렁크_NP2312OUB1,79000,71100,10117,https://www.musinsa.com/app/goods/2054418?loc=goods_rank
속옷,2,CBMDR390-BBB,CODES COMBINE INNERWEAR,로고 아웃밴드 베이직 드로즈 3PACK (BKBKBK),66000,36000,2375,https://www.musinsa.com/app/goods/2463808?loc=goods_rank
속옷,3,MMJMP001,MUSINSA STANDARD,[쿨탠다드] 맨즈 드로즈 3팩,"
                                                                                                                                                27900",27900,14578,https://www.musinsa.com/app/goods/1504726?loc=goods_rank
속옷,4,CFADR371-BNC,CODES COMBINE INNERWEAR,베이직 컬러 남성 드로즈 3PACK (블랙/네이비/챠콜),66000,36000,8620,https://www.musinsa.com/app/goods/1392057?loc=goods_rank
속옷,5,ZIKLAG230102418,ZIKLAG,맨즈 에센셜 드로즈 4PACK,59900,59900,277,https://www.musinsa.com/app/goods/3101568?loc=goods_rank
속옷,6,MHBR0001-BK,MUSINSA STANDARD,우먼즈 와이어리스 브라 [블랙],23900,21490,7906,https://www.musinsa.com/app/goods/803035?loc=goods_rank
속옷,7,FW001C,OFFHOUR,커플 마일드 실크라인 긴팔 잠옷 세트,45900,29900,45,https://www.musinsa.com/app/goods/3528243?loc=goods_rank
속옷,8,NB1086_BHY,CALVIN KLEIN UNDERWEAR,남성 모던코튼 스트레치 2PK 트렁크_NB1086_BHY,"
                                                                                                                                                55000",55000,7419,https://www.musinsa.com/app/goods/1315501?loc=goods_rank
속옷,9,8H21SSWMPJM001,8HOURS,(W) 클래식 하프집 원피스 (네이비),59900,59900,795,https://www.musinsa.com/app/goods/2632552?loc=goods_rank
속옷,10,100% 풍기인견 summer shower gown_green,MILES AND MILES AND MILES,100% 풍기인견 여름샤워가운_그린,"
                                                                                                                                                118000",118000,15,https://www.musinsa.com/app/goods/3393862?loc=goods_rank
속옷,11,MHBR0001-LB,MUSINSA STANDARD,우먼즈 와이어리스 브라 [라이트 베이지],23900,21490,5892,https://www.musinsa.com/app/goods/803036?loc=goods_rank
속옷,12,CCMDR581-GPN,CODES COMBINE INNERWEAR,심플로고밴드 에어로쿨 드로즈 3PACK v2,66000,36000,81,https://www.musinsa.com/app/goods/3257777?loc=goods_rank
속옷,13,MHMP0002,MUSINSA STANDARD,맨즈 코튼 드로즈 3팩,"
                                                                                                                                                21900",21900,3579,https://www.musinsa.com/app/goods/1084594?loc=goods_rank
속옷,14,MHWP0001,MUSINSA STANDARD,우먼즈 심리스 팬티 3팩,"
                                                                                                                                                20900",20900,9145,https://www.musinsa.com/app/goods/803037?loc=goods_rank
속옷,15,CFADR461-DBN,CODES COMBINE INNERWEAR,베이직 원포인트 드로즈 3PACK(BKDGYNY),69000,42000,2316,https://www.musinsa.com/app/goods/1532691?loc=goods_rank
속옷,16,CCWRP991LB,CODES COMBINE INNERWEAR,코드 포인트 데일리 브라 팬티 세트 - 애쉬베이지,52000,26000,177,https://www.musinsa.com/app/goods/3461354?loc=goods_rank
속옷,17,NP2443OEMA,CALVIN KLEIN UNDERWEAR,남성 CK 마이크로 플러스 로우라이즈 트렁크 3PK_NP2443OEMA,85000,76500,179,https://www.musinsa.com/app/goods/3432008?loc=goods_rank
속옷,18,5001609619,DOSSY,소프킨 코지 커플 잠옷 세트,39900,21900,915,https://www.musinsa.com/app/goods/2966687?loc=goods_rank
속옷,19,52BHHOCPJ01BC,OIOI,LOGO FLANNEL PAJAMAS [BLUE CHECK],89000,62300,2096,https://www.musinsa.com/app/goods/2322050?loc=goods_rank
속옷,20,"DDP00333,DDP00334",OGGITT,(uni)도미토리 펜슬 스트라이프 파자마 블루,"
                                                                                                                                                58000",58000,447,https://www.musinsa.com/app/goods/3068928?loc=goods_rank
속옷,21,CCWRP981GY,CODES COMBINE INNERWEAR,슬림 라인 포인트 브라팬티세트_다크그레이,52000,26000,260,https://www.musinsa.com/app/goods/3461366?loc=goods_rank
속옷,22,MHMP0001,MUSINSA STANDARD,맨즈 드로즈 3팩,"
                                                                                                                                                21900",21900,19303,https://www.musinsa.com/app/goods/803032?loc=goods_rank
속옷,23,5002924562,DOSSY,클린 실크핏 반팔 카라 커플 잠옷 세트,47000,23900,4098,https://www.musinsa.com/app/goods/3198730?loc=goods_rank
속옷,24,GCWBR125GY_BP125GY,GUESS UNDERWEAR,노와이어 텐셀 그레이 브라렛 팬티 세트,65000,45500,188,https://www.musinsa.com/app/goods/3104475?loc=goods_rank
속옷,25,SPPPD49U02,SPAO,(포켓몬) 포켓몬 긴팔 잠옷(GREEN)_SPPPD49U02,"
                                                                                                                                                39900",39900,384,https://www.musinsa.com/app/goods/3446988?loc=goods_rank
속옷,26,SPPPD49U01,SPAO,(산리오캐릭터즈) 산리오캐릭터즈 긴팔 잠옷(LIGHT PINK)_SPPPD49U01,"
                                                                                                                                                39900",39900,538,https://www.musinsa.com/app/goods/3446993?loc=goods_rank
속옷,27,MK229NUW001M0BB,MATIN KIM,LOGO BAND TRIANGLE BRA IN BLACK,"
                                                                                                                                                38000",38000,4149,https://www.musinsa.com/app/goods/3324813?loc=goods_rank
속옷,28,OBMDR894CL,GUESS UNDERWEAR,실버블랙 로고밴딩 드로즈 6PACK,234000,70000,3523,https://www.musinsa.com/app/goods/2108176?loc=goods_rank
속옷,29,CCWRP953BK,CODES COMBINE INNERWEAR,펑셔널 스포츠 브라 팬티 세트 - 블랙,59600,35000,124,https://www.musinsa.com/app/goods/3505437?loc=goods_rank
속옷,30,CCWRT481SK,CODES COMBINE INNERWEAR,[브라1+팬티2 세트] 아스킨 톤온톤 아웃밴드 브라 팬티 세트_스킨,68000,34000,460,https://www.musinsa.com/app/goods/3238108?loc=goods_rank
속옷,31,NB3298100,CALVIN KLEIN UNDERWEAR,남성 엠보스드 아이콘 코튼 힙브리프_NB3298100,63000,33500,109,https://www.musinsa.com/app/goods/2715096?loc=goods_rank
속옷,32,T21422215,TRY,T-NEW 7 니트 면 트렁크 4종세트,34900,15900,333,https://www.musinsa.com/app/goods/1915525?loc=goods_rank
속옷,33,1170FI4DRE1644FBLK,FILA UNDERWEAR,에센셜 베이직 여성 사각드로즈(FI4DRE1644FBLK),10000,4000,284,https://www.musinsa.com/app/goods/3434426?loc=goods_rank
속옷,34,EAWRPA83CRM,ELLE INNERWEAR,노와이어 메이크업 크림 브라렛 팬티 세트,64000,28000,381,https://www.musinsa.com/app/goods/2219986?loc=goods_rank
속옷,35,ECWRP182BGY,ELLE INNERWEAR,레이스 소프트핏 노와이어 블루그레이 브라렛 팬티 세트,64000,28000,217,https://www.musinsa.com/app/goods/3037839?loc=goods_rank
속옷,36,CCWRP781LKH,CODES COMBINE INNERWEAR,볼드 로고 글램 브라팬티세트_라이트카키,52000,26000,182,https://www.musinsa.com/app/goods/3380585?loc=goods_rank
속옷,37,HYARPS01BE,HYGGE UNDERWEAR,[DAILY] 데일리 노와이어 브라렛 팬티 세트 - 그레이지,28000,25200,630,https://www.musinsa.com/app/goods/3238867?loc=goods_rank
속옷,38,5001609622,DOSSY,소프킨 싱글라인 커플 잠옷 세트,39900,23900,655,https://www.musinsa.com/app/goods/2966698?loc=goods_rank
속옷,39,LSWPY831,LEVI'S BODYWEAR,체커보드 유로저지 헴팬티--LSWPY831,30000,20000,13,https://www.musinsa.com/app/goods/3427045?loc=goods_rank
속옷,40,ANVE22A3Q,ANYBODY,편애 브라_후크형 ANVE22A3Q_7358,22900,19900,194,https://www.musinsa.com/app/goods/2883938?loc=goods_rank
속옷,41,MWJLR006-LB,MUSINSA STANDARD,우먼즈 플런지 브라 [라이트 베이지],23900,19090,1062,https://www.musinsa.com/app/goods/1693206?loc=goods_rank
속옷,42,MK229NUW002M0BB,MATIN KIM,LOGO BAND BIKINI BRIEF IN BLACK,"
                                                                                                                                                18000",18000,3222,https://www.musinsa.com/app/goods/3324802?loc=goods_rank
속옷,43,ZLSIM02269,ZIKLAG,ZL 우먼즈 노라인 심리스 팬티 4PACK,39900,39900,1810,https://www.musinsa.com/app/goods/1919730?loc=goods_rank
속옷,44,koznok,KOZNOK,캡 내장 브이넥 스트라이프 골지 끈 나시,"
                                                                                                                                                15000",15000,547,https://www.musinsa.com/app/goods/3206333?loc=goods_rank
속옷,45,10Y20-LR001W,NTET,[나인틴에이티x텐야드] 이너기어 러닝백 (화이트),37000,14900,35,https://www.musinsa.com/app/goods/1741983?loc=goods_rank
속옷,46,1170FI4BAF2143FLML,FILA UNDERWEAR,로고밴드 포인트 노와이어 브라렛(FI4BAF2143FLML),22000,12000,185,https://www.musinsa.com/app/goods/3110360?loc=goods_rank
속옷,47,SPPPD49U07,SPAO,(다이노탱) 다이노탱 긴팔 잠옷(NAVY)_SPPPD49U07,"
                                                                                                                                                39900",39900,1764,https://www.musinsa.com/app/goods/3446965?loc=goods_rank
속옷,48,MWJLT017-BK,MUSINSA STANDARD,[쿨탠다드] 우먼즈 크루 넥 언더셔츠 [블랙],12900,10290,548,https://www.musinsa.com/app/goods/1436607?loc=goods_rank
속옷,49,PY137,HUGDAY,심리스 이너 브라질리언 팬티,"
                                                                                                                                                9900",9900,29,https://www.musinsa.com/app/goods/3077551?loc=goods_rank
속옷,50,ANVE23A21,ANYBODY,편애브라_일체형 ANVE23A21_7358,22900,19900,294,https://www.musinsa.com/app/goods/2884025?loc=goods_rank
속옷,51,MMJMP002,MUSINSA STANDARD,[쿨탠다드] 맨즈 드로즈 컬러 리버스 3팩,27900,25090,2723,https://www.musinsa.com/app/goods/1504727?loc=goods_rank
속옷,52,ANPE22A1Q,ANYBODY,편애 팬티_베이직 ANPE22A1Q_7358,7900,5900,107,https://www.musinsa.com/app/goods/2884055?loc=goods_rank
속옷,53,2180035,PLAYBOY,남성 남자 어위크 패키지 드로즈 7매입 팬티 세트 PMD2108,"
                                                                                                                                                29900",29900,5964,https://www.musinsa.com/app/goods/2603332?loc=goods_rank
속옷,54,ANJS22D42,ANYBODY,벨리곰 별꿈나라 수면잠옷+안대 세트 ANJS22D42_7358,49900,29900,1573,https://www.musinsa.com/app/goods/2948332?loc=goods_rank
속옷,55,QF5490_001_SET,CALVIN KLEIN UNDERWEAR,여성 모던 코튼 리프트 브라 팬티 세트_블랙,114000,99000,4467,https://www.musinsa.com/app/goods/2942832?loc=goods_rank
속옷,56,QF5490_020_SET,CALVIN KLEIN UNDERWEAR,여성 모던 코튼 리프트 브라 팬티 세트_그레이,114000,99000,3707,https://www.musinsa.com/app/goods/2949935?loc=goods_rank
속옷,57,SPPPD49U02,SPAO,(포켓몬) 포켓몬 긴팔 잠옷(PURPLE)_SPPPD49U02,"
                                                                                                                                                39900",39900,547,https://www.musinsa.com/app/goods/3446990?loc=goods_rank
속옷,58,NP2312O9NJ,CALVIN KLEIN UNDERWEAR,남성 코튼 스트레치 버라이어트 3PK 트렁크_NP2312O9NJ,79000,38500,427,https://www.musinsa.com/app/goods/3029362?loc=goods_rank
속옷,59,CCMDR181-DKB,CODES COMBINE INNERWEAR,실버 아웃밴드 포인트 드로즈 3PACK (DBR/KH/BK),66000,36000,160,https://www.musinsa.com/app/goods/3002152?loc=goods_rank
속옷,60,JDMD202211,JAMES DEAN,JD 압박 해소 프리 컷팅 심리스 드로즈 5PACK,53900,19900,1428,https://www.musinsa.com/app/goods/2768667?loc=goods_rank
속옷,61,OAWRP691BK,GUESS UNDERWEAR,에어로쿨 로고 아웃밴드 블랙 노와이어 브라 팬티 세트,64000,32000,13543,https://www.musinsa.com/app/goods/2274701?loc=goods_rank
속옷,62,OCWRP993BK,GUESS UNDERWEAR,실버 글로스밴딩 브라팬티 세트 - 블랙,56000,28000,434,https://www.musinsa.com/app/goods/3493323?loc=goods_rank
속옷,63,CUUN2EX40BK,CHAMPION,[ASIA] 클래식 복서 브리프 3팩 (BLACK),38000,15000,235,https://www.musinsa.com/app/goods/3510231?loc=goods_rank
속옷,64,303521,BUBBLELIME,(3장)본디드 무봉제 스포츠 T팬티 요가 티팬티_G01,"
                                                                                                                                                14900",14900,1212,https://www.musinsa.com/app/goods/1634714?loc=goods_rank
속옷,65,CCWRP981BK,CODES COMBINE INNERWEAR,슬림 라인 포인트 브라팬티세트_블랙,52000,26000,644,https://www.musinsa.com/app/goods/3461399?loc=goods_rank
속옷,66,AOFYIBM14_MSS,ADIDAS UNDERWEAR,(노와이어) 트레포일 페일 브라팬티 1세트 WH,42900,25900,1488,https://www.musinsa.com/app/goods/2979713?loc=goods_rank
속옷,67,AOFYIBM11_MSS,ADIDAS UNDERWEAR,(노와이어) 트레포일 페일 브라팬티 1세트 D.NV,42900,25900,5099,https://www.musinsa.com/app/goods/2979720?loc=goods_rank
속옷,68,U2664CAZ,CALVIN KLEIN UNDERWEAR,남성 코튼 스트레치 3PK 로우 라이즈 트렁크_U2664CAZ,85000,56700,427,https://www.musinsa.com/app/goods/3029371?loc=goods_rank
속옷,69,5001609624,DOSSY,실크핏 클린 긴팔 커플 잠옷 세트,39900,23900,8396,https://www.musinsa.com/app/goods/2966703?loc=goods_rank
속옷,70,MWJLP007,MUSINSA STANDARD,우먼즈 헴 라인 팬티 3팩,22900,19390,2697,https://www.musinsa.com/app/goods/1693211?loc=goods_rank
속옷,71,SPPPD49U01,SPAO,(산리오캐릭터즈) 산리오캐릭터즈 긴팔 잠옷(BLACK)_SPPPD49U01,"
                                                                                                                                                39900",39900,371,https://www.musinsa.com/app/goods/3446999?loc=goods_rank
속옷,72,CGCDR872-GBD,CODES COMBINE INNERWEAR,로고 블랙밴드 드로즈 3PACK (GY/BK/DGY),66000,36000,805,https://www.musinsa.com/app/goods/2081726?loc=goods_rank
속옷,73,CCMDR581-BGN,CODES COMBINE INNERWEAR,심플로고밴드 에어로쿨 드로즈 3PACK v3,66000,36000,339,https://www.musinsa.com/app/goods/3257776?loc=goods_rank
속옷,74,CCMDR781-GBB,CODES COMBINE INNERWEAR,글램 유니크 밴드 드로즈 3PACK,66000,36000,93,https://www.musinsa.com/app/goods/3380711?loc=goods_rank
속옷,75,AOFYBEM31,ADIDAS UNDERWEAR,퍼포먼스 여성 3차 브라팬티 12종 패키지,224000,143200,925,https://www.musinsa.com/app/goods/2987912?loc=goods_rank
속옷,76,JDD0141235,JAMES DEAN,JD 맨즈 무지 모달 심리스 드로즈 4PACK,59900,59900,71,https://www.musinsa.com/app/goods/3373517?loc=goods_rank
속옷,77,ANPE23A1Q,ANYBODY,편애 팬티_베이직 ANPE23A1Q_7358,9900,7900,120,https://www.musinsa.com/app/goods/2884003?loc=goods_rank
속옷,78,F3787AD_001,CALVIN KLEIN UNDERWEAR,여성 모던코튼 비키니 팬티_F3787AD_001,35000,31500,11866,https://www.musinsa.com/app/goods/1388637?loc=goods_rank
속옷,79,NBXDCA3401_19,NEW BALANCE,NBXDCA3401,59900,29900,95,https://www.musinsa.com/app/goods/2983127?loc=goods_rank
속옷,80,NBXDCA3102_19,NEW BALANCE,NBXDCA3102,49900,29900,57,https://www.musinsa.com/app/goods/2983130?loc=goods_rank
속옷,81,NBXDCA3102_20,NEW BALANCE,NBXDCA3102,49900,29900,35,https://www.musinsa.com/app/goods/2983131?loc=goods_rank
속옷,82,FW006C,OFFHOUR,커플 퍼플 마일드 실크라인 긴팔잠옷 세트,45900,29900,9,https://www.musinsa.com/app/goods/3543734?loc=goods_rank
속옷,83,5000849799,UNCOATED 247,슬림핏 모달 트렁크 v2 7SET,180000,119000,234,https://www.musinsa.com/app/goods/2909091?loc=goods_rank
속옷,84,LSWBX264_LSWPX265,LEVI'S BODYWEAR,레트로 에코텐셀스판 브라 헴팬티 세트,94000,27900,129,https://www.musinsa.com/app/goods/3080416?loc=goods_rank
속옷,85,NBXDDA201M_19,NEW BALANCE,NBXDDA201M,39900,27900,331,https://www.musinsa.com/app/goods/3288093?loc=goods_rank
속옷,86,5004528205,DOSSY,실크핏 에센셜 솔리드 커플 카라 잠옷세트,56000,27900,51,https://www.musinsa.com/app/goods/3561603?loc=goods_rank
속옷,87,m1037_496389,LA LINGERIE,LAB20-474 홀리데이 팬티,19800,6930,151,https://www.musinsa.com/app/goods/1925717?loc=goods_rank
속옷,88,QF6834ADFBU,CALVIN KLEIN UNDERWEAR,여성 캘빈클라인 리퀴드 터치 AF 푸쉬업 플런지 브라_QF6834ADFBU,119000,107100,55,https://www.musinsa.com/app/goods/2681812?loc=goods_rank
속옷,89,NB2734OED0,CALVIN KLEIN UNDERWEAR,남성 코튼 스트레치 5PK 로우라이즈 트렁크_NB2734OED0,119000,107100,175,https://www.musinsa.com/app/goods/3431984?loc=goods_rank
속옷,90,5002924554,DOSSY,모던 실크핏 반팔 카라 커플 잠옷 세트,51000,25900,787,https://www.musinsa.com/app/goods/3198704?loc=goods_rank
속옷,91,BR918PT907,COMFORTLAB,뉴코튼 베이직 브라렛 세트,58000,25800,712,https://www.musinsa.com/app/goods/3296791?loc=goods_rank
속옷,92,SS007C,OFFHOUR,커플 컴포트 스트라이프 라인 반팔 + 반바지 잠옷 세트,34000,23900,694,https://www.musinsa.com/app/goods/3347094?loc=goods_rank
속옷,93,Greekw,JOSLOUNGE,[웜모달] (w) Greek Pajama Set,98000,94080,4,https://www.musinsa.com/app/goods/3348521?loc=goods_rank
속옷,94,12832810,GEARX,고급여름 자동분리 삼각팬티,"
                                                                                                                                                22800",22800,1,https://www.musinsa.com/app/goods/2011501?loc=goods_rank
속옷,95,MMJMP007,MUSINSA STANDARD,맨즈 코튼 드로즈 블랙 & 화이트 3팩,"
                                                                                                                                                21900",21900,1072,https://www.musinsa.com/app/goods/1528791?loc=goods_rank
속옷,96,QF6021ADACI,CALVIN KLEIN UNDERWEAR,여성 인비저블 AF 푸쉬업 플런지 브라_QF6021ADACI,119000,86800,94,https://www.musinsa.com/app/goods/3098430?loc=goods_rank
속옷,97,40306MDNHL,CALVIN KLEIN UNDERWEAR,[손흥민 캡슐] 남성 모던코튼 스트레치 3PK 트렁크_40306MDNHL,"
                                                                                                                                                85000",85000,150,https://www.musinsa.com/app/goods/3518624?loc=goods_rank
속옷,98,T_DEOBOXER5A,TRY,T-맨즈 프리미엄 코튼 트렁크_A 5PACK,44900,19900,677,https://www.musinsa.com/app/goods/1252072?loc=goods_rank
속옷,99,202110073,ZIKLAG,ZL 피치기모 카라 체크 파자마 잠옷세트- 아이보리,28900,28900,618,https://www.musinsa.com/app/goods/2167790?loc=goods_rank
속옷,100,AOMYDBN01,ADIDAS UNDERWEAR,퍼포먼스 블랙패키지 드로즈 8종,119000,79200,363,https://www.musinsa.com/app/goods/2980000?loc=goods_rank
