﻿카테고리,순위,품번,브랜드명,상품명(한글),판매가,비회원가,좋아요 수,URL
스니커즈,1,IF0641,ADIDAS,삼바 Decon IF0641,"
                                                                                                                                                179000",179000,2613,https://www.musinsa.com/app/goods/3543294?loc=goods_rank
스니커즈,2,IF0642,ADIDAS,삼바 Decon IF0642,"
                                                                                                                                                179000",179000,3243,https://www.musinsa.com/app/goods/3543293?loc=goods_rank
스니커즈,3,ID2047,ADIDAS,삼바 OG - 크림:살몬,"
                                                                                                                                                139000",139000,15644,https://www.musinsa.com/app/goods/3366203?loc=goods_rank
스니커즈,4,162058C,CONVERSE,척 70 클래식  블랙 162058C,95000,85500,107657,https://www.musinsa.com/app/goods/810034?loc=goods_rank
스니커즈,5,GW8206,ADIDAS,토바코 Gruen GW8206,"
                                                                                                                                                139000",139000,4395,https://www.musinsa.com/app/goods/3532933?loc=goods_rank
스니커즈,6,A02755C,CONVERSE,척70 시즈널 컬러 스쿼럴 프렌드 A02755C,99000,44550,3491,https://www.musinsa.com/app/goods/2987458?loc=goods_rank
스니커즈,7,ID2056,ADIDAS,삼바 OG - 네이비:화이트,"
                                                                                                                                                139000",139000,10163,https://www.musinsa.com/app/goods/3526686?loc=goods_rank
스니커즈,8,162050C,CONVERSE,척 70 클래식 블랙 162050C,99000,89100,102153,https://www.musinsa.com/app/goods/810033?loc=goods_rank
스니커즈,9,M9166C,CONVERSE,척테일러 올스타 블랙 옥스 M9166C,59000,53100,118902,https://www.musinsa.com/app/goods/311052?loc=goods_rank
스니커즈,10,NBP7DF711O_80,NEW BALANCE,NBP7DF711O,"
                                                                                                                                                139000",139000,1145,https://www.musinsa.com/app/goods/2734300?loc=goods_rank
스니커즈,11,VN000ZDF1WX1,VANS,올드스쿨(캔버스) - 블랙:트루 화이트,85000,69900,68192,https://www.musinsa.com/app/goods/186610?loc=goods_rank
스니커즈,12,EE6999,ADIDAS,오즈위고 - 트리플블랙,149000,104300,34430,https://www.musinsa.com/app/goods/1473136?loc=goods_rank
스니커즈,13,570256C,CONVERSE,척테일러 올스타 무브 블랙 570256C,85000,76500,22392,https://www.musinsa.com/app/goods/1729744?loc=goods_rank
스니커즈,14,IG4999,ADIDAS,가젤 인도어 - 블랙:옐로우,"
                                                                                                                                                169000",169000,670,https://www.musinsa.com/app/goods/3535974?loc=goods_rank
스니커즈,15,745647,SHOOPEN,[키높이 4.5cm 추가] 유니 레더 독일군 HPMR6DA03M,"
                                                                                                                                                59900",59900,11063,https://www.musinsa.com/app/goods/2440110?loc=goods_rank
스니커즈,16,L41741300,SALOMON SPORTSTYLE,XT-6 익스펜스 - 블랙:에보니:마그넷,"
                                                                                                                                                230000",230000,5138,https://www.musinsa.com/app/goods/2737457?loc=goods_rank
스니커즈,17,A00916C,CONVERSE,척 70 플러스  블랙 A00916C,109000,87200,8949,https://www.musinsa.com/app/goods/2631192?loc=goods_rank
스니커즈,18,NBP7DF721G _15,NEW BALANCE,NBP7DF721G,"
                                                                                                                                                139000",139000,14581,https://www.musinsa.com/app/goods/1990244?loc=goods_rank
스니커즈,19,VN0A3WM7VNE1,VANS,컴피쿠시 어센틱 - (클래식) 블랙:트루 화이트,75000,59900,7623,https://www.musinsa.com/app/goods/1608813?loc=goods_rank
스니커즈,20,560250C,CONVERSE,척테일러 올스타 캔버스 리프트 블랙 560250C,79000,71100,18044,https://www.musinsa.com/app/goods/1494177?loc=goods_rank
스니커즈,21,560251C,CONVERSE,척테일러 올스타 캔버스 리프트 화이트 560251C,79000,71100,46240,https://www.musinsa.com/app/goods/1494180?loc=goods_rank
스니커즈,22,EG4959,ADIDAS,슈퍼스타 - 블랙:화이트,"
                                                                                                                                                139000",139000,60428,https://www.musinsa.com/app/goods/1622069?loc=goods_rank
스니커즈,23,DXSH2111N-BES,DISCOVERY EXPEDITION,조거 플렉스 (LIGHT BEIGE),"
                                                                                                                                                109000",109000,34139,https://www.musinsa.com/app/goods/1130307?loc=goods_rank
스니커즈,24,5001727503,UNDYEDROOM,CAMPO701 (CREAM),"
                                                                                                                                                159000",159000,241,https://www.musinsa.com/app/goods/3040430?loc=goods_rank
스니커즈,25,LW235SH307,LIFEWORK,스페이스런 러너,"
                                                                                                                                                149000",149000,28,https://www.musinsa.com/app/goods/3466493?loc=goods_rank
스니커즈,26,HT4718-WH,HEELTOP,HT4718-WH 8cm 키높이 어글리 슈즈 지크 화이트 [240~280MM],79000,71100,1600,https://www.musinsa.com/app/goods/1428051?loc=goods_rank
스니커즈,27,3ASXCLB3N-50BKS,MLB,청키라이너 NY (Black),"
                                                                                                                                                139000",139000,3131,https://www.musinsa.com/app/goods/2974603?loc=goods_rank
스니커즈,28,VN0A3DZ3OXS1,VANS,스타일 36 - 마쉬멜로우:레이싱 레드,85000,67900,44215,https://www.musinsa.com/app/goods/1608838?loc=goods_rank
스니커즈,29,387532-02,PUMA,베이더론 KR - 블랙:블랙:그레이,149000,66900,4664,https://www.musinsa.com/app/goods/2469964?loc=goods_rank
스니커즈,30,BRS003,BRANS,루이스 레더 그레이,156000,124800,871,https://www.musinsa.com/app/goods/1481358?loc=goods_rank
스니커즈,31,H03474,ADIDAS,캠퍼스 00s - 레드,"
                                                                                                                                                119000",119000,4205,https://www.musinsa.com/app/goods/3091289?loc=goods_rank
스니커즈,32,DXSH3111N-BES,DISCOVERY EXPEDITION,브릭 BRICK (BEIGE),"
                                                                                                                                                109000",109000,16782,https://www.musinsa.com/app/goods/1145169?loc=goods_rank
스니커즈,33,RXSOXXCVUWT,REEBOK,클럽 C 85 빈티지 - 레트로 화이트,"
                                                                                                                                                109000",109000,14975,https://www.musinsa.com/app/goods/3033248?loc=goods_rank
스니커즈,34,SP0WRCDX043,SKECHERS,여성 맥스쿠셔닝 엘리트_SP0WRCDX043,119000,109000,516,https://www.musinsa.com/app/goods/3048666?loc=goods_rank
스니커즈,35,174578,OOFOS,5070 OOMG BLACK/WHITE - 우엠지 블랙/화이트,"
                                                                                                                                                99000",99000,145,https://www.musinsa.com/app/goods/1130290?loc=goods_rank
스니커즈,36,AM232501,ANALOG MOOD,독일군 레더 스니커즈 (화이트),69000,48300,1086,https://www.musinsa.com/app/goods/3089737?loc=goods_rank
스니커즈,37,5INOGHI,6FT,5IN OG HI - 독일군 스니커즈 키높이 버전,109000,89000,13710,https://www.musinsa.com/app/goods/1955217?loc=goods_rank
스니커즈,38,A04580C,CONVERSE,척 70 레더 골든 탄 A04580C,109000,87200,83,https://www.musinsa.com/app/goods/3381251?loc=goods_rank
스니커즈,39,NBP7DF701B_19,NEW BALANCE,NBP7DF701B,"
                                                                                                                                                119000",119000,3149,https://www.musinsa.com/app/goods/3099152?loc=goods_rank
스니커즈,40,168508C,CONVERSE,척 70 빈티지 캔버스 미드나잇클로버 168508C,99000,79200,16547,https://www.musinsa.com/app/goods/1493228?loc=goods_rank
스니커즈,41,A04591C,CONVERSE,척 70 시즈널 컬러 타우니 아울 A04591C,95000,76000,303,https://www.musinsa.com/app/goods/3387771?loc=goods_rank
스니커즈,42,GANCH061,POSEGANCH,멈멈 C.V 블랙,74000,66600,19681,https://www.musinsa.com/app/goods/1376278?loc=goods_rank
스니커즈,43,DXSH2111N-BRD,DISCOVERY EXPEDITION,조거 플렉스 (FALL BROWN),109000,65400,695,https://www.musinsa.com/app/goods/2633828?loc=goods_rank
스니커즈,44,1201A564-020,ASICS,조그 100 S SMU (2E) - 라이트 그레이:미드 그레이,"
                                                                                                                                                79000",79000,11797,https://www.musinsa.com/app/goods/2325702?loc=goods_rank
스니커즈,45,D2353LSP24GNS,diadora,매직 바스켓 로우 스웨이드 레더 GREEN,129000,59000,1142,https://www.musinsa.com/app/goods/2861523?loc=goods_rank
스니커즈,46,IG1024,ADIDAS,삼바 OG - 화이트:그린,"
                                                                                                                                                139000",139000,10542,https://www.musinsa.com/app/goods/3409005?loc=goods_rank
스니커즈,47,FLOTDA0U08,OTZ,피스모 스니커즈 FLOTDA0U08,59000,52000,1940,https://www.musinsa.com/app/goods/3046626?loc=goods_rank
스니커즈,48,DUS21N61Z1,EIDER,루베 Black,139000,49000,2025,https://www.musinsa.com/app/goods/1661766?loc=goods_rank
스니커즈,49,NBP7DF700G_15,NEW BALANCE,NBP7DF700G,"
                                                                                                                                                119000",119000,12633,https://www.musinsa.com/app/goods/2622254?loc=goods_rank
스니커즈,50,VN0A3MVL2261,VANS,스타일 36 데콘 SF - (스웨이드/캔버스) 마쉬멜로우,79000,19900,38043,https://www.musinsa.com/app/goods/2300865?loc=goods_rank
스니커즈,51,VN0A4BX9QJK1,VANS,스타일 136 데콘 VR3 SF - 버건디,95000,74900,1653,https://www.musinsa.com/app/goods/3360789?loc=goods_rank
스니커즈,52,389406-03,PUMA,푸마 클럽 5v5 - 화이트:블랙:골드,69000,33900,1281,https://www.musinsa.com/app/goods/3155559?loc=goods_rank
스니커즈,53,L41086600,SALOMON SPORTSTYLE,XT-6 - 블랙:블랙:팬텀,"
                                                                                                                                                260000",260000,12594,https://www.musinsa.com/app/goods/1762406?loc=goods_rank
스니커즈,54,H06259,ADIDAS,가젤 인도어 - 블랙:화이트,"
                                                                                                                                                169000",169000,13511,https://www.musinsa.com/app/goods/3364208?loc=goods_rank
스니커즈,55,M9160C,CONVERSE,척테일러 올스타 블랙 하이 M9160C,65000,58500,72282,https://www.musinsa.com/app/goods/311051?loc=goods_rank
스니커즈,56,1183A942_101,ONITSUKA TIGER,멕시코 66 1183A942_101,"
                                                                                                                                                160000",160000,10009,https://www.musinsa.com/app/goods/1870547?loc=goods_rank
스니커즈,57,1127953-BBLC,HOKA,( (남성) 본디 8 와이드 - 블랙,"
                                                                                                                                                219000",219000,639,https://www.musinsa.com/app/goods/3377428?loc=goods_rank
스니커즈,58,NBPDDF711B_19,NEW BALANCE,NBPDDF711B,"
                                                                                                                                                139000",139000,4703,https://www.musinsa.com/app/goods/3479543?loc=goods_rank
스니커즈,59,1183B391_200,ONITSUKA TIGER,멕시코 66 VIN 1183B391_200,"
                                                                                                                                                170000",170000,8529,https://www.musinsa.com/app/goods/1963478?loc=goods_rank
스니커즈,60,AGFT-WS-TOP-CRL013,AGE,탑 스니커즈 코랄 (AGFT-WS-TOP-CRL013),89000,89000,345,https://www.musinsa.com/app/goods/1971078?loc=goods_rank
스니커즈,61,TJG138-9090,ASICS,조그 100 2 (4E) - 블랙:블랙,"
                                                                                                                                                79000",79000,68603,https://www.musinsa.com/app/goods/969541?loc=goods_rank
스니커즈,62,VN0A38G2PXC1,VANS,올드스쿨 36 DX - (애너하임 팩토리) - 블랙:화이트,99000,78900,25118,https://www.musinsa.com/app/goods/695334?loc=goods_rank
스니커즈,63,168513C,CONVERSE,척 70 빈티지 캔버스 미드나잇클로버 168513C,95000,76000,26803,https://www.musinsa.com/app/goods/1493229?loc=goods_rank
스니커즈,64,NBPDDF728S_91,NEW BALANCE,NBPDDF728S,"
                                                                                                                                                119000",119000,7230,https://www.musinsa.com/app/goods/3223241?loc=goods_rank
스니커즈,65,YW00823 YBR,CALVIN KLEIN JEANS,남녀공용 화이트 말모 스니커즈 YM00681 YBR,139000,132050,10725,https://www.musinsa.com/app/goods/3024528?loc=goods_rank
스니커즈,66,M7652C,CONVERSE,척테일러 올스타 화이트 옥스 M7652C,59000,53100,50284,https://www.musinsa.com/app/goods/311050?loc=goods_rank
스니커즈,67,NBPDDF726B_19,NEW BALANCE,NBPDDF726B,"
                                                                                                                                                119000",119000,4551,https://www.musinsa.com/app/goods/2909718?loc=goods_rank
스니커즈,68,RXSOXXCVUE1,REEBOK,클럽 C 85 빈티지 - 크림,"
                                                                                                                                                109000",109000,19879,https://www.musinsa.com/app/goods/2741233?loc=goods_rank
스니커즈,69,BZ0579,ADIDAS,BW 아미 - 화이트,139000,99900,68323,https://www.musinsa.com/app/goods/577636?loc=goods_rank
스니커즈,70,pmt-10,PEMONT,dress (brown),"
                                                                                                                                                169000",169000,930,https://www.musinsa.com/app/goods/3156291?loc=goods_rank
스니커즈,71,H06261,ADIDAS,가젤 인도어 - 레드:화이트,"
                                                                                                                                                169000",169000,5725,https://www.musinsa.com/app/goods/3364209?loc=goods_rank
스니커즈,72,VN0A3DZ3QKP1,VANS,스타일 36 - (스웨이드) 마쉬멜로우:블랙,79000,58900,17520,https://www.musinsa.com/app/goods/2731878?loc=goods_rank
스니커즈,73,162062C,CONVERSE,척 70 클래식  파치먼트 162062C,95000,85500,66864,https://www.musinsa.com/app/goods/810032?loc=goods_rank
스니커즈,74,NBP7DF721N_59,NEW BALANCE,NBP7DF721N,"
                                                                                                                                                139000",139000,1193,https://www.musinsa.com/app/goods/2252020?loc=goods_rank
스니커즈,75,IF9995,ADIDAS,슈퍼스타 XLG - 화이트:블랙,"
                                                                                                                                                139000",139000,1703,https://www.musinsa.com/app/goods/3409367?loc=goods_rank
스니커즈,76,BS02010161WT,BALLOP,BSR 런닝화 티바트2.0 화이트,119000,75000,78,https://www.musinsa.com/app/goods/3555435?loc=goods_rank
스니커즈,77,VN0A5KR3KIG1,VANS,센트리 올드스쿨 WC - (하이커 스웨이드) 마쉬멜로우:블랙,109000,59900,10623,https://www.musinsa.com/app/goods/2839677?loc=goods_rank
스니커즈,78,HP5515,ADIDAS,BW 아미 - 화이트:그레이,139000,96900,27420,https://www.musinsa.com/app/goods/2638067?loc=goods_rank
스니커즈,79,GX4557,ADIDAS,BW 아미 - 브라운,139000,89900,4630,https://www.musinsa.com/app/goods/2577087?loc=goods_rank
스니커즈,80,HQ8752,ADIDAS,아디폼 슈퍼스타 - 블랙:화이트,"
                                                                                                                                                89000",89000,2464,https://www.musinsa.com/app/goods/3008047?loc=goods_rank
스니커즈,81,C1K5TK3001,CAMPLINE,"산티아고 다크브라운, 다크 그레이",242000,193600,697,https://www.musinsa.com/app/goods/2117213?loc=goods_rank
스니커즈,82,162065C,CONVERSE,척 70 빈티지 캔버스 화이트 162065C,95000,85500,29723,https://www.musinsa.com/app/goods/810036?loc=goods_rank
스니커즈,83,VN0A38F7Q0X1,VANS,클래식 슬립온 - (셰르파 체커보드) 블랙:화이트,79000,29900,7564,https://www.musinsa.com/app/goods/876837?loc=goods_rank
스니커즈,84,NBPDDS421S_91,NEW BALANCE,NBPDDS421S,"
                                                                                                                                                179000",179000,3982,https://www.musinsa.com/app/goods/3200836?loc=goods_rank
스니커즈,85,A07083C,CONVERSE,척 70 시즈널 컬러 럭키핑크 A07083C,95000,76000,4035,https://www.musinsa.com/app/goods/3377478?loc=goods_rank
스니커즈,86,VN0A38ENVKZ1,VANS,어센틱 44 DX - (애너하임 팩토리) OG 에메랄드 그린,95000,75900,19505,https://www.musinsa.com/app/goods/2161992?loc=goods_rank
스니커즈,87,1201A161-251,ASICS,젤-카야노 14 - 심플리 타우페:오트밀,"
                                                                                                                                                169000",169000,441,https://www.musinsa.com/app/goods/3505959?loc=goods_rank
스니커즈,88,5001466482,SHOOPEN,[슈탠다드] 베이직 캔버스 스니커즈 HPCR3DA01M,29900,26910,26123,https://www.musinsa.com/app/goods/1094877?loc=goods_rank
스니커즈,89,MMBFS106-BK,MUSINSA STANDARD,레더 코트 스니커즈 Mark 2 [블랙],"
                                                                                                                                                69900",69900,893,https://www.musinsa.com/app/goods/2993138?loc=goods_rank
스니커즈,90,IE9935,ADIDAS,포럼 84 로우 - 크림:네이비,"
                                                                                                                                                149000",149000,2968,https://www.musinsa.com/app/goods/3411216?loc=goods_rank
스니커즈,91,MMJFS008-WH,MUSINSA STANDARD,레더 코트 스니커즈 [화이트],69900,62890,17469,https://www.musinsa.com/app/goods/1635193?loc=goods_rank
스니커즈,92,EG4960,ADIDAS,슈퍼스타 - 화이트,"
                                                                                                                                                139000",139000,5788,https://www.musinsa.com/app/goods/1251807?loc=goods_rank
스니커즈,93,NBP7DF721B_19,NEW BALANCE,NBP7DF721B,"
                                                                                                                                                139000",139000,630,https://www.musinsa.com/app/goods/2310758?loc=goods_rank
스니커즈,94,GZ4837,ADIDAS,슈퍼스타 82 - 화이트:그레이,"
                                                                                                                                                139000",139000,4818,https://www.musinsa.com/app/goods/2635315?loc=goods_rank
스니커즈,95,NBP7DF711N_59,NEW BALANCE,NBP7DF711N,"
                                                                                                                                                139000",139000,1415,https://www.musinsa.com/app/goods/2734298?loc=goods_rank
스니커즈,96,ID4655,ADIDAS,슈퍼스타 XLG - 화이트,"
                                                                                                                                                139000",139000,520,https://www.musinsa.com/app/goods/3409366?loc=goods_rank
스니커즈,97,1055949,NATIONALGEOGRAPHIC,트리핀 라이노(TRIPPIN RHINO) BLACK,119000,59500,4346,https://www.musinsa.com/app/goods/1092198?loc=goods_rank
스니커즈,98,1183B400_200,ONITSUKA TIGER,세라노 1183B400_200,"
                                                                                                                                                130000",130000,1119,https://www.musinsa.com/app/goods/3413832?loc=goods_rank
스니커즈,99,EP1SN1CT08001,EPT,COURT (OFF WHITE),"
                                                                                                                                                129000",129000,25491,https://www.musinsa.com/app/goods/1900410?loc=goods_rank
스니커즈,100,FY7757,ADIDAS,포럼 로우 - 화이트:블랙,"
                                                                                                                                                129000",129000,8999,https://www.musinsa.com/app/goods/2068678?loc=goods_rank
