﻿카테고리,순위,품번,브랜드명,상품명(한글),판매가,비회원가,좋아요 수,URL
뷰티,1,G4341300,3CE,퓨어페어링 뉴 테이크 페이스 블러셔 듀오 세트,40000,17000,71,https://www.musinsa.com/app/goods/3400874?loc=goods_rank
뷰티,2,JD_B_NWOR,JAVIN DE SEOUL,[본품+리필]윙크 파운데이션 팩트 15g(사은품증정),46000,39100,724,https://www.musinsa.com/app/goods/1665351?loc=goods_rank
뷰티,3,1117473,CLEAN,퓨어솝 EDP 30ML,57000,20800,243,https://www.musinsa.com/app/goods/3512452?loc=goods_rank
뷰티,4,JD_C_ESP,JAVIN DE SEOUL,윙크 아이 쉐이드 프라이머 11종 택1+윙크 플레이 마스카라,16000,13600,995,https://www.musinsa.com/app/goods/2996838?loc=goods_rank
뷰티,5,1079584,MAISON MARGIELA PERFUME,레플리카 레이지 선데이 모닝 EDT 30ML,98000,88200,10372,https://www.musinsa.com/app/goods/2027859?loc=goods_rank
뷰티,6,44960,NARS,라이트 리플렉팅 파운데이션,76000,68400,1117,https://www.musinsa.com/app/goods/2953568?loc=goods_rank
뷰티,7,SW19MIDEDP50ML,SW19,SW19 미드나잇 오 드 퍼퓸,89000,80100,7750,https://www.musinsa.com/app/goods/2959415?loc=goods_rank
뷰티,8,111571209,HERA,스킨 래디언트 글로우 쿠션 30g (옵션),68000,61200,2465,https://www.musinsa.com/app/goods/2902947?loc=goods_rank
뷰티,9,beplain0025,BEPLAIN,[2개]녹두 약산성 클렌징폼 80ml(증정 : 클렌징 폼 20ml),30000,15000,1612,https://www.musinsa.com/app/goods/1588781?loc=goods_rank
뷰티,10,JD_B_NWL,JAVIN DE SEOUL,[단독상품]레더ver.윙크 파운데이션 팩트 15g,28000,19600,1250,https://www.musinsa.com/app/goods/1852488?loc=goods_rank
뷰티,11,HAIR,FOR BEAUT,드롭셋 남자 옆머리 누르기 다운펌,35000,22300,8751,https://www.musinsa.com/app/goods/2837899?loc=goods_rank
뷰티,12,PN,ROM&ND,[1+1/초특가] 롬앤 무드 페블 네일 12colors,16000,2900,29,https://www.musinsa.com/app/goods/3540413?loc=goods_rank
뷰티,13,111571247,HERA,센슈얼 누드 밤 3.5g,40000,38000,3622,https://www.musinsa.com/app/goods/2996835?loc=goods_rank
뷰티,14,8010,PAULASCHOICE,클리니컬 1% 레티놀 트리트먼트 30ml,81000,64800,44,https://www.musinsa.com/app/goods/3191990?loc=goods_rank
뷰티,15,OTLPT001,ODDTYPE,[NEW Color] 언씬 블러 틴트 10color,22000,18700,12063,https://www.musinsa.com/app/goods/3153848?loc=goods_rank
뷰티,16,17777,BE READY,트루 톤 로션 33ml SPF 50+/PA++++,37000,25900,1192,https://www.musinsa.com/app/goods/3357800?loc=goods_rank
뷰티,17,PFOKR20019,FORMENT,시그니처 퍼퓸 스프레이(섬유향수) 코튼허그 200ml,40000,23000,8895,https://www.musinsa.com/app/goods/1851470?loc=goods_rank
뷰티,18,150100383,AESTURA,에이시카 365 세럼 25ml + 패드 60매 100ml,56000,42000,127,https://www.musinsa.com/app/goods/3124332?loc=goods_rank
뷰티,19,1152825,CLEAN,웜 코튼 EDP 60ML,93000,39900,5214,https://www.musinsa.com/app/goods/3359990?loc=goods_rank
뷰티,20,MA1A0605B,MANYOFACTORY,[사용기한 임박] 갈락토미 에센스 랩 마스크 10매,50000,14900,5,https://www.musinsa.com/app/goods/3508311?loc=goods_rank
뷰티,21,10275213,BEYOND,핸드크림 3종 기획세트 (센트 파라다이스 에디션),13500,6750,96,https://www.musinsa.com/app/goods/3273728?loc=goods_rank
뷰티,22,PN,ROM&ND,[한정수량/초특가] 무드 페블 네일 6종 SET (밀크그로서리 시리즈),40000,5900,13,https://www.musinsa.com/app/goods/3540451?loc=goods_rank
뷰티,23,M13,COSNORI,블랙 틴팅 세럼 속눈썹영양제,18000,13600,125,https://www.musinsa.com/app/goods/3439019?loc=goods_rank
뷰티,24,17777,BE READY,블루 파운데이션 35ml,29000,20300,918,https://www.musinsa.com/app/goods/3298229?loc=goods_rank
뷰티,25,1513680,MANYOFACTORY,[사용기한 임박] 리스칼프 샴푸 500ml,25000,9900,3,https://www.musinsa.com/app/goods/3508321?loc=goods_rank
뷰티,26,MB1F0130B,MANYOFACTORY,[사용기한 임박] 블랙헤드&포어 클렌징 SET(퓨어 클렌징 오일 145ml+포어크림 30ml+킬패드 3매),19700,9900,29,https://www.musinsa.com/app/goods/3509564?loc=goods_rank
뷰티,27,-,HEART PERCENT,도트 온 무드 퓨어 글로우 틴트 듀오 세트(2EA),36000,30600,109,https://www.musinsa.com/app/goods/3365624?loc=goods_rank
뷰티,28,MA1A2009A,MANYOFACTORY,[사용기한 임박] 비피다 콤플렉스 앰플 50ml,35000,14900,5,https://www.musinsa.com/app/goods/3509473?loc=goods_rank
뷰티,29,5001675883,TORRIDEN,[2개묶음] 다이브인 저분자 히알루론산 멀티패드 80매+멀티패드 10매,46000,29000,1683,https://www.musinsa.com/app/goods/2772886?loc=goods_rank
뷰티,30,8809738603437,NAMING,플러피 파우더 블러쉬 3.2g,15000,13800,2478,https://www.musinsa.com/app/goods/1985364?loc=goods_rank
뷰티,31,876794018824,LOMA,너리싱 샴푸 355ml,34000,27200,10,https://www.musinsa.com/app/goods/3517202?loc=goods_rank
뷰티,32,197,BENEFIT,베네피트 틴트 6종 중 택 1,31000,26350,3197,https://www.musinsa.com/app/goods/2953133?loc=goods_rank
뷰티,33,150100704,AESTURA,더마UV365 장벽수분 무기자차 선크림 40ml,31000,26350,146,https://www.musinsa.com/app/goods/3316501?loc=goods_rank
뷰티,34,111570295,HERA,블랙쿠션 15gx2 (옵션) + [사은품 증정],66000,59400,24184,https://www.musinsa.com/app/goods/1867509?loc=goods_rank
뷰티,35,111976753,LANEIGE,NEW 네오 쿠션 글로우 15g+ [사은품 증정],30000,25500,816,https://www.musinsa.com/app/goods/2006343?loc=goods_rank
뷰티,36,131174320A,INNISFREE,그린티 씨드 히알루론산 세럼 80mL + 사은품 증정,31000,24800,794,https://www.musinsa.com/app/goods/3098205?loc=goods_rank
뷰티,37,LP009,ALTERNATIVE STEREO,립 포션 아쿠아 글로우 9호 코코 밀크,19000,18050,483,https://www.musinsa.com/app/goods/3513764?loc=goods_rank
뷰티,38,AMRT483BWT,MOREMO,워터 트리트먼트 미라클 10 (480ml 대용량) + (증정) 미라클 2X 트리트먼트 20ml,49000,24200,336,https://www.musinsa.com/app/goods/1965597?loc=goods_rank
뷰티,39,100134,DASHU,포 맨 프리미엄 밤부 핀 스프레이 300ml,18000,11900,793,https://www.musinsa.com/app/goods/1451585?loc=goods_rank
뷰티,40,11111122,JUNGSAEMMOOL,컬러피스 블러쉬 (사은품증정),28000,23800,135,https://www.musinsa.com/app/goods/2576576?loc=goods_rank
뷰티,41,8809562556190,NAMING,프라임 포그 립 틴트 듀오 (3.6g X 2),32000,20800,83,https://www.musinsa.com/app/goods/3250858?loc=goods_rank
뷰티,42,MA1A0207B,MANYOFACTORY,[사용기한 임박] 갈락 나이아신 2.0 에센스 50mlX2,58000,14900,22,https://www.musinsa.com/app/goods/3508280?loc=goods_rank
뷰티,43,101,PLU,구역질 없는 혀 클리너 2개입,"
                                                                                                                                                20000",20000,22,https://www.musinsa.com/app/goods/3140947?loc=goods_rank
뷰티,44,21924,CHICOR COLLECTION,하이드레이팅 클렌징 워터 400ml,20000,18000,8,https://www.musinsa.com/app/goods/2917737?loc=goods_rank
뷰티,45,PADSET1,MEDIHEAL,사각 네모 토너 패드 100매 4종(티트리/마데카소사이드/콜라겐/워터마이드),26000,17900,698,https://www.musinsa.com/app/goods/3020375?loc=goods_rank
뷰티,46,01SKAC09002,MEDIHEAL,마데카소사이드 흔적 패드 100매,26000,17900,211,https://www.musinsa.com/app/goods/3372834?loc=goods_rank
뷰티,47,5004855731,SKIN N LAB,베리어덤 인텐시브 크림 30ml,18000,16200,56,https://www.musinsa.com/app/goods/3002825?loc=goods_rank
뷰티,48,OBG001,OBGE,내추럴 커버 파운데이션,46000,36800,13146,https://www.musinsa.com/app/goods/2307295?loc=goods_rank
뷰티,49,5003513929,ETUDE,더블 래스팅 파운데이션 기획세트,45000,29000,131,https://www.musinsa.com/app/goods/3486790?loc=goods_rank
뷰티,50,8809506310963,S.NATURE,아쿠아 오아시스 수분 젤크림 80ml,32000,22900,694,https://www.musinsa.com/app/goods/3389334?loc=goods_rank
뷰티,51,5002630975,DR.WOLF,알페신 카페인 샴푸 C1 (모발 강화) 250ml,"
                                                                                                                                                14000",14000,4,https://www.musinsa.com/app/goods/3119450?loc=goods_rank
뷰티,52,1524653,SCINIC,더 심플 로션 대용량 260ml 2개,56000,13900,446,https://www.musinsa.com/app/goods/1654770?loc=goods_rank
뷰티,53,GSC10010004BK,GRAFEN,트리플 컬러 립 (발색립밤),16000,13700,1177,https://www.musinsa.com/app/goods/1103634?loc=goods_rank
뷰티,54,8809562556947,NAMING,듀이 글래스 립 틴트 4.5g,16000,13600,351,https://www.musinsa.com/app/goods/3297513?loc=goods_rank
뷰티,55,MMCB,MADPEACH,무드 믹스 크림 블러셔,15900,14300,110,https://www.musinsa.com/app/goods/3470481?loc=goods_rank
뷰티,56,5004012946,TONYMOLY,겟잇틴트 워터풀 버터+클렌징티슈 증정,16000,12900,834,https://www.musinsa.com/app/goods/3160207?loc=goods_rank
뷰티,57,뉴클래스 쿠션리필,ESPOIR,프로 테일러 비 글로우 쿠션 뉴클래스 리필 SPF42 PA++,17000,11900,212,https://www.musinsa.com/app/goods/2950134?loc=goods_rank
뷰티,58,MB1F0302A,MANYOFACTORY,[사용기한 임박] 비피다 바이옴 앰플 토너 400mlX2,48000,14900,18,https://www.musinsa.com/app/goods/3508786?loc=goods_rank
뷰티,59,8809506310895,S.NATURE,아쿠아 라이스 약산성 클렌징폼 80ml,12000,10900,42,https://www.musinsa.com/app/goods/3275258?loc=goods_rank
뷰티,60,254974,FEEV,하이퍼-포티파잉 베리어 크림 50ml,34000,10000,87,https://www.musinsa.com/app/goods/1888773?loc=goods_rank
뷰티,61,milk_lip_01,MILKTOUCH,글로시 젤리오 립틴트,13000,9900,54,https://www.musinsa.com/app/goods/3034500?loc=goods_rank
뷰티,62,1790992,TOO COOL FOR SCHOOL,플레르 틴트,12000,9600,339,https://www.musinsa.com/app/goods/3091026?loc=goods_rank
뷰티,63,6198007,DR.G,레드 블레미쉬 클리어 수딩 크림 50ml 듀오 선물하기 세트 (온라인전용),62000,28000,18337,https://www.musinsa.com/app/goods/1897996?loc=goods_rank
뷰티,64,1641848,TOO COOL FOR SCHOOL,[2EA] 아트클래스 프로타주 펜슬 + 샤프너,25000,17900,10468,https://www.musinsa.com/app/goods/1535939?loc=goods_rank
뷰티,65,MMAOC002-BK,MUSINSA STANDARD BEAUTY,퍼펙트 올인원 에센스 150ml,18900,11390,1628,https://www.musinsa.com/app/goods/1981928?loc=goods_rank
뷰티,66,0006,TODAYIS,인유어메모리 오드퍼퓸 50ml,"
                                                                                                                                                61000",61000,3072,https://www.musinsa.com/app/goods/2268558?loc=goods_rank
뷰티,67,000,DASIQUE,섀도우 팔레트 1호~ 23호,34000,28900,4973,https://www.musinsa.com/app/goods/2514547?loc=goods_rank
뷰티,68,11111-1,SKINFOOD,당근 &미나리 &도토리 패드 2개 골라담기,52000,37400,6093,https://www.musinsa.com/app/goods/2682283?loc=goods_rank
뷰티,69,GPB10000050BK,GRAFEN,타투 퍼퓸 원우드 50ml,44000,35000,5626,https://www.musinsa.com/app/goods/2243193?loc=goods_rank
뷰티,70,PFOKR19005,FORMENT,시그니처 퍼퓸 50ml (코튼허그/코튼키스),49000,39000,22151,https://www.musinsa.com/app/goods/1434514?loc=goods_rank
뷰티,71,Essentialmask,MEDIHEAL,에센셜 마스크 팩 10매 6종 1+1,40000,19800,1458,https://www.musinsa.com/app/goods/3044262?loc=goods_rank
뷰티,72,MCCOT406-BK,MUSINSA STANDARD BEAUTY,슬림 눈썹칼 6입,5900,4900,575,https://www.musinsa.com/app/goods/3162578?loc=goods_rank
뷰티,73,150107119,AESTURA,아토베리어365 로션 150ml,31000,24800,1438,https://www.musinsa.com/app/goods/2172337?loc=goods_rank
뷰티,74,BT10RX01_V4,COSRX,알엑스 스튜디오 스탠다드 패드 케이스,5000,4500,245,https://www.musinsa.com/app/goods/2022400?loc=goods_rank
뷰티,75,BTP,ROM&ND,[롬앤X산리오캐릭터즈] 베러 댄 팔레트,30000,22900,5078,https://www.musinsa.com/app/goods/1893427?loc=goods_rank
뷰티,76,5001022415,CLEAN,웜 코튼 EDP 30ML 퍼퓸케이스 GIFT SET,57000,26700,41,https://www.musinsa.com/app/goods/3510661?loc=goods_rank
뷰티,77,80PIK,VIDALSASSOON,에어스타일러 에어브러쉬 매직기 아이롱 80PIK,54800,35800,832,https://www.musinsa.com/app/goods/2052016?loc=goods_rank
뷰티,78,1055194,John Varvatos,아티산 EDT 75ML,87000,33900,1213,https://www.musinsa.com/app/goods/3359992?loc=goods_rank
뷰티,79,1288175,PRO8,스테이온 젤 아이라이너+듀얼 아이라이너 브러쉬 기획,35000,31500,1623,https://www.musinsa.com/app/goods/1667640?loc=goods_rank
뷰티,80,35063,OFRA COSMETIC,미니 하이라이터 - 클라우드9,"
                                                                                                                                                30000",30000,2977,https://www.musinsa.com/app/goods/2980617?loc=goods_rank
뷰티,81,111570308,HERA,블랙쿠션 리필 15g (옵션),33000,29700,5806,https://www.musinsa.com/app/goods/1867543?loc=goods_rank
뷰티,82,CH006A03,JIMMY CHOO,블러썸 EDP 40ML,74000,29600,1318,https://www.musinsa.com/app/goods/2005122?loc=goods_rank
뷰티,83,MPGFMG,MADPEACH,글로우핏 무드 글로스,13900,12500,72,https://www.musinsa.com/app/goods/3467052?loc=goods_rank
뷰티,84,비글로우쿠션,ESPOIR,프로테일러 비글로우 쿠션 오리지널 (본품+리필),35000,17500,1478,https://www.musinsa.com/app/goods/2793967?loc=goods_rank
뷰티,85,BC,ROM&ND,베러 댄 치크,12000,8900,3870,https://www.musinsa.com/app/goods/1497930?loc=goods_rank
뷰티,86,411200034,YUNJAC,스킨 퍼펙팅 프로텍티브 베이스 프렙,"
                                                                                                                                                45000",45000,1408,https://www.musinsa.com/app/goods/1802190?loc=goods_rank
뷰티,87,8809506310680,S.NATURE,[사은품증정] 아쿠아 라이스 약산성 클렌징폼 160ml,19000,15900,200,https://www.musinsa.com/app/goods/3039770?loc=goods_rank
뷰티,88,422975,TORRIDEN,솔리드인 세라마이드 립 에센스 11ml 듀오,14000,7000,211,https://www.musinsa.com/app/goods/2585093?loc=goods_rank
뷰티,89,1117472,CLEAN,퓨어솝 EDP 60ML,93000,36500,1102,https://www.musinsa.com/app/goods/2246800?loc=goods_rank
뷰티,90,111571939,HERA,센슈얼 피팅 글로우 틴트 (옵션) + [사은품증정],40000,36000,4342,https://www.musinsa.com/app/goods/2600394?loc=goods_rank
뷰티,91,SW196AMEDP50ML,SW19,SW19 6am 오 드 퍼퓸,89000,80100,2029,https://www.musinsa.com/app/goods/2955304?loc=goods_rank
뷰티,92,5001837047,THE SAEM,커버 퍼펙션 트리플 팟 컨실러 (4colors)+NEW컬러 추가,15000,12000,2427,https://www.musinsa.com/app/goods/2981404?loc=goods_rank
뷰티,93,JD_B_NWLR,JAVIN DE SEOUL,[본품+리필]레더ver.윙크 파운데이션 팩트 15g,46000,32200,383,https://www.musinsa.com/app/goods/2030502?loc=goods_rank
뷰티,94,OTBAH001,ODDTYPE,[NEW] 소 터처블 워터 블러시 6color,24000,18000,93,https://www.musinsa.com/app/goods/3450028?loc=goods_rank
뷰티,95,SC50HM02,COSRX,하이드리움 그린티 아쿠아 수딩 젤 크림,23000,18000,712,https://www.musinsa.com/app/goods/1155169?loc=goods_rank
뷰티,96,0,LAHEINE,2세대 더 퀸 티 스타일 헤어드라이기 2colors,169000,29900,210,https://www.musinsa.com/app/goods/3445362?loc=goods_rank
뷰티,97,G4341500,3CE,퓨어페어링 소프트 매트 립스틱 듀오 세트,38000,16200,30,https://www.musinsa.com/app/goods/3400884?loc=goods_rank
뷰티,98,COC0617093,CORINGCO,춘식이의 톡톡백서 1권 톡톡하라 필터 속눈썹,40000,28500,21,https://www.musinsa.com/app/goods/3470301?loc=goods_rank
뷰티,99,8809506310406,S.NATURE,[사은품증정] 아쿠아 스쿠알란 수분크림 60ml,28000,15900,885,https://www.musinsa.com/app/goods/2633306?loc=goods_rank
뷰티,100,hair drier,FOR BEAUT,머슬러 남자 헤어 드라이기,99000,63000,641,https://www.musinsa.com/app/goods/3214925?loc=goods_rank
