﻿카테고리,순위,품번,브랜드명,상품명(한글),판매가,비회원가,좋아요 수,URL
선글라스안경테,1,Jayce-OB267-Black Brown,ONE BRILLIANT,Jayce-OB267-Black Brown,112000,112000,1736,https://www.musinsa.com/app/goods/2474822?loc=goods_rank
선글라스안경테,2,MOMO,BVH EYEWEAR,MOMO,129800,129800,8319,https://www.musinsa.com/app/goods/3123085?loc=goods_rank
선글라스안경테,3,SEOUL-SoWol-bk,HANGLE EYEWEAR,서울컬렉션 소월 블랙,98000,98000,6248,https://www.musinsa.com/app/goods/1759226?loc=goods_rank
선글라스안경테,4,RC B557 BLACK,RECLOW,RC B557 BLACK,29000,20400,6792,https://www.musinsa.com/app/goods/1176399?loc=goods_rank
선글라스안경테,5,Damian 70s,BVH EYEWEAR,Damian 70s,59800,59800,8290,https://www.musinsa.com/app/goods/2333945?loc=goods_rank
선글라스안경테,6,YALE,ISTANDARD,예일 2size 블루라이트 차단 안경,39000,21900,2264,https://www.musinsa.com/app/goods/2990373?loc=goods_rank
선글라스안경테,7,RT1009,RIETI,GLORY RT1009 블루라이트차단 안경 2사이즈 3색상,98000,39000,879,https://www.musinsa.com/app/goods/1956539?loc=goods_rank
선글라스안경테,8,5004453898,2CUBE,Andwon(Yellow),54000,26900,3,https://www.musinsa.com/app/goods/3546768?loc=goods_rank
선글라스안경테,9,RC FBB13 BLACK GLASS,RECLOW,RC FBB13 BLACK GLASS,35000,28000,72,https://www.musinsa.com/app/goods/2081968?loc=goods_rank
선글라스안경테,10,기타,HANGLE EYEWEAR,한글선글라스 SUA 블랙,68000,24500,332,https://www.musinsa.com/app/goods/3202258?loc=goods_rank
선글라스안경테,11,1252908,2CUBE,MADMAX5(BLACK),58000,19900,79,https://www.musinsa.com/app/goods/2622310?loc=goods_rank
선글라스안경테,12,BAUUS C1,BVH EYEWEAR,BAUUS C1,88000,29800,16134,https://www.musinsa.com/app/goods/1496749?loc=goods_rank
선글라스안경테,13,RC B019 BLACK GLASS,RECLOW,RC B019 BLACK GLASS,29000,24900,55051,https://www.musinsa.com/app/goods/1515680?loc=goods_rank
선글라스안경테,14,BETHEL BLACK,BVH EYEWEAR,BETHEL (BLACK) 3 size 블루라이트 차단 안경  CLIP-ON 뿔테,168000,69800,22034,https://www.musinsa.com/app/goods/1130736?loc=goods_rank
선글라스안경테,15,스퀘어 베이직 선글라스 블랙,ISTANDARD,스퀘어 베이직 선글라스 블랙,49900,19900,3379,https://www.musinsa.com/app/goods/2930487?loc=goods_rank
선글라스안경테,16,Chico-OB221-Black,ONE BRILLIANT,Chico-OB221-Black,112000,28000,22795,https://www.musinsa.com/app/goods/2064798?loc=goods_rank
선글라스안경테,17,ELL,BVH EYEWEAR,ELL,129800,129800,20153,https://www.musinsa.com/app/goods/2451396?loc=goods_rank
선글라스안경테,18,01sbg,GRAFIK:PLASTIC,david-glossy-brown-sun,"
                                                                                                                                                280000",280000,,https://www.musinsa.com/app/goods/95158?loc=goods_rank
선글라스안경테,19,897,NINE ACCORD,Horn LEDIN,235000,223250,16,https://www.musinsa.com/app/goods/3183204?loc=goods_rank
선글라스안경테,20,RC E374 BLACK GLASS,RECLOW,RC E374 BLACK GLASS,29000,24200,13020,https://www.musinsa.com/app/goods/1739961?loc=goods_rank
선글라스안경테,21,FAN-003,PUBLIC BEACON,팬 C3,"
                                                                                                                                                215000",215000,8,https://www.musinsa.com/app/goods/3111313?loc=goods_rank
선글라스안경테,22,ALFA,MANOMOS,ALFA,"
                                                                                                                                                198000",198000,84,https://www.musinsa.com/app/goods/2949487?loc=goods_rank
선글라스안경테,23,KRISTEN-R-C3,CARIN,크리스틴R C3,"
                                                                                                                                                198000",198000,519,https://www.musinsa.com/app/goods/3079233?loc=goods_rank
선글라스안경테,24,FMS600,FAKEME,choker (초커) l MCR,"
                                                                                                                                                195000",195000,13,https://www.musinsa.com/app/goods/3072477?loc=goods_rank
선글라스안경테,25,Damian 70s,BVH EYEWEAR,Damian 70s 블루라이트 차단 렌즈,59800,59800,2171,https://www.musinsa.com/app/goods/3233732?loc=goods_rank
선글라스안경테,26,SEOUL-SeongSu-bk,HANGLE EYEWEAR,서울컬렉션 성수 블랙,68000,44000,14927,https://www.musinsa.com/app/goods/1736482?loc=goods_rank
선글라스안경테,27,2395556,BLUE ELEPHANT,CAPELLA black,138000,42000,1394,https://www.musinsa.com/app/goods/3108987?loc=goods_rank
선글라스안경테,28,2395556,BLUE ELEPHANT,TAMDA black-orange tint,138000,42000,22,https://www.musinsa.com/app/goods/3110633?loc=goods_rank
선글라스안경테,29,2395556,BLUE ELEPHANT,OVE black,138000,42000,1668,https://www.musinsa.com/app/goods/3263163?loc=goods_rank
선글라스안경테,30,CARBA 31 (s) -black-,PEARLBACKEN,MARK 24 (s) -black-,"
                                                                                                                                                168000",168000,34,https://www.musinsa.com/app/goods/2848431?loc=goods_rank
선글라스안경테,31,1359696,BLUE ELEPHANT,BRANDON black,138000,39000,1778,https://www.musinsa.com/app/goods/1099863?loc=goods_rank
선글라스안경테,32,1359798,BLUE ELEPHANT,ANDY flesh,138000,39000,3020,https://www.musinsa.com/app/goods/1099995?loc=goods_rank
선글라스안경테,33,Thur,SBKA,SBKA Thur-C01 블루라이트 뿔테안경,"
                                                                                                                                                38000",38000,1781,https://www.musinsa.com/app/goods/2905675?loc=goods_rank
선글라스안경테,34,Oval Black,HANGLE EYEWEAR,한글 오벌 선글라스 블랙,68000,29900,452,https://www.musinsa.com/app/goods/2615416?loc=goods_rank
선글라스안경테,35,Jayce-OB267-Black,ONE BRILLIANT,Jayce-OB267-Black,112000,112000,1168,https://www.musinsa.com/app/goods/2474749?loc=goods_rank
선글라스안경테,36,RC E513 SILVER GLASS,RECLOW,RC E513 SILVER GLASS,35000,28000,8397,https://www.musinsa.com/app/goods/1831777?loc=goods_rank
선글라스안경테,37,BREEZ,BVH EYEWEAR,BREEZ,129800,129800,2487,https://www.musinsa.com/app/goods/3123084?loc=goods_rank
선글라스안경테,38,1252887,2CUBE,KURTSUNNAH(BLACK),38000,24900,14501,https://www.musinsa.com/app/goods/2330146?loc=goods_rank
선글라스안경테,39,RC F2189 BLACK,RECLOW,RC F2189 BLACK,35000,24500,6862,https://www.musinsa.com/app/goods/1899968?loc=goods_rank
선글라스안경테,40,MONK,BVH EYEWEAR,MONK,129800,129800,8463,https://www.musinsa.com/app/goods/2572443?loc=goods_rank
선글라스안경테,41,WAFER (SV),GEEKTAEYEWEAR,WAFER (SV),128000,93000,2465,https://www.musinsa.com/app/goods/1822051?loc=goods_rank
선글라스안경테,42,RC46BK,AMBEROPTICAL,레토 클래식 46 블랙,109000,87200,385,https://www.musinsa.com/app/goods/3017695?loc=goods_rank
선글라스안경테,43,HENRY C5,DAYWALKER,자이스 렌즈 남녀공용 블루라이트차단 뿔테 안경 HENRY C5,135000,81000,629,https://www.musinsa.com/app/goods/2574880?loc=goods_rank
선글라스안경테,44,BROOM,BVH EYEWEAR,BROOM,129800,129800,3770,https://www.musinsa.com/app/goods/3123083?loc=goods_rank
선글라스안경테,45,SLMSEC01_00,IZIPIZI,트래피즈 선글라스 #E 블랙,"
                                                                                                                                                78000",78000,171,https://www.musinsa.com/app/goods/1342963?loc=goods_rank
선글라스안경테,46,SLMSEC25_00,IZIPIZI,트래피즈 선글라스 #E 카키,"
                                                                                                                                                78000",78000,12,https://www.musinsa.com/app/goods/2057398?loc=goods_rank
선글라스안경테,47,SLMSE,IZIPIZI,트래피즈 선글라스 #E  데이드림 4컬러 (선택),"
                                                                                                                                                78000",78000,18,https://www.musinsa.com/app/goods/3052838?loc=goods_rank
선글라스안경테,48,BETHEL (THIN),BVH EYEWEAR,BETHEL (THIN),168000,69800,1560,https://www.musinsa.com/app/goods/2591230?loc=goods_rank
선글라스안경테,49,TALLIRTE6029C1,RIETI,TALLI RT E6029 C1,178000,63000,1125,https://www.musinsa.com/app/goods/1540960?loc=goods_rank
선글라스안경테,50,RT E6018 C1,RIETI,MOND RT E6018 C1 남녀공용,178000,63000,458,https://www.musinsa.com/app/goods/2545904?loc=goods_rank
선글라스안경테,51,SEOUL-DdukSeom-br,HANGLE EYEWEAR,서울컬렉션 뚝섬 브라운,98000,61000,85,https://www.musinsa.com/app/goods/3337995?loc=goods_rank
선글라스안경테,52,DAVID,BVH EYEWEAR,DAVID,190000,59800,1360,https://www.musinsa.com/app/goods/2208680?loc=goods_rank
선글라스안경테,53,VM1040,VIEWMAP,SADDLE2_새들노즈 판토,"
                                                                                                                                                59800",59800,49,https://www.musinsa.com/app/goods/2858020?loc=goods_rank
선글라스안경테,54,FL26030,FACETION,풀 티타늄  안경테 FL26030,135000,59000,2796,https://www.musinsa.com/app/goods/2526352?loc=goods_rank
선글라스안경테,55,RT 2011 C1,RIETI,OTELLO RT 2011 C1 남녀공용 편광렌즈,138000,59000,614,https://www.musinsa.com/app/goods/3272407?loc=goods_rank
선글라스안경테,56,GUILE C1(54),STYLEWORK,GUILE C1 선글라스,139000,55000,239,https://www.musinsa.com/app/goods/3375561?loc=goods_rank
선글라스안경테,57,EDDY col.1,RIETI,EDDY col.1 (BLACK) 4size 블루라이트차단,148000,49000,3405,https://www.musinsa.com/app/goods/2852684?loc=goods_rank
선글라스안경테,58,EDDY col.2,RIETI,EDDY col.2 (CLEAR) 4size 블루라이트차단,148000,49000,1453,https://www.musinsa.com/app/goods/2852685?loc=goods_rank
선글라스안경테,59,2141_tr,OART,Denver CRYSTAL 스퀘어 투명 뿔테 안경,89000,44500,28,https://www.musinsa.com/app/goods/1468246?loc=goods_rank
선글라스안경테,60,2395556,BLUE ELEPHANT,JERRSON black,138000,42000,149,https://www.musinsa.com/app/goods/3146860?loc=goods_rank
선글라스안경테,61,2395556,BLUE ELEPHANT,TAMDA beige,138000,42000,115,https://www.musinsa.com/app/goods/3196787?loc=goods_rank
선글라스안경테,62,2395556,BLUE ELEPHANT,ANDY-S flesh,138000,42000,479,https://www.musinsa.com/app/goods/3260544?loc=goods_rank
선글라스안경테,63,2395556,BLUE ELEPHANT,VISION black,138000,42000,253,https://www.musinsa.com/app/goods/3263132?loc=goods_rank
선글라스안경테,64,2395556,BLUE ELEPHANT,BIBI black,138000,42000,126,https://www.musinsa.com/app/goods/3411057?loc=goods_rank
선글라스안경테,65,2395556,BLUE ELEPHANT,LAND crystal,138000,42000,231,https://www.musinsa.com/app/goods/3411096?loc=goods_rank
선글라스안경테,66,4639bk,LAFLORIDA,산타 블랙 glasses 블루라이트 차단 렌즈 적용,48000,39900,7161,https://www.musinsa.com/app/goods/247051?loc=goods_rank
선글라스안경테,67,1359799,BLUE ELEPHANT,ANDY black,138000,39000,738,https://www.musinsa.com/app/goods/1099996?loc=goods_rank
선글라스안경테,68,102442,BLUE ELEPHANT,ELVIS grey crystal,138000,39000,127,https://www.musinsa.com/app/goods/1333138?loc=goods_rank
선글라스안경테,69,2244372,BLUE ELEPHANT,TADEO crystal,138000,39000,60,https://www.musinsa.com/app/goods/1529772?loc=goods_rank
선글라스안경테,70,eyewear,NONPICK,KIMBERLY_BKSV,109000,38150,3064,https://www.musinsa.com/app/goods/2154904?loc=goods_rank
선글라스안경테,71,Uriana-OB276-Black Silver,ONE BRILLIANT,Uriana-OB276-Black Silver,112000,36500,12,https://www.musinsa.com/app/goods/2475923?loc=goods_rank
선글라스안경테,72,RC TR E607 BLACK GOLD 선글라스,RECLOW,RC TR E607 BLACK GOLD 선글라스,39000,35100,78,https://www.musinsa.com/app/goods/3351375?loc=goods_rank
선글라스안경테,73,Iris-OB0106-Cocoa,ONE BRILLIANT,Iris-OB0106-Cocoa,108000,31500,513,https://www.musinsa.com/app/goods/1355474?loc=goods_rank
선글라스안경테,74,OPTOM.B-M-C2,optical W,탐브라우니 메탈 블랙 실버미러,225000,30000,8,https://www.musinsa.com/app/goods/3201573?loc=goods_rank
선글라스안경테,75,1252893,2CUBE,SPIRIT GOGGLE(GREY-CLEAR),58000,29900,367,https://www.musinsa.com/app/goods/3032095?loc=goods_rank
선글라스안경테,76,Jayce-OB267-Blue Orange,ONE BRILLIANT,Jayce-OB267-Blue Orange,112000,112000,57,https://www.musinsa.com/app/goods/2474929?loc=goods_rank
선글라스안경테,77,Jayce-OB267-Grey,ONE BRILLIANT,Jayce-OB267-Grey,112000,112000,136,https://www.musinsa.com/app/goods/2474942?loc=goods_rank
선글라스안경테,78,Meridian-OB299-Grey,ONE BRILLIANT,Meridian-OB299-Grey,112000,112000,255,https://www.musinsa.com/app/goods/2641568?loc=goods_rank
선글라스안경테,79,genzie_357,Genzie,라피엣 선글라스 (그린),37000,29600,13,https://www.musinsa.com/app/goods/2023575?loc=goods_rank
선글라스안경테,80,1187537,RENE HAUYNE,Une 블랙 블루라이트차단안경 DR1301B,35000,29000,603,https://www.musinsa.com/app/goods/2028072?loc=goods_rank
선글라스안경테,81,Jeremy-OB168-Cocoa,ONE BRILLIANT,Jeremy-OB168-Cocoa,112000,28500,1689,https://www.musinsa.com/app/goods/1923953?loc=goods_rank
선글라스안경테,82,BROOK,BVH EYEWEAR,BROOK,129800,129800,669,https://www.musinsa.com/app/goods/3123087?loc=goods_rank
선글라스안경테,83,RC E173 BLACK,RECLOW,RC E173 BLACK,35000,28000,1972,https://www.musinsa.com/app/goods/714273?loc=goods_rank
선글라스안경테,84,RC F2191 BLACK,RECLOW,RC F2191 BLACK,35000,28000,112,https://www.musinsa.com/app/goods/1917300?loc=goods_rank
선글라스안경테,85,RC TR B202 GRAY GLASS,RECLOW,RC TR B202 GRAY GLASS 안경,35000,28000,75,https://www.musinsa.com/app/goods/2550640?loc=goods_rank
선글라스안경테,86,RC FBB58 BLACK GLASS,RECLOW,RC FBB58 BLACK GLASS 안경,35000,28000,478,https://www.musinsa.com/app/goods/2576427?loc=goods_rank
선글라스안경테,87,RC FBB82 CRYSTAL GLASS 안경,RECLOW,RC FBB82 CRYSTAL GLASS 안경,35000,28000,1021,https://www.musinsa.com/app/goods/2941781?loc=goods_rank
선글라스안경테,88,에버리 C3(824),FRAMEWORK,에버리 C3 선글라스,139000,139000,76,https://www.musinsa.com/app/goods/3374314?loc=goods_rank
선글라스안경테,89,RC TR B019 Limited BLACK,RECLOW,RC TR B019 Limited BLACK 선글라스,39000,27200,216,https://www.musinsa.com/app/goods/2557219?loc=goods_rank
선글라스안경테,90,1081,PLAINBRAND,레트로안경 오버사이즈 PLAIN B1081[3color],65000,27000,626,https://www.musinsa.com/app/goods/1989187?loc=goods_rank
선글라스안경테,91,5004243136,2CUBE,Codes(Grey-Pink),54000,26900,10,https://www.musinsa.com/app/goods/3474848?loc=goods_rank
선글라스안경테,92,Ivan-OB166-Beige,ONE BRILLIANT,Ivan-OB166-Beige,112000,112000,1740,https://www.musinsa.com/app/goods/1923919?loc=goods_rank
선글라스안경테,93,BELLE,BVH EYEWEAR,BELLE,129800,129800,2036,https://www.musinsa.com/app/goods/3123091?loc=goods_rank
선글라스안경테,94,RC E273 CRYSTAL,RECLOW,RC E273 CRYSTAL,29000,26100,7626,https://www.musinsa.com/app/goods/1035328?loc=goods_rank
선글라스안경테,95,GEN-101S-BK,LOCOMOTIVE,시와지 SHIVAJI GEN 101S Black,53900,25900,7804,https://www.musinsa.com/app/goods/1618826?loc=goods_rank
선글라스안경테,96,1252893,2CUBE,SQTUBE(GREY),48000,25900,557,https://www.musinsa.com/app/goods/2833490?loc=goods_rank
선글라스안경테,97,오버사이즈 스틸 블랙,ISTANDARD,오버사이즈 스틸 블랙,49900,25900,104,https://www.musinsa.com/app/goods/2930287?loc=goods_rank
선글라스안경테,98,아이비리그 블랙,ISTANDARD,아이비리그 블랙,49900,25900,487,https://www.musinsa.com/app/goods/2930368?loc=goods_rank
선글라스안경테,99,RC B010 BLACK,RECLOW,RC B010 BLACK,29000,24900,9006,https://www.musinsa.com/app/goods/1212964?loc=goods_rank
선글라스안경테,100,Viiy,BVH EYEWEAR,Viiy,129800,129800,3673,https://www.musinsa.com/app/goods/3233804?loc=goods_rank
