﻿카테고리,순위,품번,브랜드명,상품명(한글),판매가,비회원가,좋아요 수,URL
여성 가방,1,21N-010A,STAND OIL,Oblong bag · 오블롱백,"
                                                                                                                                                119000",119000,37852,https://www.musinsa.com/app/goods/2344538?loc=goods_rank
여성 가방,2,CR23S501GY,SCULPTOR,Vintage Canvas Duffel Bag Pale Gray,72000,50400,45562,https://www.musinsa.com/app/goods/3034751?loc=goods_rank
여성 가방,3,S1001,SQUARELINE,Layer shoulder/cross bag - S1001 (7color),84000,58800,19781,https://www.musinsa.com/app/goods/3045081?loc=goods_rank
여성 가방,4,H73305020,CARLYN,트위 4colors_H73305020,130000,117000,162,https://www.musinsa.com/app/goods/3386060?loc=goods_rank
여성 가방,5,21A-006C,STAND OIL,Butter bag · 버터백,"
                                                                                                                                                89000",89000,18512,https://www.musinsa.com/app/goods/2343664?loc=goods_rank
여성 가방,6,MK2279BG030M0SV,MATIN KIM,ACCORDION MINI BAG IN SILVER,"
                                                                                                                                                138000",138000,13139,https://www.musinsa.com/app/goods/3024801?loc=goods_rank
여성 가방,7,S221AC01BK,SALAD BOWLS,SYMBOL NYLON BACKPACK [BLACK],98000,88200,14394,https://www.musinsa.com/app/goods/2392115?loc=goods_rank
여성 가방,8,breeze,FFROI,브리즈,"
                                                                                                                                                100000",100000,27373,https://www.musinsa.com/app/goods/2630526?loc=goods_rank
여성 가방,9,D1094,DONKIE,Enoch 에녹 - 8color,118000,76700,286,https://www.musinsa.com/app/goods/3498818?loc=goods_rank
여성 가방,10,AAHO3F351D3,ATHE VANESSABRUNO,버건디 보딸라또 명함 카드지갑 AAHO3F351D3,138000,131100,2899,https://www.musinsa.com/app/goods/3325944?loc=goods_rank
여성 가방,11,5000904411,D.LAB,비건가죽 램번트 숄더백-2color,58000,36800,8985,https://www.musinsa.com/app/goods/2966165?loc=goods_rank
여성 가방,12,NOI991,NOIAGO,NOI991 드로우 스트링 백 (네이비),62000,49600,1772,https://www.musinsa.com/app/goods/3376261?loc=goods_rank
여성 가방,13,CR23A504PK,SCULPTOR,Faux Mongolian Shoulder Bag Fuchsia,98000,88200,80,https://www.musinsa.com/app/goods/3537102?loc=goods_rank
여성 가방,14,23ss001,DOUBLE QUOTES,버터 카드 홀더 2번째,"
                                                                                                                                                39000",39000,3730,https://www.musinsa.com/app/goods/3138218?loc=goods_rank
여성 가방,15,kulpb05,KUL,Pocket bag (Black),"
                                                                                                                                                78000",78000,424,https://www.musinsa.com/app/goods/3360863?loc=goods_rank
여성 가방,16,LILIA-BASIL,MARTINCOKS,Lilia Shoulder (릴리아 숄더백) Basil,115000,75000,265,https://www.musinsa.com/app/goods/3348035?loc=goods_rank
여성 가방,17,RR233AC002BEIGE,REST&RECREATION,RR WASHED COTTON MINI BAG_BEIGE,78000,74100,17,https://www.musinsa.com/app/goods/3535635?loc=goods_rank
여성 가방,18,FM1PK01BKF,FENNEC,CRINKLE TRIANGLE ACCORDION POCKET - BLACK,"
                                                                                                                                                65000",65000,17032,https://www.musinsa.com/app/goods/2975285?loc=goods_rank
여성 가방,19,Salt Bag,DUMARO,솔트백,98000,98000,1362,https://www.musinsa.com/app/goods/3446244?loc=goods_rank
여성 가방,20,5000024445,KANGOL,코드 Ⅴ 포켓 버켓백 3884 브라운,75000,52500,130,https://www.musinsa.com/app/goods/2707130?loc=goods_rank
여성 가방,21,043,NAKED SURF CLUB,리사이클 워터프루프 백 (Magenta),"
                                                                                                                                                45000",45000,1858,https://www.musinsa.com/app/goods/3329523?loc=goods_rank
여성 가방,22,H73302010,CARLYN,[23FW] 코지 글로우 4colors_H73302010,100000,90000,68,https://www.musinsa.com/app/goods/3539475?loc=goods_rank
여성 가방,23,D1035,DONKIE,anemone 아네모네 - 7color,64000,41600,90,https://www.musinsa.com/app/goods/3272330?loc=goods_rank
여성 가방,24,FK1CW01TYF,FENNEC,SOFT CARD CASE - TINT YELLOW,"
                                                                                                                                                38000",38000,4007,https://www.musinsa.com/app/goods/1863992?loc=goods_rank
여성 가방,25,CR22A512GR,SCULPTOR,Oldschool Slouchy Backpack Sage,84000,58800,25084,https://www.musinsa.com/app/goods/3034745?loc=goods_rank
여성 가방,26,H73116010,CARLYN,[23FW] 포잉 코튼 캔디_H73116010,"
                                                                                                                                                100000",100000,133,https://www.musinsa.com/app/goods/3512050?loc=goods_rank
여성 가방,27,21N-017A,STAND OIL,Oblong bag Mini · 오블롱백 미니,"
                                                                                                                                                96000",96000,51839,https://www.musinsa.com/app/goods/2344540?loc=goods_rank
여성 가방,28,23sbn,MUR,보네백 (6color),102000,61200,16093,https://www.musinsa.com/app/goods/2997152?loc=goods_rank
여성 가방,29,23S-039B,STAND OIL,Chubby Bag Combi · 츄비백 콤비,119000,113050,247,https://www.musinsa.com/app/goods/3474455?loc=goods_rank
여성 가방,30,448065DTD1T1000SS23,GUCCI,여성 미니 GG 마틀라세 숄더백 - 블랙,1780000,1699000,107,https://www.musinsa.com/app/goods/3193641?loc=goods_rank
여성 가방,31,8800660102241,LENEE B,엘라백 블랙,39000,33000,6702,https://www.musinsa.com/app/goods/3323403?loc=goods_rank
여성 가방,32,23sst,MUR,솔트백  (8color),102000,61200,6909,https://www.musinsa.com/app/goods/2997154?loc=goods_rank
여성 가방,33,m1037_893276,VUNQUE,Occam Doux Shoulder L (오캄 두 숄더 라지)_4colors,"
                                                                                                                                                365000",365000,2515,https://www.musinsa.com/app/goods/3029931?loc=goods_rank
여성 가방,34,D1069,DONKIE,Sisi 시시 - 12color,84000,50400,8887,https://www.musinsa.com/app/goods/2865905?loc=goods_rank
여성 가방,35,IG23FWBAG01PK,ILLIGO,시그니처 백 핑크,108000,72000,2044,https://www.musinsa.com/app/goods/3394336?loc=goods_rank
여성 가방,36,609407VCPP58648FW22,BOTTEGA VENETA,여성 미니 인트레치아토 크로스백 - 블랙,1670000,1046000,468,https://www.musinsa.com/app/goods/2973748?loc=goods_rank
여성 가방,37,880066023457,LENEE B,스트링백팩 아이보리,49000,39000,14571,https://www.musinsa.com/app/goods/3323413?loc=goods_rank
여성 가방,38,CR22A512BK,SCULPTOR,Oldschool Slouchy Backpack Black,84000,58800,20802,https://www.musinsa.com/app/goods/3034743?loc=goods_rank
여성 가방,39,COPBA04405BLACKSS22,COPERNI,여성 바게트 스와이프 토트백 - 블랙,830000,227000,96,https://www.musinsa.com/app/goods/2431593?loc=goods_rank
여성 가방,40,H73117010,CARLYN,[23FW] 포잉 홀로그램_H73117010,"
                                                                                                                                                100000",100000,177,https://www.musinsa.com/app/goods/3512063?loc=goods_rank
여성 가방,41,3903462HH3N9260SS23,BALENCIAGA,여성 XS 네이비 카바스 토트백 - 라이트 베이지:블랙,1385000,897000,185,https://www.musinsa.com/app/goods/3192372?loc=goods_rank
여성 가방,42,CR23S501BK,SCULPTOR,Vintage Canvas Duffel Bag Black,72000,50400,27394,https://www.musinsa.com/app/goods/3034749?loc=goods_rank
여성 가방,43,23M-063A,STAND OIL,Plump bag ·  플럼백,89000,84550,7099,https://www.musinsa.com/app/goods/3061872?loc=goods_rank
여성 가방,44,22smgs01sv,MCNCHIPS,Metal velcro gym sack (silver),"
                                                                                                                                                47000",47000,15598,https://www.musinsa.com/app/goods/2635646?loc=goods_rank
여성 가방,45,H72303010,CARLYN,코지 12colors_H72303010,90000,81000,8301,https://www.musinsa.com/app/goods/2664933?loc=goods_rank
여성 가방,46,P0000DHO,MATIN KIM,BIG COATING TOTE BAG IN BLACK,"
                                                                                                                                                178000",178000,13961,https://www.musinsa.com/app/goods/2112607?loc=goods_rank
여성 가방,47,NOI942,NOIAGO,NOI942 에센셜 유틸리티 크로스백 (페일핑크),96000,67000,5367,https://www.musinsa.com/app/goods/3304102?loc=goods_rank
여성 가방,48,JHNCHC2BS211BK270,JESTINA,JOELLE MAY EW 쇼퍼 BK (JHNCHC2BS211BK270),188000,150400,2460,https://www.musinsa.com/app/goods/2413073?loc=goods_rank
여성 가방,49,DH3442 265,CALVIN KLEIN JEANS,여 베이지 CKJ 크레센트 텍스트 버클 숄더백 DH3442 265,159000,141700,389,https://www.musinsa.com/app/goods/3332173?loc=goods_rank
여성 가방,50,AABA3F369D3,ATHE VANESSABRUNO,[MERINGUE PLAIN] 버건디 보딸라또 숄더백 M AABA3F369D3,568000,539600,91,https://www.musinsa.com/app/goods/3327092?loc=goods_rank
여성 가방,51,213BA0023000990SS23,JACQUEMUS,여성 르 치키토 모옌 토트백 - 블랙,1080000,529000,385,https://www.musinsa.com/app/goods/3181547?loc=goods_rank
여성 가방,52,MTK223WL002W0SV,MATIN KIM,ACCORDION NECKLACE WALLET IN SILVER,"
                                                                                                                                                128000",128000,9618,https://www.musinsa.com/app/goods/2377589?loc=goods_rank
여성 가방,53,Cashew Nut Bag,DUMARO,캐슈넛백,82500,82500,324,https://www.musinsa.com/app/goods/3337412?loc=goods_rank
여성 가방,54,H73105010,CARLYN,위켄더 3colors_H73105010,"
                                                                                                                                                120000",120000,2296,https://www.musinsa.com/app/goods/3270689?loc=goods_rank
여성 가방,55,22G-039A,STAND OIL,Chubby bag · 츄비백,"
                                                                                                                                                119000",119000,25521,https://www.musinsa.com/app/goods/2558648?loc=goods_rank
여성 가방,56,J07WG0027P5368280FW23,JIL SANDER,여성 덤플링 버킷 숄더백 - 화이트,980000,449000,34,https://www.musinsa.com/app/goods/3437322?loc=goods_rank
여성 가방,57,D1083,DONKIE,Ezra 에즈라 - 7color,74000,48100,1019,https://www.musinsa.com/app/goods/3109058?loc=goods_rank
여성 가방,58,443127DTD1T1000SS23,GUCCI,여성 GG 마몬트 카드 케이스 - 블랙,480000,398000,269,https://www.musinsa.com/app/goods/3193637?loc=goods_rank
여성 가방,59,m1037_971814,VUNQUE,Occam Doux Double pocket Backpack M (오캄 두 더블 포켓 백팩 미듐)_4colors,"
                                                                                                                                                395000",395000,3722,https://www.musinsa.com/app/goods/3029905?loc=goods_rank
여성 가방,60,22SU ACC 04,NACHE,MULTIWAY BAG (WHITE),"
                                                                                                                                                98000",98000,1506,https://www.musinsa.com/app/goods/2612879?loc=goods_rank
여성 가방,61,RCBSX23621BKX,COURONNE,트위기(Twiggy) 숄더 31_RCBSX23621BKX,428000,385200,48,https://www.musinsa.com/app/goods/3436315?loc=goods_rank
여성 가방,62,JSPU853173WUB69159N101SS22,JIL SANDER,여성 스몰 탱글 숄더백 - 화이트,1137000,384000,262,https://www.musinsa.com/app/goods/2451466?loc=goods_rank
여성 가방,63,JSNESE3BS570YE010,JESTINA,DASIY 카드지갑 YE (JSNESE3BS570YE010),118000,94400,1357,https://www.musinsa.com/app/goods/3134774?loc=goods_rank
여성 가방,64,10000620000,FOTTSFOTTS,BOWLING BAG - Black,389000,369550,129,https://www.musinsa.com/app/goods/3532416?loc=goods_rank
여성 가방,65,FL1SB04,FENNEC,LEATHER HOBO BAG (2colors),108000,91800,4145,https://www.musinsa.com/app/goods/2366207?loc=goods_rank
여성 가방,66,OVBLX23001BLK,ARCHIVEPKE,Mini bowling bag(Deep sleep)_OVBLX23001BLK,99000,89100,30833,https://www.musinsa.com/app/goods/1910358?loc=goods_rank
여성 가방,67,20N-006B,STAND OIL,Butter bag  Classic · 버터백 클래식,"
                                                                                                                                                89000",89000,37432,https://www.musinsa.com/app/goods/2343665?loc=goods_rank
여성 가방,68,23G-070A,STAND OIL,Hilly Bag · 힐리백,"
                                                                                                                                                89000",89000,2449,https://www.musinsa.com/app/goods/3318435?loc=goods_rank
여성 가방,69,DIZKZAD2BKF,DRIFE,CARRY BACKPACK - BLACK,98000,39000,11081,https://www.musinsa.com/app/goods/926836?loc=goods_rank
여성 가방,70,880066023456,LENEE B,스트링백팩 블랙,49000,39000,3599,https://www.musinsa.com/app/goods/3323411?loc=goods_rank
여성 가방,71,,LOEUVRE,Sac de Trompette Small FA1AB023-03,"
                                                                                                                                                349000",349000,546,https://www.musinsa.com/app/goods/1529288?loc=goods_rank
여성 가방,72,22N-057A,STAND OIL,Post bag · 포스트백,91000,86450,12693,https://www.musinsa.com/app/goods/2930265?loc=goods_rank
여성 가방,73,m1037_920114,VUNQUE,Toque Trophy Tote S (토크 트로피 토트 스몰)_3colors,"
                                                                                                                                                325000",325000,179,https://www.musinsa.com/app/goods/3029914?loc=goods_rank
여성 가방,74,"FOLN035,36",FOLNUA,BASKETBAG - STITCH [2COLOR],"
                                                                                                                                                319000",319000,59,https://www.musinsa.com/app/goods/3391808?loc=goods_rank
여성 가방,75,16FB010-03-01,OSOI,MINI BROT - BLACK,"
                                                                                                                                                318000",318000,2154,https://www.musinsa.com/app/goods/2117333?loc=goods_rank
여성 가방,76,5004434431,ROSA.K,로사케이 카바스 모노그램 언타이틀 데이토트 LL 멀티_RTWSBV812MI,"
                                                                                                                                                318000",318000,7,https://www.musinsa.com/app/goods/3226992?loc=goods_rank
여성 가방,77,ssc4,MUR,앤디백 (5color),94000,75200,359,https://www.musinsa.com/app/goods/3458671?loc=goods_rank
여성 가방,78,40W0638 010,CALVIN KLEIN JEANS,여 블랙 CK 시티 하프문 숄더백 40W0638 010,89000,74900,479,https://www.musinsa.com/app/goods/2996353?loc=goods_rank
여성 가방,79,FA3AD2460_FH,LOEUVRE,Sac de Fontaine Medium Hobo FA3AD246-FH,"
                                                                                                                                                299000",299000,68,https://www.musinsa.com/app/goods/3534173?loc=goods_rank
여성 가방,80,LRBG3106BKF,LEATHERY,볼티드 스퀘어 숄더백 [BLACK],83000,74700,29028,https://www.musinsa.com/app/goods/3038000?loc=goods_rank
여성 가방,81,FA3SA2110_FH,LOEUVRE,Sac de Rue Small FA3SA211-FH,329000,296100,702,https://www.musinsa.com/app/goods/3020970?loc=goods_rank
여성 가방,82,m1037_550764,VUNQUE,Baguette Shoulder S (바게트 숄더 스몰)_6colors,"
                                                                                                                                                295000",295000,4651,https://www.musinsa.com/app/goods/3029922?loc=goods_rank
여성 가방,83,m1037_396858,VUNQUE,Toque tote S (토크 토트 스몰) Light beige,"
                                                                                                                                                285000",285000,2578,https://www.musinsa.com/app/goods/3029926?loc=goods_rank
여성 가방,84,m1037_391050,VUNQUE,Toque tote S (토크 토트 스몰) Black,"
                                                                                                                                                285000",285000,775,https://www.musinsa.com/app/goods/3029927?loc=goods_rank
여성 가방,85,plain04,BEIPRIL,플레인 백팩 (아이보리),77000,69000,4743,https://www.musinsa.com/app/goods/1528044?loc=goods_rank
여성 가방,86,S024,SQUARELINE,Bean pod bag - S024 (4color),98000,68600,6207,https://www.musinsa.com/app/goods/2818862?loc=goods_rank
여성 가방,87,cherry,MCLANEE,체리 숄더백,87000,67900,8648,https://www.musinsa.com/app/goods/2643266?loc=goods_rank
여성 가방,88,5004387440,ANGELO BIANCO,Roedilla Small Bag,"
                                                                                                                                                268000",268000,3,https://www.musinsa.com/app/goods/3530219?loc=goods_rank
여성 가방,89,FA1SB0500_EG,LOEUVRE,Sac de Lumiere Large FA1SB050-EG,"
                                                                                                                                                259000",259000,76,https://www.musinsa.com/app/goods/1987019?loc=goods_rank
여성 가방,90,30daymc,MUR,데이백미니 캔버스(4color),98000,63700,2828,https://www.musinsa.com/app/goods/2767259?loc=goods_rank
여성 가방,91,j22ash001bk,JEDREFEB5,크로플 숄더백 블랙,"
                                                                                                                                                62000",62000,6013,https://www.musinsa.com/app/goods/2781396?loc=goods_rank
여성 가방,92,ssc7,MUR,레터백 (7color),94000,61100,1230,https://www.musinsa.com/app/goods/3382354?loc=goods_rank
여성 가방,93,8809838643258,MARGESHERWOOD,BESSETTE SHOULDER + STRAP - candy pink crinkle,"
                                                                                                                                                239000",239000,223,https://www.musinsa.com/app/goods/3108852?loc=goods_rank
여성 가방,94,5002088871,DAYLIFE,드로우 스트링 백팩 (블랙),69000,59000,4732,https://www.musinsa.com/app/goods/3058681?loc=goods_rank
여성 가방,95,22atte,MUR,[3way]에떼백(9color),98000,58800,20755,https://www.musinsa.com/app/goods/2324898?loc=goods_rank
여성 가방,96,CR22A512NA,SCULPTOR,Oldschool Slouchy Backpack Dusty Navy,84000,58800,8337,https://www.musinsa.com/app/goods/3034744?loc=goods_rank
여성 가방,97,OAFBCB52_031,ORYANY,바나나 크로스바디 L OAFBCB52_031,259000,233100,6,https://www.musinsa.com/app/goods/3482001?loc=goods_rank
여성 가방,98,10002320000,FOTTSFOTTS,TOP HANDLE BAG,245000,232750,80,https://www.musinsa.com/app/goods/3541003?loc=goods_rank
여성 가방,99,P0000BRM,EMIS,ENAMEL HOBO BAG-IVORY,"
                                                                                                                                                54000",54000,2927,https://www.musinsa.com/app/goods/3495260?loc=goods_rank
여성 가방,100,17-2,MUR,플링백- Crinkle (5color),82000,53400,16700,https://www.musinsa.com/app/goods/2163230?loc=goods_rank
