﻿카테고리,순위,품번,브랜드명,상품명(한글),판매가,비회원가,좋아요 수,URL
속옷,1,NB1086_BHY,CALVIN KLEIN UNDERWEAR,남성 모던코튼 스트레치 2PK 트렁크_NB1086_BHY,"
                                                                                                                                                55000",55000,7410,https://www.musinsa.com/app/goods/1315501?loc=goods_rank
속옷,2,MHMP0001,MUSINSA STANDARD,맨즈 드로즈 3팩,"
                                                                                                                                                21900",21900,19302,https://www.musinsa.com/app/goods/803032?loc=goods_rank
속옷,3,MMJMP001,MUSINSA STANDARD,[쿨탠다드] 맨즈 드로즈 3팩,"
                                                                                                                                                27900",27900,14575,https://www.musinsa.com/app/goods/1504726?loc=goods_rank
속옷,4,CFADR371-BNC,CODES COMBINE INNERWEAR,베이직 컬러 남성 드로즈 3PACK (블랙/네이비/챠콜),66000,36000,8622,https://www.musinsa.com/app/goods/1392057?loc=goods_rank
속옷,5,8H21SSWMPJM001,8HOURS,(W) 플라워 파자마 세트 (블랙),69900,69900,750,https://www.musinsa.com/app/goods/2042793?loc=goods_rank
속옷,6,SPPPD49U07,SPAO,(다이노탱) 다이노탱 긴팔 잠옷(NAVY)_SPPPD49U07,"
                                                                                                                                                39900",39900,1752,https://www.musinsa.com/app/goods/3446965?loc=goods_rank
속옷,7,JDMD202211,JAMES DEAN,JD 압박 해소 프리 컷팅 심리스 드로즈 5PACK,53900,19900,1423,https://www.musinsa.com/app/goods/2768667?loc=goods_rank
속옷,8,PMFYBBM51,PUMA BODYWEAR,(노와이어)얼티밋핏 브라팬티 7세트,179000,111920,695,https://www.musinsa.com/app/goods/3098036?loc=goods_rank
속옷,9,ZIKLAG230102418,ZIKLAG,맨즈 에센셜 드로즈 4PACK,59900,59900,249,https://www.musinsa.com/app/goods/3101568?loc=goods_rank
속옷,10,QF7093ADBO8,CALVIN KLEIN UNDERWEAR,여성 내츄럴 모던 심리스 AF 트라이앵글_QF7093ADBO8,85000,76500,74,https://www.musinsa.com/app/goods/3445547?loc=goods_rank
속옷,11,1170FI4DRE1644FBLK,FILA UNDERWEAR,에센셜 베이직 여성 사각드로즈(FI4DRE1644FBLK),10000,4000,278,https://www.musinsa.com/app/goods/3434426?loc=goods_rank
속옷,12,CCMDR581-MGNB,CODES COMBINE INNERWEAR,심플로고밴드 에어로쿨 드로즈 4PACK,88000,48000,121,https://www.musinsa.com/app/goods/3257780?loc=goods_rank
속옷,13,CUUN2EX40BK,CHAMPION,[ASIA] 클래식 복서 브리프 3팩 (BLACK),38000,15000,229,https://www.musinsa.com/app/goods/3510231?loc=goods_rank
속옷,14,QF7098ADBO8,CALVIN KLEIN UNDERWEAR,여성 내츄럴 모던 심리스 미드 라이즈 브리프_QF7098ADBO8,"
                                                                                                                                                40000",40000,66,https://www.musinsa.com/app/goods/3445531?loc=goods_rank
속옷,15,SPPPD49U07,SPAO,(다이노탱) 다이노탱 긴팔 잠옷(GREEN)_SPPPD49U07,"
                                                                                                                                                39900",39900,1200,https://www.musinsa.com/app/goods/3446968?loc=goods_rank
속옷,16,ZLSIM02269,ZIKLAG,ZL 우먼즈 노라인 심리스 팬티 4PACK,39900,39900,1807,https://www.musinsa.com/app/goods/1919730?loc=goods_rank
속옷,17,MGD3,MOGRAMI,스킨이즘 남성팬티 골지드로즈 3매 세트,32700,29700,1,https://www.musinsa.com/app/goods/3561899?loc=goods_rank
속옷,18,AOFYIBM14_MSS,ADIDAS UNDERWEAR,(노와이어) 트레포일 페일 브라팬티 1세트 WH,42900,25900,1486,https://www.musinsa.com/app/goods/2979713?loc=goods_rank
속옷,19,MENPMDRS,SAUNALABS,[3장세트] 남성 프리미엄 드로즈,60000,22000,25,https://www.musinsa.com/app/goods/2861338?loc=goods_rank
속옷,20,TRYKINT04SET,TRY,T-참 편한 고신축 니트 트렁크 팬티 4종세트,39900,19900,593,https://www.musinsa.com/app/goods/1236375?loc=goods_rank
속옷,21,OBMDR894CL,GUESS UNDERWEAR,실버블랙 로고밴딩 드로즈 6PACK,234000,70000,3520,https://www.musinsa.com/app/goods/2108176?loc=goods_rank
속옷,22,8H21SSWMPJM001,8HOURS,(W) 핀 스트라이프 숏 슬리브 세트 (스카이 블루),69900,69900,1171,https://www.musinsa.com/app/goods/2632488?loc=goods_rank
속옷,23,2180035,PLAYBOY,남성 남자 어위크 패키지 드로즈 7매입 팬티 세트 PMD2108,"
                                                                                                                                                29900",29900,5962,https://www.musinsa.com/app/goods/2603332?loc=goods_rank
속옷,24,8H21SSWMPJM001,8HOURS,(W) 클래식 하프집 원피스 (네이비),59900,59900,768,https://www.musinsa.com/app/goods/2632552?loc=goods_rank
속옷,25,NP2312OUB1,CALVIN KLEIN UNDERWEAR,남성 웨이스트밴드 코튼 스트레치 버라이어티 3PK 트렁크_NP2312OUB1,79000,71100,10115,https://www.musinsa.com/app/goods/2054418?loc=goods_rank
속옷,26,MSK5,MOGRAMI,스킨이즘 남성 드로즈 분모자팬티 7종세트,"
                                                                                                                                                44000",44000,1527,https://www.musinsa.com/app/goods/3056544?loc=goods_rank
속옷,27,MMJMP002,MUSINSA STANDARD,[쿨탠다드] 맨즈 드로즈 컬러 리버스 3팩,27900,25090,2723,https://www.musinsa.com/app/goods/1504727?loc=goods_rank
속옷,28,CCMDR380-BBB,CODES COMBINE INNERWEAR,에어로쿨 로고아웃밴드 블랙 3PACK 드로즈,66000,36000,1678,https://www.musinsa.com/app/goods/3135937?loc=goods_rank
속옷,29,GLG16016,DAB,텐셀 무지 이너 끈나시 여성용,17600,4700,472,https://www.musinsa.com/app/goods/3064765?loc=goods_rank
속옷,30,AOFYBBM11,ADIDAS UNDERWEAR,(노와이어) 트레포일 페일 브라팬티 6세트,210900,143200,12776,https://www.musinsa.com/app/goods/2979991?loc=goods_rank
속옷,31,F3787AD_001,CALVIN KLEIN UNDERWEAR,여성 모던코튼 비키니 팬티_F3787AD_001,35000,31500,11864,https://www.musinsa.com/app/goods/1388637?loc=goods_rank
속옷,32,NB1086001,CALVIN KLEIN UNDERWEAR,남성 모던코튼 스트레치 2PK 트렁크_NB1086001,"
                                                                                                                                                55000",55000,3157,https://www.musinsa.com/app/goods/2301794?loc=goods_rank
속옷,33,ANVE22A1Q,ANYBODY,편애 브라_런닝형 ANVE22A1Q_7358,22900,9900,399,https://www.musinsa.com/app/goods/2883940?loc=goods_rank
속옷,34,CCMDR981-CDGB,CODES COMBINE INNERWEAR,컬러풀 라인 포인트 드로즈 4PACK,88000,48000,42,https://www.musinsa.com/app/goods/3463891?loc=goods_rank
속옷,35,NB2734OUB1,CALVIN KLEIN UNDERWEAR,남성 코튼 스트레치 5PK 로우 라이즈 트렁크_NB2734OUB1,119000,107100,4034,https://www.musinsa.com/app/goods/2681962?loc=goods_rank
속옷,36,NB2734OED0,CALVIN KLEIN UNDERWEAR,남성 코튼 스트레치 5PK 로우라이즈 트렁크_NB2734OED0,119000,107100,175,https://www.musinsa.com/app/goods/3431984?loc=goods_rank
속옷,37,AOFYIBM11_MSS,ADIDAS UNDERWEAR,(노와이어) 트레포일 페일 브라팬티 1세트 D.NV,42900,25900,5092,https://www.musinsa.com/app/goods/2979720?loc=goods_rank
속옷,38,MHBR0001-BK,MUSINSA STANDARD,우먼즈 와이어리스 브라 [블랙],23900,21490,7905,https://www.musinsa.com/app/goods/803035?loc=goods_rank
속옷,39,MHBR0001-LB,MUSINSA STANDARD,우먼즈 와이어리스 브라 [라이트 베이지],23900,21490,5893,https://www.musinsa.com/app/goods/803036?loc=goods_rank
속옷,40,PMFTOBM14,PUMA BODYWEAR,여성 드라이셀 트렁크 1종 차콜,17900,7000,247,https://www.musinsa.com/app/goods/2570453?loc=goods_rank
속옷,41,5001609617,DOSSY,실크터치 3check 커플 잠옷 세트,37900,20900,1584,https://www.musinsa.com/app/goods/2966682?loc=goods_rank
속옷,42,NB1086CBY,CALVIN KLEIN UNDERWEAR,남성 모던코튼 2PK 트렁크_NB1086CBY,55000,36700,407,https://www.musinsa.com/app/goods/3129540?loc=goods_rank
속옷,43,OAWRP691DGR,GUESS UNDERWEAR,에어로쿨 로고 아웃밴드 다크그린 노와이어 브라 팬티 세트,64000,32000,1182,https://www.musinsa.com/app/goods/3021185?loc=goods_rank
속옷,44,QF5490_001,CALVIN KLEIN UNDERWEAR,여성 모던코튼 리프트 브라렛_QF5490_001,79000,64000,13016,https://www.musinsa.com/app/goods/1748003?loc=goods_rank
속옷,45,AOFYIBM10_MSS,ADIDAS UNDERWEAR,(노와이어) 트레포일 비비드 브라팬티 1세트 M.GY,42900,25900,2041,https://www.musinsa.com/app/goods/2979722?loc=goods_rank
속옷,46,HYARPS01GY,HYGGE UNDERWEAR,[DAILY] 데일리 브라렛 팬티 세트 - 블루그레이,28000,25200,3694,https://www.musinsa.com/app/goods/1829772?loc=goods_rank
속옷,47,5001609624,DOSSY,실크핏 클린 긴팔 커플 잠옷 세트,39900,23900,8390,https://www.musinsa.com/app/goods/2966703?loc=goods_rank
속옷,48,MHMP0002,MUSINSA STANDARD,맨즈 코튼 드로즈 3팩,"
                                                                                                                                                21900",21900,3580,https://www.musinsa.com/app/goods/1084594?loc=goods_rank
속옷,49,MMJMP007,MUSINSA STANDARD,맨즈 코튼 드로즈 블랙 & 화이트 3팩,"
                                                                                                                                                21900",21900,1071,https://www.musinsa.com/app/goods/1528791?loc=goods_rank
속옷,50,TRY2103171233,TRY,T-맨즈 45수 시그니처 트렁크 4PACK,59900,19900,1071,https://www.musinsa.com/app/goods/1848968?loc=goods_rank
속옷,51,SPPPD49U01,SPAO,(산리오캐릭터즈) 산리오캐릭터즈 긴팔 잠옷(LIGHT PINK)_SPPPD49U01,"
                                                                                                                                                39900",39900,536,https://www.musinsa.com/app/goods/3446993?loc=goods_rank
속옷,52,SPPPD49U01,SPAO,(산리오캐릭터즈) 산리오캐릭터즈 긴팔 잠옷(BLACK)_SPPPD49U01,"
                                                                                                                                                39900",39900,363,https://www.musinsa.com/app/goods/3446999?loc=goods_rank
속옷,53,2002,LINGERIE HAN,릴리 브라 아이보리 (풀컵),"
                                                                                                                                                158000",158000,20,https://www.musinsa.com/app/goods/1824957?loc=goods_rank
속옷,54,CBMDR390-BBB,CODES COMBINE INNERWEAR,로고 아웃밴드 베이직 드로즈 3PACK (BKBKBK),66000,36000,2373,https://www.musinsa.com/app/goods/2463808?loc=goods_rank
속옷,55,1497584,UNCOATED 247,발란스 슈퍼에센셜 드로우즈 3pack,51000,35900,437,https://www.musinsa.com/app/goods/2515551?loc=goods_rank
속옷,56,202110073,ZIKLAG,ZL 피치기모 카라 체크 파자마 잠옷세트- 아이보리,28900,28900,613,https://www.musinsa.com/app/goods/2167790?loc=goods_rank
속옷,57,OBWRP195MG,GUESS UNDERWEAR,텐셀 스판 멜란지그레이 브라렛 팬티 세트,65000,35000,7441,https://www.musinsa.com/app/goods/2295840?loc=goods_rank
속옷,58,953722,ANPA,커플 잠옷 모던 실크 긴팔 세트 네이비 핑크베이지 ANPA35,49900,34500,2934,https://www.musinsa.com/app/goods/2190762?loc=goods_rank
속옷,59,CCWRT481SK,CODES COMBINE INNERWEAR,[브라1+팬티2 세트] 아스킨 톤온톤 아웃밴드 브라 팬티 세트_스킨,68000,34000,460,https://www.musinsa.com/app/goods/3238108?loc=goods_rank
속옷,60,QF7218P7A+QF7295ADP7A,CALVIN KLEIN UNDERWEAR,여성 1996 코튼 AF 라이틀리 라인드 브라렛 세트_그레이,"
                                                                                                                                                134000",134000,188,https://www.musinsa.com/app/goods/3527267?loc=goods_rank
속옷,61,OAWRP691BK,GUESS UNDERWEAR,에어로쿨 로고 아웃밴드 블랙 노와이어 브라 팬티 세트,64000,32000,13542,https://www.musinsa.com/app/goods/2274701?loc=goods_rank
속옷,62,OAWRP691LBU,GUESS UNDERWEAR,에어로쿨 로고 아웃밴드 라이트블루 노와이어 브라 팬티 세트,64000,32000,1885,https://www.musinsa.com/app/goods/3021184?loc=goods_rank
속옷,63,NB3455UB1,CALVIN KLEIN UNDERWEAR,남성 임팩트 마이크로 로우라이즈 트렁크_NB3455UB1,65000,31700,228,https://www.musinsa.com/app/goods/3060659?loc=goods_rank
속옷,64,F3787AD_020,CALVIN KLEIN UNDERWEAR,여성 모던코튼 비키니 팬티_F3787AD_020,35000,31500,12369,https://www.musinsa.com/app/goods/1388643?loc=goods_rank
속옷,65,MMJMT021-WH,MUSINSA STANDARD,[힛탠다드] 맨즈 크루 넥 티셔츠_이너 웨어 [화이트],"
                                                                                                                                                13900",13900,634,https://www.musinsa.com/app/goods/1595686?loc=goods_rank
속옷,66,2186508,PLAYBOY,여성돌핀트렁크팬티 3매 PWT1603-3,"
                                                                                                                                                29900",29900,1510,https://www.musinsa.com/app/goods/2667413?loc=goods_rank
속옷,67,FW002C,OFFHOUR,커플 컴포트 스트라이프 라인 긴팔 잠옷 세트,45900,29900,37,https://www.musinsa.com/app/goods/3533818?loc=goods_rank
속옷,68,PMFTOBM12,PUMA BODYWEAR,여성 드라이셀 트렁크 1종 블루,17900,7000,180,https://www.musinsa.com/app/goods/2570460?loc=goods_rank
속옷,69,NBXDDA201M_99,NEW BALANCE,NBXDDA201M,39900,27900,978,https://www.musinsa.com/app/goods/3193498?loc=goods_rank
속옷,70,NBXDDA201M_19,NEW BALANCE,NBXDDA201M,39900,27900,330,https://www.musinsa.com/app/goods/3288093?loc=goods_rank
속옷,71,5004572876,DOSSY,실크핏 모던 긴팔 커플 카라 잠옷 세트,56000,27900,2,https://www.musinsa.com/app/goods/3571324?loc=goods_rank
속옷,72,NB2734O90A,CALVIN KLEIN UNDERWEAR,남성 코튼 스트레치 5PK 로우 라이즈 트렁크_NB2734O90A,119000,107100,492,https://www.musinsa.com/app/goods/3333335?loc=goods_rank
속옷,73,CCWRP991LB,CODES COMBINE INNERWEAR,코드 포인트 데일리 브라 팬티 세트 - 애쉬베이지,52000,26000,177,https://www.musinsa.com/app/goods/3461354?loc=goods_rank
속옷,74,AOFYIBM12_MSS,ADIDAS UNDERWEAR,(노와이어) 트레포일 페일 브라팬티 1세트 M.GY,42900,25900,1764,https://www.musinsa.com/app/goods/2979717?loc=goods_rank
속옷,75,5002924554,DOSSY,모던 실크핏 반팔 카라 커플 잠옷 세트,51000,25900,786,https://www.musinsa.com/app/goods/3198704?loc=goods_rank
속옷,76,HYARPS01SK,HYGGE UNDERWEAR,[DAILY] 데일리 브라렛 팬티 세트 - 스킨,28000,25200,3938,https://www.musinsa.com/app/goods/2039427?loc=goods_rank
속옷,77,ANJS22D43,ANYBODY,벨리곰 스트라이프 수면잠옷+안대 세트 ANJS22D43_7358,49900,25100,1634,https://www.musinsa.com/app/goods/2948330?loc=goods_rank
속옷,78,MMJMP003,MUSINSA STANDARD,[쿨탠다드] 맨즈 드로즈 실버 밴드 3팩,27900,25090,1263,https://www.musinsa.com/app/goods/1504728?loc=goods_rank
속옷,79,PCLKR510020,WIGGLE WIGGLE FASHION,라운지 로브 - Smile Cherry Argyle,119000,99900,2464,https://www.musinsa.com/app/goods/2862128?loc=goods_rank
속옷,80,PCLKR510022,WIGGLE WIGGLE FASHION,라운지 로브 -  Cherry,119000,99900,1598,https://www.musinsa.com/app/goods/3154976?loc=goods_rank
속옷,81,1170FI4BAF1141FLML,FILA UNDERWEAR,텐셀 노와이어 브라(FI4BAF1141FLML),22000,11000,123,https://www.musinsa.com/app/goods/3011049?loc=goods_rank
속옷,82,SS007C,OFFHOUR,커플 컴포트 스트라이프 라인 반팔 + 반바지 잠옷 세트,34000,23900,693,https://www.musinsa.com/app/goods/3347094?loc=goods_rank
속옷,83,PCLKR910033,WIGGLE WIGGLE FASHION,파자마 세트(롱) -  Grape Patchwork,99000,89100,549,https://www.musinsa.com/app/goods/2862209?loc=goods_rank
속옷,84,ANVE22A3Q,ANYBODY,편애 브라_후크형 ANVE22A3Q_7358,22900,9900,191,https://www.musinsa.com/app/goods/2883938?loc=goods_rank
속옷,85,AOMYDEM51,ADIDAS UNDERWEAR,퍼포먼스 싱글져지 남성 롱드로즈 6팩,124900,89100,68,https://www.musinsa.com/app/goods/2987898?loc=goods_rank
속옷,86,7MYDSK11,ADIDAS UNDERWEAR,텐셀 테크프리미엄 드로즈 8팩,136900,89100,7,https://www.musinsa.com/app/goods/2998749?loc=goods_rank
속옷,87,2117421,PLAYBOY,남성 남자 패키지 드로즈 5매입 세트 PMD2110,"
                                                                                                                                                21900",21900,1853,https://www.musinsa.com/app/goods/2274898?loc=goods_rank
속옷,88,MHWP0001,MUSINSA STANDARD,우먼즈 심리스 팬티 3팩,"
                                                                                                                                                20900",20900,9145,https://www.musinsa.com/app/goods/803037?loc=goods_rank
속옷,89,1459649,UNCOATED 247,[RENEWAL] 드로우즈 엑셀 5SET,126000,82500,105,https://www.musinsa.com/app/goods/2272951?loc=goods_rank
속옷,90,MHBR0001-NA,MUSINSA STANDARD,우먼즈 와이어리스 브라 [네이비],23900,20290,1028,https://www.musinsa.com/app/goods/1010356?loc=goods_rank
속옷,91,MHBR0001-DG,MUSINSA STANDARD,우먼즈 와이어리스 브라 [다크 그레이],23900,20290,982,https://www.musinsa.com/app/goods/1010359?loc=goods_rank
속옷,92,SMSAI062,SUNDAYLOUNGE,남자 플랫체크 파자마 롱세트 SMSAI062,95000,95000,262,https://www.musinsa.com/app/goods/1686600?loc=goods_rank
속옷,93,AOMYDBN01,ADIDAS UNDERWEAR,퍼포먼스 블랙패키지 드로즈 8종,119000,79200,363,https://www.musinsa.com/app/goods/2980000?loc=goods_rank
속옷,94,GBR11105_GPT12105/GPT12106,DAB,쿨링 인견 몰드 매쉬 브라팬티세트,28400,19800,42,https://www.musinsa.com/app/goods/3329514?loc=goods_rank
속옷,95,NB10851PP,CALVIN KLEIN UNDERWEAR,남성 모던코튼 스트레치 3PK 트렁크_NB10851PP,85000,76500,2445,https://www.musinsa.com/app/goods/2394563?loc=goods_rank
속옷,96,NP2443OEMA,CALVIN KLEIN UNDERWEAR,남성 CK 마이크로 플러스 로우라이즈 트렁크 3PK_NP2443OEMA,85000,76500,178,https://www.musinsa.com/app/goods/3432008?loc=goods_rank
속옷,97,QF7059100,CALVIN KLEIN UNDERWEAR,여성 모던코튼 훅앤아이 브라렛_QF7059100,85000,76500,254,https://www.musinsa.com/app/goods/3470703?loc=goods_rank
속옷,98,MMJMP004,MUSINSA STANDARD,맨즈 코튼 드로즈 그레이 밴드 3팩,21900,18590,919,https://www.musinsa.com/app/goods/1514108?loc=goods_rank
속옷,99,MK2334UW001M0BB,MATIN KIM,LOGO BAND TRUNKS IN BLACK,"
                                                                                                                                                18000",18000,621,https://www.musinsa.com/app/goods/3412554?loc=goods_rank
속옷,100,1731150,WIGGLE WIGGLE FASHION,배스 랩 타월_Teddy Bear,79000,69500,2185,https://www.musinsa.com/app/goods/2166437?loc=goods_rank
