﻿카테고리,순위,품번,브랜드명,상품명(한글),판매가,비회원가,좋아요 수,URL
컬쳐,1,5005795870,DEDERIT,닭 동물 애착 여자친구 선물 인형,"
                                                                                                                                                19900",19900,27,https://www.musinsa.com/app/goods/3544024?loc=goods_rank
컬쳐,2,1,ZANDARI FESTA,잔다리 페스타 2일권 - 10.6 ~ 10.7,132000,99000,24,https://www.musinsa.com/app/goods/3494424?loc=goods_rank
컬쳐,3,none,THE COLOR RUN,[2차 티켓] 2023 THE COLOR RUN,"
                                                                                                                                                80000",80000,200,https://www.musinsa.com/app/goods/3452343?loc=goods_rank
컬쳐,4,OATBSRG0007,PRINT BAKERY,[데이비드 슈리글리] Some of my best friends are pigs,"
                                                                                                                                                123000",123000,43,https://www.musinsa.com/app/goods/3234585?loc=goods_rank
컬쳐,5,그라운드시소 센트럴_이경준,GROUNDSEESAW,이경준 사진전: 원 스텝 어웨이,15000,9000,91,https://www.musinsa.com/app/goods/3545589?loc=goods_rank
컬쳐,6,그라운드시소 성수_스티키,GROUNDSEESAW,[얼리버드]스티키몬스터랩: 스틸 라이프,15000,9000,169,https://www.musinsa.com/app/goods/3440114?loc=goods_rank
컬쳐,7,PM20FAC011PP,THISISNEVERTHAT,PKM Penteom Plush Purple,29000,14500,909,https://www.musinsa.com/app/goods/1726915?loc=goods_rank
컬쳐,8,F100,HEXGUITARS,어쿠스틱기타 HIVE 시리즈 F100,"
                                                                                                                                                202030",202030,191,https://www.musinsa.com/app/goods/1444175?loc=goods_rank
컬쳐,9,000003,MARING,심리 완화 기능 감정인형 마봉이 [고슴도치 40cm],36200,35200,1346,https://www.musinsa.com/app/goods/1478469?loc=goods_rank
컬쳐,10,FZ357PM2020FWAT001,FRIZMWORKS,[FWS X 357 PARTMENT] 10TH ANNIVERSARY FWS ART TOY,68000,47600,88,https://www.musinsa.com/app/goods/1669597?loc=goods_rank
컬쳐,11,C100,HEXGUITARS,클래식기타 POLLEN 시리즈 C100,"
                                                                                                                                                202030",202030,16,https://www.musinsa.com/app/goods/1694505?loc=goods_rank
컬쳐,12,PKR012U_O,PICKRING,마카롱 기타 피크 세트 (5입),"
                                                                                                                                                8000",8000,420,https://www.musinsa.com/app/goods/1766515?loc=goods_rank
컬쳐,13,poster1,PHYSICAL EDUCATION DEPARTMENT,PHYS.ED.DEPT® FOREST KEEPER BEAR POSTER,109000,109000,74,https://www.musinsa.com/app/goods/1790039?loc=goods_rank
컬쳐,14,poster3,PHYSICAL EDUCATION DEPARTMENT,PHYS.ED.DEPT® FOOTBALL ART GALLERY POSTER,109000,109000,36,https://www.musinsa.com/app/goods/1790041?loc=goods_rank
컬쳐,15,P00000GA,FLICT,유광 미니 포스터 5종 세트 100*150(mm),"
                                                                                                                                                10000",10000,306,https://www.musinsa.com/app/goods/2242760?loc=goods_rank
컬쳐,16,돈패닉서울매거진,PANIC BUTTON,돈패닉서울 Vol.43 [Outdoor],20000,15000,66,https://www.musinsa.com/app/goods/2281431?loc=goods_rank
컬쳐,17,87MMG005,MMLG,[팔칠엠엠 일상체] Moment By Moment We say No Concept But Good Sense,"
                                                                                                                                                50000",50000,181,https://www.musinsa.com/app/goods/2285117?loc=goods_rank
컬쳐,18,1038921,UNALLOYED,A2 아가일 패턴 포스터,"
                                                                                                                                                14500",14500,48,https://www.musinsa.com/app/goods/2313608?loc=goods_rank
컬쳐,19,P00000GT,FLICT,마이 아쿠아리움 유광 포스터(A2 Size),"
                                                                                                                                                12000",12000,1021,https://www.musinsa.com/app/goods/2329231?loc=goods_rank
컬쳐,20,P00000CY,PANIC BUTTON,돈패닉서울 Vol.54 [HANYANG2서울],"
                                                                                                                                                20000",20000,32,https://www.musinsa.com/app/goods/2336758?loc=goods_rank
컬쳐,21,포스터,MPEAK,뉴욕 타임스퀘어 포스터,12900,11610,19,https://www.musinsa.com/app/goods/2654404?loc=goods_rank
컬쳐,22,포스터,MPEAK,뉴욕 브릿지 포스터,12900,11610,21,https://www.musinsa.com/app/goods/2654409?loc=goods_rank
컬쳐,23,YC6GD2012BK,YALE,YALE X GIROK-MANSION POSTER 2,9900,8910,136,https://www.musinsa.com/app/goods/2663679?loc=goods_rank
컬쳐,24,YC6GD2014BK,YALE,YALE X GIROK-MANSION POSTER 4,9900,8910,308,https://www.musinsa.com/app/goods/2663681?loc=goods_rank
컬쳐,25,E300 S/SF,HEXGUITARS,일렉 기타 E300 S/SF 사파리그린 스트라토캐스터,"
                                                                                                                                                370558",370558,114,https://www.musinsa.com/app/goods/2680321?loc=goods_rank
컬쳐,26,PB596,PRINT BAKERY,[김창열] 물방울 3,"
                                                                                                                                                4800000",4800000,8,https://www.musinsa.com/app/goods/2725919?loc=goods_rank
컬쳐,27,PB620,PRINT BAKERY,[고영훈] 달항아리 - 2022,"
                                                                                                                                                2500000",2500000,35,https://www.musinsa.com/app/goods/2727942?loc=goods_rank
컬쳐,28,fulab_2135-4,FUTURE LAB,Future Pen Custom Package (WHITE/10mm),"
                                                                                                                                                20000",20000,36,https://www.musinsa.com/app/goods/2822091?loc=goods_rank
컬쳐,29,poster_catandflowers,NAR NAR,화병과고양이,"
                                                                                                                                                9500",9500,7,https://www.musinsa.com/app/goods/2823973?loc=goods_rank
컬쳐,30,PRLD64,GREET SEASON,"알랭 자케 Le Dejeuner sur l’herbe, 1964 (액자 포함)","
                                                                                                                                                235000",235000,5,https://www.musinsa.com/app/goods/2825530?loc=goods_rank
컬쳐,31,PRTBCYW0004,PRINT BAKERY,"[최영욱] Karma, White","
                                                                                                                                                3000000",3000000,6,https://www.musinsa.com/app/goods/2828067?loc=goods_rank
컬쳐,32,PRTBCYW0006,PRINT BAKERY,"[최영욱] Karma, Original","
                                                                                                                                                3000000",3000000,29,https://www.musinsa.com/app/goods/2828121?loc=goods_rank
컬쳐,33,BMPE78,GREET SEASON,"구스타브 카유보트 Les Périssoires, 1878 (액자 포함)","
                                                                                                                                                99000",99000,9,https://www.musinsa.com/app/goods/2830823?loc=goods_rank
컬쳐,34,NVRB01,GREET SEASON,가브리엘 샤넬 En Robe De Dentelle Blanche (액자 포함),"
                                                                                                                                                172000",172000,18,https://www.musinsa.com/app/goods/2832277?loc=goods_rank
컬쳐,35,0LM22FAC123BLK,LMC,LMC SCARY BEAR DOLL black,"
                                                                                                                                                55000",55000,698,https://www.musinsa.com/app/goods/2844613?loc=goods_rank
컬쳐,36,0LM22FAC127NON,LMC,LMC STICKER PACK,"
                                                                                                                                                19000",19000,754,https://www.musinsa.com/app/goods/2858233?loc=goods_rank
컬쳐,37,0LM22FAC103SBL,LMC,LMC X PLASTIC ARK FLOWERPOT sky blue,"
                                                                                                                                                48000",48000,295,https://www.musinsa.com/app/goods/2884507?loc=goods_rank
컬쳐,38,ARTKYYI0002,PRINT BAKERY,[쿠사마 야요이] Ornament - Red pumpkin,"
                                                                                                                                                620000",620000,79,https://www.musinsa.com/app/goods/2925543?loc=goods_rank
컬쳐,39,PB524,PRINT BAKERY,"[슈퍼픽션] Driving Enthusiast 1,2 & Bookworm 1,2","
                                                                                                                                                100000",100000,26,https://www.musinsa.com/app/goods/2925548?loc=goods_rank
컬쳐,40,5000738833,TAMIYA,[14139]1/12 GSX-RR 20,"
                                                                                                                                                52000",52000,35,https://www.musinsa.com/app/goods/2936521?loc=goods_rank
컬쳐,41,PRTBYSL0003,PRINT BAKERY,[이슬로] Harmony 2022,"
                                                                                                                                                520000",520000,25,https://www.musinsa.com/app/goods/2971960?loc=goods_rank
컬쳐,42,ARTBGRT0026,PRINT BAKERY,[그레타프리든] Journey  아트거울,"
                                                                                                                                                200000",200000,64,https://www.musinsa.com/app/goods/2972613?loc=goods_rank
컬쳐,43,ARTBGRT0014,PRINT BAKERY,[그레타프리든] 반 백년을 함께,"
                                                                                                                                                150000",150000,61,https://www.musinsa.com/app/goods/2972837?loc=goods_rank
컬쳐,44,ARTBGRT0023,PRINT BAKERY,[그레타프리든] Love,"
                                                                                                                                                150000",150000,160,https://www.musinsa.com/app/goods/2973440?loc=goods_rank
컬쳐,45,ARTBGRT0021,PRINT BAKERY,[그레타프리든] Chung Chung,"
                                                                                                                                                150000",150000,54,https://www.musinsa.com/app/goods/2973659?loc=goods_rank
컬쳐,46,ARTBPSM0001,PRINT BAKERY,[박선민] 리보틀 고블렛잔 세트,"
                                                                                                                                                220000",220000,32,https://www.musinsa.com/app/goods/3001292?loc=goods_rank
컬쳐,47,ARTBJSG0044,PRINT BAKERY,[전상근] 흑자 고블렛잔 세트,"
                                                                                                                                                130000",130000,60,https://www.musinsa.com/app/goods/3001417?loc=goods_rank
컬쳐,48,gSb_bk,GRAPE LAB,지스탠드 북 블랙,"
                                                                                                                                                24000",24000,73,https://www.musinsa.com/app/goods/3010737?loc=goods_rank
컬쳐,49,JJ_Spheric Mickey Large,CCOC,제임스 자비스 Spheric Mickey Large (Edition of 25),"
                                                                                                                                                20000000",20000000,45,https://www.musinsa.com/app/goods/3034097?loc=goods_rank
컬쳐,50,YK23SSLI01,WAIKEI,말티즈 크루 무광 포스터 A3,12000,9600,499,https://www.musinsa.com/app/goods/3041162?loc=goods_rank
컬쳐,51,NM35XX04M1BL,NOMANUAL,NM STUFFED LIZARD - BLUE,"
                                                                                                                                                39000",39000,360,https://www.musinsa.com/app/goods/3047607?loc=goods_rank
컬쳐,52,NM35XX06M1WH,NOMANUAL,SYMBOL VASE - WHITE,"
                                                                                                                                                279000",279000,69,https://www.musinsa.com/app/goods/3047629?loc=goods_rank
컬쳐,53,NG2DSUAB67AMX,NICEGHOSTCLUB,크리스탈 걸 페이퍼 웨이트_믹스(NG2DSUAB67A),49000,44100,245,https://www.musinsa.com/app/goods/3051208?loc=goods_rank
컬쳐,54,0LM23SAC114NON,LMC,LMC SS23 STICKER PACK,"
                                                                                                                                                19000",19000,596,https://www.musinsa.com/app/goods/3062207?loc=goods_rank
컬쳐,55,P00000JE,FLICT,젬스톤 유광 포스터(A2 Size),"
                                                                                                                                                12000",12000,80,https://www.musinsa.com/app/goods/3073489?loc=goods_rank
컬쳐,56,LD01GD7764CH,LARRY CLARK,WASSUP ROCKERS SKATEBOARD POSTER,"
                                                                                                                                                25000",25000,43,https://www.musinsa.com/app/goods/3086959?loc=goods_rank
컬쳐,57,8809886130984,LINE FRIENDS,라인프렌즈 미니니 샐리니 베이커리 레몬마카롱 스탠딩 인형,"
                                                                                                                                                19000",19000,43,https://www.musinsa.com/app/goods/3137698?loc=goods_rank
컬쳐,58,ARTBYUYA0008,PRINT BAKERY,[유야 하시즈메] cereal mug,"
                                                                                                                                                28000",28000,291,https://www.musinsa.com/app/goods/3140928?loc=goods_rank
컬쳐,59,8809886131004,LINE FRIENDS,라인프렌즈 미니니 레니니 베이커리 체리마카롱 스탠딩 인형,"
                                                                                                                                                19000",19000,287,https://www.musinsa.com/app/goods/3146849?loc=goods_rank
컬쳐,60,8809759899222,LINE FRIENDS,라인프렌즈 미니니 브니니 스탠딩 인형,"
                                                                                                                                                17000",17000,74,https://www.musinsa.com/app/goods/3146855?loc=goods_rank
컬쳐,61,PB635,PRINT BAKERY,[김환기] Duet 22-IV-74#331,"
                                                                                                                                                3000000",3000000,20,https://www.musinsa.com/app/goods/3165908?loc=goods_rank
컬쳐,62,CA0052,CRUMP,Stand Up Underground Challenge EP. 04 : Trophy,"
                                                                                                                                                17000",17000,5,https://www.musinsa.com/app/goods/3169633?loc=goods_rank
컬쳐,63,ap_well,GRAPE LAB,아트 포스터 훌륭해 조앤!,"
                                                                                                                                                16900",16900,10,https://www.musinsa.com/app/goods/3190602?loc=goods_rank
컬쳐,64,LD04GD5001BK,LARRY CLARK,SMELL OF US BURNING CAR POSTER,"
                                                                                                                                                25000",25000,31,https://www.musinsa.com/app/goods/3246457?loc=goods_rank
컬쳐,65,그라운드시소 서촌_문도 멘도,GROUNDSEESAW,문도 멘도 : 판타스틱 시티 라이프,"
                                                                                                                                                15000",15000,666,https://www.musinsa.com/app/goods/3275901?loc=goods_rank
컬쳐,66,8809886137853,LINE FRIENDS,라인프렌즈 제시카 플랫퍼 인형,"
                                                                                                                                                21000",21000,63,https://www.musinsa.com/app/goods/3278375?loc=goods_rank
컬쳐,67,DU23SW7004BK,DTHIRTYONE,Signalboy Dit Figure,19000,18050,88,https://www.musinsa.com/app/goods/3280646?loc=goods_rank
컬쳐,68,20230531,SNEAKERS UNBOXED SEOUL,스니커즈 언박스드 서울,"
                                                                                                                                                15000",15000,127,https://www.musinsa.com/app/goods/3317072?loc=goods_rank
컬쳐,69,OBJBYHT0001,PRINT BAKERY,[윤형택] Fondness Layer Series,"
                                                                                                                                                350000",350000,38,https://www.musinsa.com/app/goods/3325465?loc=goods_rank
컬쳐,70,B100M S/PBL,HEXGUITARS,B100 MS/PBL 메이플지판 베이스기타,"
                                                                                                                                                299495",299495,49,https://www.musinsa.com/app/goods/3325930?loc=goods_rank
컬쳐,71,3T-0288,3130STUDIO,마이 벌스데이  캣 포스터,"
                                                                                                                                                14900",14900,67,https://www.musinsa.com/app/goods/3346778?loc=goods_rank
컬쳐,72,5004911804,ASMODEE,암흑도시4종 브리스톨 데드우드 토르투가 세일럼 마피아 보드게임 책시리즈,"
                                                                                                                                                30400",30400,2,https://www.musinsa.com/app/goods/3380554?loc=goods_rank
컬쳐,73,5004911807,ASMODEE,제왕의 보드게임 깃발 불꽃 카드게임 재밌는 3인 5인 프로모,"
                                                                                                                                                20000",20000,,https://www.musinsa.com/app/goods/3380558?loc=goods_rank
컬쳐,74,5004911853,ASMODEE,부엉이의 3가지 비밀 보드게임 단어 추리 파티,"
                                                                                                                                                22400",22400,,https://www.musinsa.com/app/goods/3380640?loc=goods_rank
컬쳐,75,5004911904,ASMODEE,어쌔신 크리드 발할라 올로그 보드게임 주사위 전투,"
                                                                                                                                                39000",39000,1,https://www.musinsa.com/app/goods/3380704?loc=goods_rank
컬쳐,76,5004939338,ASMODEE,잠만보 다이스게임 주사위 요트 포켓몬 파티 보드게임,"
                                                                                                                                                26400",26400,11,https://www.musinsa.com/app/goods/3381495?loc=goods_rank
컬쳐,77,H100,HEXGUITARS,일렉기타 H100,"
                                                                                                                                                289340",289340,94,https://www.musinsa.com/app/goods/3408782?loc=goods_rank
컬쳐,78,0LM23FAC111NON,LMC,STICKER PACK none,"
                                                                                                                                                13000",13000,262,https://www.musinsa.com/app/goods/3432187?loc=goods_rank
컬쳐,79,MP23SC100MU,CADEJO,CADEJO) FREEVERSE LP,"
                                                                                                                                                85000",85000,78,https://www.musinsa.com/app/goods/3438748?loc=goods_rank
컬쳐,80,LD06GD5211MT,LARRY CLARK,WASSUP ROCKERS POSTER,"
                                                                                                                                                25000",25000,28,https://www.musinsa.com/app/goods/3441741?loc=goods_rank
컬쳐,81,SKZZFLIP5ED,SLBS,갤럭시 Z 플립5 스트레이 키즈 에디션,"
                                                                                                                                                1669000",1669000,52,https://www.musinsa.com/app/goods/3455934?loc=goods_rank
컬쳐,82,SKZBUDS2PROED,SLBS,갤럭시 버즈2 프로 스트레이 키즈 에디션,"
                                                                                                                                                299000",299000,94,https://www.musinsa.com/app/goods/3455935?loc=goods_rank
컬쳐,83,PWIKR450467,WIGGLE WIGGLE,일회용 카메라,36000,32800,205,https://www.musinsa.com/app/goods/3458693?loc=goods_rank
컬쳐,84,BMDV01,GREET SEASON,파블로 피카소 Dove (액자 포함),"
                                                                                                                                                99000",99000,,https://www.musinsa.com/app/goods/3467586?loc=goods_rank
컬쳐,85,23DEUX25AL,DEUX,DEUX 2.5 Vinyl album(2.5집),"
                                                                                                                                                49000",49000,23,https://www.musinsa.com/app/goods/3485822?loc=goods_rank
컬쳐,86,1,ZANDARI FESTA,잔다리 페스타 1일권 - 10.6,"
                                                                                                                                                66000",66000,48,https://www.musinsa.com/app/goods/3494413?loc=goods_rank
컬쳐,87,1,ZANDARI FESTA,잔다리 페스타 1일권 - 10.7,"
                                                                                                                                                66000",66000,31,https://www.musinsa.com/app/goods/3494421?loc=goods_rank
컬쳐,88,8809946770501,MR.DONOTHING,두낫띵 랜덤 피규어 - Neighborhood series01 (Random),"
                                                                                                                                                16000",16000,32,https://www.musinsa.com/app/goods/3511613?loc=goods_rank
컬쳐,89,LD06GD5218MT,LARRY CLARK,[LARRYCLARK X JAYASS] WASSUP ROCKERS GROUP PHOTO POSTER,"
                                                                                                                                                25000",25000,30,https://www.musinsa.com/app/goods/3511795?loc=goods_rank
컬쳐,90,B100R S/BK,HEXGUITARS,B100 RS/BK 로즈우드지판 베이스기타,"
                                                                                                                                                299495",299495,24,https://www.musinsa.com/app/goods/3512905?loc=goods_rank
컬쳐,91,LD06GD5215MT,LARRY CLARK,THE SMELL OF US NAKED POSTER,"
                                                                                                                                                25000",25000,19,https://www.musinsa.com/app/goods/3524132?loc=goods_rank
컬쳐,92,LD06GD5216MT,LARRY CLARK,TULSA ON THE WALL POSTER,"
                                                                                                                                                25000",25000,24,https://www.musinsa.com/app/goods/3538643?loc=goods_rank
컬쳐,93,5005795876,DEDERIT,멍충 개구리  애착 봉제인형,"
                                                                                                                                                21900",21900,15,https://www.musinsa.com/app/goods/3544031?loc=goods_rank
컬쳐,94,5005796195,DEDERIT,새싹 노란 병아리 애착 선물용 봉제 인형,"
                                                                                                                                                18900",18900,19,https://www.musinsa.com/app/goods/3544084?loc=goods_rank
컬쳐,95,LD06GD5217MT,LARRY CLARK,WASSUP ROCKERS SKATE BOYS POSTER,"
                                                                                                                                                25000",25000,6,https://www.musinsa.com/app/goods/3556411?loc=goods_rank
컬쳐,96,U2ECU3309WH,UFC SPORT,UFC X 나무13 한강 포스터 화이트 U2ECU3309WH,13000,12350,7,https://www.musinsa.com/app/goods/3561312?loc=goods_rank
컬쳐,97,U2ECU3308RE,UFC SPORT,UFC X 나무13 짐 포스터 레드 U2ECU3308RE,13000,12350,10,https://www.musinsa.com/app/goods/3561315?loc=goods_rank
컬쳐,98,U2ECU3307BL,UFC SPORT,UFC X 나무13 루트66 포스터 블루 U2ECU3307BL,13000,12350,4,https://www.musinsa.com/app/goods/3561316?loc=goods_rank
컬쳐,99,U2ECU3306BK,UFC SPORT,UFC X 나무13 라스베가스 포스터 블랙 U2ECU3306BK,13000,12350,7,https://www.musinsa.com/app/goods/3561320?loc=goods_rank
컬쳐,100,8809905895948,BALLOON FRIENDS,WTF 정사각 포스터,"
                                                                                                                                                7500",7500,,https://www.musinsa.com/app/goods/3573299?loc=goods_rank
