﻿카테고리,순위,품번,브랜드명,상품명(한글),판매가,비회원가,좋아요 수,URL
리빙,1,APOGSPLBL01GN,APIECEOFCAKE,Signature Bear Cushion&Blanket_Green,45000,45000,4524,https://www.musinsa.com/app/goods/1798257?loc=goods_rank
리빙,2,DP-DBN,DE:PROJECT,디버니 차량용방향제,"
                                                                                                                                                49000",49000,105,https://www.musinsa.com/app/goods/2441391?loc=goods_rank
리빙,3,6966010718,LEERE STUDIO,120x50(cm) eazy 영수증 러그,42000,36900,153,https://www.musinsa.com/app/goods/3309798?loc=goods_rank
리빙,4,APOGFWLRG01,APIECEOFCAKE,TD Rug_Green,45000,18000,516,https://www.musinsa.com/app/goods/2985412?loc=goods_rank
리빙,5,PAACCB102WT,PAIRS DELI&GROCERY,Coaster White,12000,12000,53,https://www.musinsa.com/app/goods/2615948?loc=goods_rank
리빙,6,TN400HLDA,SIDIZ,T40 컴퓨터 책상 의자 화이트 (HLDA),"
                                                                                                                                                319000",319000,31,https://www.musinsa.com/app/goods/3065610?loc=goods_rank
리빙,7,MIGH0001-BK,MUSINSA STANDARD,무신사 스탠다드 상의용 옷걸이 10팩 [블랙],"
                                                                                                                                                15900",15900,11690,https://www.musinsa.com/app/goods/1136908?loc=goods_rank
리빙,8,PAACCB101DI,PAIRS DELI&GROCERY,Waist Apron Denim,48000,48000,104,https://www.musinsa.com/app/goods/2615817?loc=goods_rank
리빙,9,TNB501FE,SIDIZ,아이블 서울대 의자 화이트,"
                                                                                                                                                184000",184000,188,https://www.musinsa.com/app/goods/3064340?loc=goods_rank
리빙,10,5003460721,SAMICK,어썸 통세라믹 4인용 원목 식탁 테이블,433200,169000,1,https://www.musinsa.com/app/goods/3464227?loc=goods_rank
리빙,11,ACCL1MMGG,FREORA,랑엔탈 아이 매트리스,"
                                                                                                                                                150000",150000,12,https://www.musinsa.com/app/goods/2264160?loc=goods_rank
리빙,12,ZLUV2353,ZIKLAG,UV 차단 암막 3단 자동 양우산 2color,41900,41900,2297,https://www.musinsa.com/app/goods/3308959?loc=goods_rank
리빙,13,2+1,HETRAS,프리미엄 대용량 디퓨저 500ml 3개 선물세트,"
                                                                                                                                                26100",26100,536,https://www.musinsa.com/app/goods/2803439?loc=goods_rank
리빙,14,5002766289,BOWELL,먼지없는 알러지케어 무형광솜 차렵이불 S/SS Q 7colors,107000,79900,112,https://www.musinsa.com/app/goods/3198354?loc=goods_rank
리빙,15,ZI4ULT0005,STIGMA,ZIPPO X STIGMA MASTER PEIECE BR,"
                                                                                                                                                69000",69000,117,https://www.musinsa.com/app/goods/1207141?loc=goods_rank
리빙,16,11 H-STRAP,GONG APRON,[이니셜자수 무료] H스트랩 앞치마 (블랙데님),"
                                                                                                                                                66000",66000,609,https://www.musinsa.com/app/goods/1369104?loc=goods_rank
리빙,17,MMJGH003-BK,MUSINSA STANDARD,무신사 스탠다드 아우터용 옷걸이 10팩 [블랙],16900,15190,5355,https://www.musinsa.com/app/goods/1291189?loc=goods_rank
리빙,18,104833,BOWELL,먼지없는 알러지케어 베개커버 50x70 11colors,"
                                                                                                                                                15000",15000,35,https://www.musinsa.com/app/goods/3178200?loc=goods_rank
리빙,19,PFOKR38004,FORMENT,시그니처 퍼퓸 섬유유연제 500ml (2종 택1),19000,13500,516,https://www.musinsa.com/app/goods/1892696?loc=goods_rank
리빙,20,ZK-EPIWD-01,ZINUS,웨지 필로우 브라운,61000,48800,10,https://www.musinsa.com/app/goods/2861482?loc=goods_rank
리빙,21,M220810FP002,SLEEPTIGHT OBJECT,walking people 패브릭 포스터 - 2 size,"
                                                                                                                                                45000",45000,206,https://www.musinsa.com/app/goods/2710329?loc=goods_rank
리빙,22,5000908482,SOSOMOSO,심플 파스타볼 2P,16200,5000,457,https://www.musinsa.com/app/goods/2901386?loc=goods_rank
리빙,23,MMBGD103-DG,MUSINSA STANDARD,코마 30수 호텔 수건 10팩 [다크 그레이],"
                                                                                                                                                43900",43900,4026,https://www.musinsa.com/app/goods/2526201?loc=goods_rank
리빙,24,TN213AOTHD01WH,THISISNEVERTHAT,Elvis Blanket White,99000,39600,573,https://www.musinsa.com/app/goods/2065211?loc=goods_rank
리빙,25,MMBGD103-WH,MUSINSA STANDARD,코마 30수 호텔 수건 10팩 [화이트],43900,39490,784,https://www.musinsa.com/app/goods/2743561?loc=goods_rank
리빙,26,ECARABINER-TI-DGY,ELAGO,티타늄 다용도 카라비너,"
                                                                                                                                                38000",38000,194,https://www.musinsa.com/app/goods/2245777?loc=goods_rank
리빙,27,Kimana_PP_행복한 상상,TOUNOU,"Kimana 작가, 행복한 상상 베개 커버","
                                                                                                                                                36900",36900,23,https://www.musinsa.com/app/goods/3435504?loc=goods_rank
리빙,28,IK2DFMAB74AGN,ISTKUNST,BTY 러그_그린(IK2DFMAB74A),39000,33100,115,https://www.musinsa.com/app/goods/3487637?loc=goods_rank
리빙,29,믹싱볼3P세트,PYREX,파이렉스 x 노티드 유리 믹싱볼 880ml + 1.4L + 2.4L 3P 세트 패키지,"
                                                                                                                                                29900",29900,1,https://www.musinsa.com/app/goods/3538089?loc=goods_rank
리빙,30,ANF0139,ALL NEW FRAME,발매트 - 고영희 삼형제,31000,27900,670,https://www.musinsa.com/app/goods/2884230?loc=goods_rank
리빙,31,PWIKR450271,WIGGLE WIGGLE,암막 양우산 - Garden,34000,27200,856,https://www.musinsa.com/app/goods/3042236?loc=goods_rank
리빙,32,gbhhome,GBH HOME,X TWB PREMIUM TOWEL 3EA SET WHITE (페이스타월 3개입),"
                                                                                                                                                27000",27000,6,https://www.musinsa.com/app/goods/3396806?loc=goods_rank
리빙,33,102424,MOOAS,클린업 자동 센서 휴지통 쓰레기통 11L,29900,26800,94,https://www.musinsa.com/app/goods/2914084?loc=goods_rank
리빙,34,ZK-PICT-01,ZINUS,컨투어 필로우,31000,24800,11,https://www.musinsa.com/app/goods/2861464?loc=goods_rank
리빙,35,3109,PARACHASE,3109 빅 사이즈 K4 자동 3단 우산,"
                                                                                                                                                23000",23000,2417,https://www.musinsa.com/app/goods/1390980?loc=goods_rank
리빙,36,301919149,STAY24,타임 보온보냉 텀블러 500ml,"
                                                                                                                                                23000",23000,44,https://www.musinsa.com/app/goods/2502580?loc=goods_rank
리빙,37,D11BBM,CROWCANYON,D11 머그 베이비블루마블,"
                                                                                                                                                20000",20000,118,https://www.musinsa.com/app/goods/1649291?loc=goods_rank
리빙,38,D99BBM,CROWCANYON,D99 플랫플레이트 베이비블루마블,"
                                                                                                                                                20000",20000,155,https://www.musinsa.com/app/goods/1649783?loc=goods_rank
리빙,39,726782,SHOOPEN,[슈펜X드롭드롭드롭] 3단 자동우산 BLQS78A06,29900,19430,552,https://www.musinsa.com/app/goods/2576312?loc=goods_rank
리빙,40,10,MORL HOME,[선물포장] 버블 티슈케이스 3사이즈 2컬러,"
                                                                                                                                                19000",19000,544,https://www.musinsa.com/app/goods/2877806?loc=goods_rank
리빙,41,PWIKR410098,WIGGLE WIGGLE,욕실 슬리퍼 - Bubble Bear,21800,18900,1628,https://www.musinsa.com/app/goods/3184515?loc=goods_rank
리빙,42,GoStak,BLENDER BOTTLE,고스택 4Pak,19900,16915,43,https://www.musinsa.com/app/goods/2832834?loc=goods_rank
리빙,43,classic28V2,BLENDER BOTTLE,클래식28 V2 828ml,17900,16110,203,https://www.musinsa.com/app/goods/1749207?loc=goods_rank
리빙,44,1538678,WIGGLE WIGGLE,투명우산 시즌2,16800,15100,3588,https://www.musinsa.com/app/goods/1476068?loc=goods_rank
리빙,45,GBR_4922207839,OHZETI CANDLE,구미베어 캔들 세트(캔들2p),"
                                                                                                                                                14500",14500,24,https://www.musinsa.com/app/goods/3233746?loc=goods_rank
리빙,46,3227031,SNUGGLE,초고농축 섬유유연제 허거블 코튼 1.8L,14500,13500,125,https://www.musinsa.com/app/goods/3227031?loc=goods_rank
리빙,47,1577927,WIGGLE WIGGLE,주차번호판_2,13800,13100,852,https://www.musinsa.com/app/goods/1735190?loc=goods_rank
리빙,48,1143561,ILOVEPAINTING,DIY종이판형 스폰지밥 보석십자수 20x20cm 신나는하루,"
                                                                                                                                                12500",12500,3,https://www.musinsa.com/app/goods/2654778?loc=goods_rank
리빙,49,MC_5008820396,OHZETI CANDLE,미니 캐니스터 캔들,"
                                                                                                                                                12500",12500,34,https://www.musinsa.com/app/goods/3233707?loc=goods_rank
리빙,50,HAP941BLK,LOCKNLOCK,액티브 라지 물병 1.5L - 블랙,"
                                                                                                                                                11900",11900,96,https://www.musinsa.com/app/goods/2798949?loc=goods_rank
리빙,51,check black,MIX&MATCH,[사은품증정]체커보드 극세사 밍크 양털 담요 3size,14900,11900,4826,https://www.musinsa.com/app/goods/2821809?loc=goods_rank
리빙,52,PFOKR20002,FORMENT,시그니처 퍼퓸 사쉐_2매입,15000,10400,123,https://www.musinsa.com/app/goods/2035321?loc=goods_rank
리빙,53,메쉬 필통파우치(2021),BYMOSS,메쉬 필통파우치(2021),"
                                                                                                                                                10000",10000,681,https://www.musinsa.com/app/goods/1667173?loc=goods_rank
리빙,54,LCB400S01,LOCKNLOCK,DOSILOCK 밀프렙 3P,12900,7900,356,https://www.musinsa.com/app/goods/2668024?loc=goods_rank
리빙,55,boombasic_7,BOOMBASIC,린넨 쿠션커버 L (5 color),25000,6900,86,https://www.musinsa.com/app/goods/1491010?loc=goods_rank
리빙,56,00091,HEVITZ,5504 레더 캐스킷,"
                                                                                                                                                69000",69000,133,https://www.musinsa.com/app/goods/119922?loc=goods_rank
리빙,57,9S30,RUBBERMAID,브루트 토트박스 53L,"
                                                                                                                                                73700",73700,108,https://www.musinsa.com/app/goods/231821?loc=goods_rank
리빙,58,mosh!_450_핑크 pink,MOSH,보온 보냉 텀블러 450 핑크,"
                                                                                                                                                36800",36800,49,https://www.musinsa.com/app/goods/471480?loc=goods_rank
리빙,59,5501,HEVITZ,5501 와이즈 펜슬 케이스 복스,"
                                                                                                                                                42000",42000,61,https://www.musinsa.com/app/goods/479259?loc=goods_rank
리빙,60,mosh!_280ml_아이보리,MOSH,보온 보냉 텀블러 280ml 민트,"
                                                                                                                                                31000",31000,21,https://www.musinsa.com/app/goods/572359?loc=goods_rank
리빙,61,mosh!_280ml_아이보리,MOSH,보온 보냉 텀블러 280ml 스카이,"
                                                                                                                                                31000",31000,18,https://www.musinsa.com/app/goods/572361?loc=goods_rank
리빙,62,118573,NEXTORCH,팰러스 택티컬 펜 (그린),"
                                                                                                                                                43200",43200,3,https://www.musinsa.com/app/goods/661018?loc=goods_rank
리빙,63,10804,HELINOX,택티컬 엄브렐라 - 블랙,"
                                                                                                                                                68000",68000,115,https://www.musinsa.com/app/goods/706822?loc=goods_rank
리빙,64,10805,HELINOX,택티컬 엄브렐라 - 폴리지 그린,"
                                                                                                                                                68000",68000,79,https://www.musinsa.com/app/goods/706823?loc=goods_rank
리빙,65,MMAUM004-BK,MUSINSA STANDARD,UV 차단 자동 장우산 [블랙],"
                                                                                                                                                19900",19900,5806,https://www.musinsa.com/app/goods/793813?loc=goods_rank
리빙,66,MMAUM004-NA,MUSINSA STANDARD,UV 차단 자동 장우산 [네이비],"
                                                                                                                                                19900",19900,1171,https://www.musinsa.com/app/goods/793814?loc=goods_rank
리빙,67,MMAUM004-KH,MUSINSA STANDARD,UV 차단 자동 장우산 [카키],"
                                                                                                                                                19900",19900,1498,https://www.musinsa.com/app/goods/793815?loc=goods_rank
리빙,68,MMAUM002-BK,MUSINSA STANDARD,UV 차단 3단 우양산 [블랙],"
                                                                                                                                                16900",16900,3340,https://www.musinsa.com/app/goods/793816?loc=goods_rank
리빙,69,18UMB001,WILD BRICKS,WB UMBRELLA (burgundy),"
                                                                                                                                                59000",59000,67,https://www.musinsa.com/app/goods/807156?loc=goods_rank
리빙,70,mosh!_450ml_레드,MOSH,보온보냉 라떼 텀블러 450ml 레드,"
                                                                                                                                                38800",38800,30,https://www.musinsa.com/app/goods/907607?loc=goods_rank
리빙,71,18ss 앞치마,ATEMPO,앞치마 (2 Color),69000,27600,44,https://www.musinsa.com/app/goods/907723?loc=goods_rank
리빙,72,mosh_라탄_모슈커버,MOSH,라탄 텀블러 커버 for 모슈 텀블러,"
                                                                                                                                                12000",12000,65,https://www.musinsa.com/app/goods/917464?loc=goods_rank
리빙,73,8809415897586,TABLETALK,캔버스 필통,"
                                                                                                                                                18000",18000,940,https://www.musinsa.com/app/goods/963707?loc=goods_rank
리빙,74,antlstk99mo24,MONBRIC,스트라이프 하프 에이프런,44500,40050,10,https://www.musinsa.com/app/goods/989195?loc=goods_rank
리빙,75,campus jumbo stick,CAMPERS,시트로넬라 점보 인센스 스틱,"
                                                                                                                                                6500",6500,33,https://www.musinsa.com/app/goods/1099427?loc=goods_rank
리빙,76,campus mini stick,CAMPERS,레몬그라스 미니 인센스 스틱,"
                                                                                                                                                5500",5500,93,https://www.musinsa.com/app/goods/1099446?loc=goods_rank
리빙,77,EDFSC,ELAGO,실리콘 차량용 방향제,"
                                                                                                                                                23000",23000,16,https://www.musinsa.com/app/goods/1108303?loc=goods_rank
리빙,78,1426223,DANSOON,원컵 캡슐커피 보온 보냉 텀블러,16000,13300,112,https://www.musinsa.com/app/goods/1136301?loc=goods_rank
리빙,79,MIGH0002-BK,MUSINSA STANDARD,무신사 스탠다드 하의용 옷걸이 8팩 [블랙],"
                                                                                                                                                15900",15900,7811,https://www.musinsa.com/app/goods/1136909?loc=goods_rank
리빙,80,2332849,KLEANKANTEEN,클린켄틴 스트로우 텀블러 473ml,"
                                                                                                                                                37000",37000,14,https://www.musinsa.com/app/goods/1191472?loc=goods_rank
리빙,81,ZI4ULT0004,STIGMA,ZIPPO X STIGMA MASTER PEIECE SV,"
                                                                                                                                                69000",69000,266,https://www.musinsa.com/app/goods/1207138?loc=goods_rank
리빙,82,ZI4ULT0007,STIGMA,ZIPPO X STIGMA NMS BK,"
                                                                                                                                                73000",73000,41,https://www.musinsa.com/app/goods/1207165?loc=goods_rank
리빙,83,ZI4ULT0017,STIGMA,ZIPPO X STIGMA FEEL GOOD SI,"
                                                                                                                                                73000",73000,136,https://www.musinsa.com/app/goods/1207262?loc=goods_rank
리빙,84,NI_19FW_BF001BE,NORDICISLAND,후리스 블랑또 - 베이지,"
                                                                                                                                                39000",39000,267,https://www.musinsa.com/app/goods/1209922?loc=goods_rank
리빙,85,19,LE_DAZZLE,향기오브제 3color 4scent,"
                                                                                                                                                20500",20500,651,https://www.musinsa.com/app/goods/1236766?loc=goods_rank
리빙,86,D001050,CONVEYG,차량용 우드 리드 디퓨저,"
                                                                                                                                                18000",18000,360,https://www.musinsa.com/app/goods/1278258?loc=goods_rank
리빙,87,11 H-STRAP,GONG APRON,[이니셜자수 무료] H스트랩 앞치마 (데님),"
                                                                                                                                                66000",66000,439,https://www.musinsa.com/app/goods/1286499?loc=goods_rank
리빙,88,11 H-STRAP,GONG APRON,[이니셜자수 무료] H스트랩 앞치마 (머랭화이트),"
                                                                                                                                                64500",64500,135,https://www.musinsa.com/app/goods/1286500?loc=goods_rank
리빙,89,SBV17,ASOBU,프리미엄 스테인레스 텀블러 500ML 센트럴파크 - 2 Colors,49900,24900,129,https://www.musinsa.com/app/goods/1287857?loc=goods_rank
리빙,90,SBV30-SILVER,ASOBU,프리미엄 스테인레스 텀블러 420ML 오브 실버,49900,24900,217,https://www.musinsa.com/app/goods/1287861?loc=goods_rank
리빙,91,SBV23,ASOBU,프리미엄 스테인레스 텀블러 600ML 오아시스 3 Colors,54900,24900,27,https://www.musinsa.com/app/goods/1287862?loc=goods_rank
리빙,92,Cushion_3type_head,MUTO,소프트 헤드쿠션,49000,29400,35,https://www.musinsa.com/app/goods/1300263?loc=goods_rank
리빙,93,MMJGD001-BK,MUSINSA STANDARD,무신사 스탠다드 테이프 클리너 [블랙],14900,9590,2188,https://www.musinsa.com/app/goods/1306914?loc=goods_rank
리빙,94,1474587,DANSOON,펜파우치 대 잉크젤펜3종 세트,16100,13600,345,https://www.musinsa.com/app/goods/1310193?loc=goods_rank
리빙,95,1474588,DANSOON,단순생활 펜파우치 소 잉크젤펜3종 세트,14100,11900,449,https://www.musinsa.com/app/goods/1310194?loc=goods_rank
리빙,96,1474590,DANSOON,EVA방수 펜케이스 화이트 잉크젤펜3종 세트,11600,10200,176,https://www.musinsa.com/app/goods/1310196?loc=goods_rank
리빙,97,1474592,DANSOON,반투명 필통중 잉크젤펜3종 세트,9900,8900,112,https://www.musinsa.com/app/goods/1310199?loc=goods_rank
리빙,98,1474600,DANSOON,디자인문구 반투명 필통 심플세트,11400,9900,88,https://www.musinsa.com/app/goods/1310468?loc=goods_rank
리빙,99,20SS-AC-13,AJOBYAJO,[Double Lovers X AJOBYAJO] Perfect Blue Face Fan [White],12000,8400,97,https://www.musinsa.com/app/goods/1332007?loc=goods_rank
리빙,100,SANGUINE,SANGUINE,차량용 디퓨저 리필 테라코타,"
                                                                                                                                                5500",5500,48,https://www.musinsa.com/app/goods/1371335?loc=goods_rank
