﻿카테고리,순위,품번,브랜드명,상품명(한글),판매가,비회원가,좋아요 수,URL
디지털테크,1,SE215SPE-PL-A,SHURE,SE215SPE Purple 사운드 아이솔레이팅  이어폰,151000,116000,53,https://www.musinsa.com/app/goods/2932230?loc=goods_rank
디지털테크,2,WH-XB910N,SONY,WH-XB910N 엑스트라 베이스 노이즈캔슬링 무선 헤드폰,"
                                                                                                                                                229000",229000,5791,https://www.musinsa.com/app/goods/2298134?loc=goods_rank
디지털테크,3,5002850121,DEVERS,변색방지 카드수납 아이폰 14/13/12/11/미니/프로/맥스/XS/XR/SE2/SE3/8/S23/S22/S21/S20/ 전기종 휴대폰 투명 카드 케이스,24000,7300,1043,https://www.musinsa.com/app/goods/3140978?loc=goods_rank
디지털테크,4,C228CARE02KHF,CUECLYP,커넥티드 에어팟 케이스 3 (Pro/3세대) - 카키,"
                                                                                                                                                22000",22000,30,https://www.musinsa.com/app/goods/2741427?loc=goods_rank
디지털테크,5,forest case,FOGBOW,forest case,"
                                                                                                                                                19000",19000,150,https://www.musinsa.com/app/goods/3141560?loc=goods_rank
디지털테크,6,airpods,GEEKY,[에어팟케이스/투명] Touchable Concrete No.01,19900,16900,1705,https://www.musinsa.com/app/goods/1508003?loc=goods_rank
디지털테크,7,EAPP2SC-OR,ELAGO,에어팟프로2 오리지널 베이직 케이스,"
                                                                                                                                                12900",12900,116,https://www.musinsa.com/app/goods/3096466?loc=goods_rank
디지털테크,8,5003404350,EARPEARP,갤럭시 Z플립5 HUG COVY AND CHICHI-WHITE(Z플립-하드),19000,11900,12,https://www.musinsa.com/app/goods/3284655?loc=goods_rank
디지털테크,9,5002982222,DEVERS,글라스 강화 액정 보호필름 아이폰 14/13/12/11/XS/XR 갤럭시 S22/S21/노트20 휴대폰필름,12900,5900,172,https://www.musinsa.com/app/goods/3169472?loc=goods_rank
디지털테크,10,NL1AC03BKF,FENNEC,CNS AIRPODS CASE - BLACK,23000,9900,90,https://www.musinsa.com/app/goods/2493806?loc=goods_rank
디지털테크,11,5001934836,APPLE,에어팟 프로 2세대 맥세이프 호환 (MQD83KH/A),"
                                                                                                                                                375000",375000,1462,https://www.musinsa.com/app/goods/2926386?loc=goods_rank
디지털테크,12,HKAURAS4BLKAS,HARMAN KARDON,오라스튜디오4 블루투스 스피커,"
                                                                                                                                                319000",319000,13,https://www.musinsa.com/app/goods/3416793?loc=goods_rank
디지털테크,13,PNTS-RFM-E-SN,SNOOPY,피너츠 스누피 피규어 무선 마우스,"
                                                                                                                                                29900",29900,87,https://www.musinsa.com/app/goods/3403208?loc=goods_rank
디지털테크,14,2051462,BEBE CASE,[1+1] 방탄 클리어 캡슐 투명젤리 케이스,11400,6900,10362,https://www.musinsa.com/app/goods/1894565?loc=goods_rank
디지털테크,15,SM-R510,SAMSUNG ELECTRONICS,갤럭시 버즈2 프로  블루투스이어폰 SM-R510,279000,173000,1504,https://www.musinsa.com/app/goods/2706599?loc=goods_rank
디지털테크,16,5002850122,DEVERS,아이폰 카드수납 젤리 케이스 14/13/12/11/미니/프로/플러스/맥스/XS/SR/SE3/SE2/8/7 전기종,22000,6700,282,https://www.musinsa.com/app/goods/3140976?loc=goods_rank
디지털테크,17,CLEARCASE-IP,SINJIMORU,아이폰 15/14/13/12/프로/미니/11/맥스/X/XS/XR/Max/SE2/SE3/7/8 전기종 에어로핏/에어클로/에어쉴드 핸드폰 투명 슬림 범퍼 하드 케이스,14900,10430,7401,https://www.musinsa.com/app/goods/1750715?loc=goods_rank
디지털테크,18,구스페리,MERCURY,휴대용 도킹형 미니 보조배터리 아이폰 8핀 갤럭시 C타입,25900,11900,899,https://www.musinsa.com/app/goods/3272242?loc=goods_rank
디지털테크,19,SM-R177,SAMSUNG ELECTRONICS,갤럭시 버즈2 블루투스이어폰 SM-R177,149000,94000,5913,https://www.musinsa.com/app/goods/2055271?loc=goods_rank
디지털테크,20,ASK-IPS,SINJIMORU,아이폰15/14/13/12/11/프로/맥스/미니/플러스/SE3/SE2/8/갤럭시/S/노트/22/21/20/플러스/울트라에어스키니 초슬림 매트 컬러 케이스,24900,9960,3752,https://www.musinsa.com/app/goods/2112323?loc=goods_rank
디지털테크,21,WH-CH520,SONY,WH-CH520 초경량 무선 블루투스 헤드셋,"
                                                                                                                                                89000",89000,5044,https://www.musinsa.com/app/goods/3104558?loc=goods_rank
디지털테크,22,3T-0247,3130STUDIO,도즈 블루 캣 케이스,"
                                                                                                                                                21900",21900,287,https://www.musinsa.com/app/goods/3121665?loc=goods_rank
디지털테크,23,1231564,LOGITECH,로지텍코리아 LIFT 컴팩트 인체공학 무선 블루투스 버티컬 마우스,"
                                                                                                                                                79000",79000,789,https://www.musinsa.com/app/goods/2504949?loc=goods_rank
디지털테크,24,5000043137,DESIGNSKIN,[케이스+필름]갤럭시Z폴드4 피닉스 프로 카드슬롯 올인원 세트,"
                                                                                                                                                71800",71800,,https://www.musinsa.com/app/goods/2712619?loc=goods_rank
디지털테크,25,5006137863,RAZER,코브라 Cobra 유선 마우스,"
                                                                                                                                                69000",69000,8,https://www.musinsa.com/app/goods/3430075?loc=goods_rank
디지털테크,26,SN100003,PLAYSTATION,PS5 듀얼센스 무선 컨트롤러 화이트,79800,67800,139,https://www.musinsa.com/app/goods/2635256?loc=goods_rank
디지털테크,27,361134,GRIPTOK,그립톡 트윙클페인트 스마트톡,18900,15900,2758,https://www.musinsa.com/app/goods/1781449?loc=goods_rank
디지털테크,28,AW_TPU,SINJIMORU,[2+1]애플워치 전기종 8세대/울트라/7세대/6세대/5세대/4세대/SE 풀커버 TPU 전면+후면 액정 보호 필름(40mm/44mm/49mm),"
                                                                                                                                                15900",15900,140,https://www.musinsa.com/app/goods/2086476?loc=goods_rank
디지털테크,29,5003584019,COQUAD,[1+1+1] 아이큐티 클리어 투명 젤리 기본케이스 iPhone/Galaxy/LG 전기종,38700,38700,1235,https://www.musinsa.com/app/goods/3338086?loc=goods_rank
디지털테크,30,2.5D-IP,SINJIMORU,아이폰 전기종 2.5D 강화유리 액정보호필름(2매),6900,5520,1930,https://www.musinsa.com/app/goods/1500804?loc=goods_rank
디지털테크,31,Z1,MATT,갤럭시 Z플립 전기종 Z플립4 스틴 소가죽 미니백 케이스 시리즈,"
                                                                                                                                                49000",49000,39,https://www.musinsa.com/app/goods/2720651?loc=goods_rank
디지털테크,32,"TW-MCP2-BK,TW-MCP2-WH",TANGLEWOOD,맥 포터블 3 in 1 프로 무선 충전기,59000,47200,17,https://www.musinsa.com/app/goods/3490766?loc=goods_rank
디지털테크,33,STG_PV2P,SINJIMORU,신지글래스 아이폰 전기종 사생활보호 풀커버 강화유리 2매,14900,11175,1057,https://www.musinsa.com/app/goods/1977391?loc=goods_rank
디지털테크,34,울트라씬 투명 젤리케이스,NUART,[4개입] 아이폰15/14/13/12/11 갤럭시S/노트 울트라씬 투명 젤리케이스,14900,10900,259,https://www.musinsa.com/app/goods/2754311?loc=goods_rank
디지털테크,35,SM-M1300QB,SAMSUNG ELECTRONICS,무선 버티컬 마우스 SM-M1300QB 멀티페어링 블루투스 저소음 인체공학 무선 마우스,"
                                                                                                                                                39900",39900,45,https://www.musinsa.com/app/goods/3273246?loc=goods_rank
디지털테크,36,NL1AC03NVF,FENNEC,CNS AIRPODS CASE - NAVY,23000,9900,67,https://www.musinsa.com/app/goods/2493816?loc=goods_rank
디지털테크,37,5003217861,EARPEARP,SHOPPING POPO-IVORY(슬라이드),22000,9900,28,https://www.musinsa.com/app/goods/3237342?loc=goods_rank
디지털테크,38,폰케이스,D'PARKS,Magazine 2컬러 트윙클/교체형케이스 (커버+바디프레임세트),"
                                                                                                                                                38500",38500,38,https://www.musinsa.com/app/goods/2614104?loc=goods_rank
디지털테크,39,폰케이스,D'PARKS,American flag 카드수납&거치/교체형 폰케이스 (커버+바디프레임세트),"
                                                                                                                                                38500",38500,781,https://www.musinsa.com/app/goods/2642173?loc=goods_rank
디지털테크,40,폰케이스,D'PARKS,호아킨 소로야-Italian girl and flowers 카드수납&거치/교체형 폰케이스 (커버+바디프레임세트),"
                                                                                                                                                37900",37900,343,https://www.musinsa.com/app/goods/2704846?loc=goods_rank
디지털테크,41,HY-168,OSNER,아이핸디 핸디형 스팀다리미,"
                                                                                                                                                37900",37900,35,https://www.musinsa.com/app/goods/3417630?loc=goods_rank
디지털테크,42,2348380,KAKAOFRIENDS PARTNERS,사각 PD 보조배터리 10000mAh,39000,36900,403,https://www.musinsa.com/app/goods/1496852?loc=goods_rank
디지털테크,43,CH-352,MCDODO,GaN PD3.0 PPS 33W 초고속 미니 충전기+C타입 to 8핀 케이블 CH352,42000,36000,30,https://www.musinsa.com/app/goods/3143823?loc=goods_rank
디지털테크,44,Galaxy Buzz Pro2-TPU,SINJIMORU,변색방지 TPU 갤럭시 버즈2 프로 라이브 버즈 케이스,10900,8720,104,https://www.musinsa.com/app/goods/3141955?loc=goods_rank
디지털테크,45,11721789,BOOGIE WOOGIE,슬림하드 케이스 스마트톡 세트 - 멍멍로켓(Doggy Rocket),"
                                                                                                                                                33000",33000,34,https://www.musinsa.com/app/goods/1916708?loc=goods_rank
디지털테크,46,P2BC-2818,KOKIRILIVING,태블릿 핸드폰 거치대 3세대 size대,"
                                                                                                                                                32900",32900,96,https://www.musinsa.com/app/goods/3408374?loc=goods_rank
디지털테크,47,M350,LOGITECH,로지텍코리아 M350 페블 무소음 무선 블루투스 마우스,"
                                                                                                                                                32400",32400,1314,https://www.musinsa.com/app/goods/2107332?loc=goods_rank
디지털테크,48,TN223WOTCA01NA,THISISNEVERTHAT,Leicht iPad Sleeve Navy,45000,31500,360,https://www.musinsa.com/app/goods/2719569?loc=goods_rank
디지털테크,49,272030,MAZI UNTITLED,[x NO COFFEE] 아이폰 카드케이스 (3컬러),"
                                                                                                                                                28000",28000,501,https://www.musinsa.com/app/goods/2868679?loc=goods_rank
디지털테크,50,G102ic 2세대,LOGITECH,로지텍코리아 G102ic 2세대 LIGHTSYNC 유선 마우스 8000DPI,"
                                                                                                                                                26400",26400,194,https://www.musinsa.com/app/goods/2717823?loc=goods_rank
디지털테크,51,5003584018,COQUAD,[1+1+1] 에어씬 1mm 초슬림 투명 하드 투명케이스 아이폰12/13/14/Mini/Pro/ProMax/Plus/S21/S22/23,38700,38700,710,https://www.musinsa.com/app/goods/3338085?loc=goods_rank
디지털테크,52,5000297616,SMARTEK,무선 블루투스 헤드폰  STBT-H350MAX,"
                                                                                                                                                24900",24900,194,https://www.musinsa.com/app/goods/2810000?loc=goods_rank
디지털테크,53,MAX FOR B2P PB,AZLA,SednaEarfit 이어팁 맥스 For 갤럭시 버즈2 프로 팬텀블랙,"
                                                                                                                                                24900",24900,15,https://www.musinsa.com/app/goods/3403083?loc=goods_rank
디지털테크,54,13MCWDGR,AVO FRIENDS,우드워커마로니 그린 맥세이프 카드지갑 + 자석 링 증정,"
                                                                                                                                                24900",24900,6,https://www.musinsa.com/app/goods/3551374?loc=goods_rank
디지털테크,55,ART,SHARON6,시그니처 아이폰 케이스 아트,39900,22900,3274,https://www.musinsa.com/app/goods/1095783?loc=goods_rank
디지털테크,56,102308,MOOAS,스마트 체성분 체중계,24800,22700,30,https://www.musinsa.com/app/goods/2442297?loc=goods_rank
디지털테크,57,AJ-002,ACHROHOUSE,아이폰 핸드폰 케이스 아이즈,"
                                                                                                                                                22000",22000,2540,https://www.musinsa.com/app/goods/2309691?loc=goods_rank
디지털테크,58,36bongus,BONGUSWARE,Buy some fruit: TOMATO case,"
                                                                                                                                                22000",22000,938,https://www.musinsa.com/app/goods/3003357?loc=goods_rank
디지털테크,59,3T-0125,3130STUDIO,토일렛 캣 케이스,"
                                                                                                                                                21900",21900,1747,https://www.musinsa.com/app/goods/2355632?loc=goods_rank
디지털테크,60,3T-0192,3130STUDIO,인 더 픽처 블루 캣 케이스,"
                                                                                                                                                21900",21900,1040,https://www.musinsa.com/app/goods/2929891?loc=goods_rank
디지털테크,61,gg_tbj,108SEOUL,108 GLARE GREEN(tank-bumper-jelly),"
                                                                                                                                                21900",21900,1899,https://www.musinsa.com/app/goods/3066248?loc=goods_rank
디지털테크,62,3T-0291,3130STUDIO,그룸 블루캣 케이스,"
                                                                                                                                                21900",21900,82,https://www.musinsa.com/app/goods/3385220?loc=goods_rank
디지털테크,63,3T-0292,3130STUDIO,브라이드 블루캣 케이스,"
                                                                                                                                                21900",21900,105,https://www.musinsa.com/app/goods/3385242?loc=goods_rank
디지털테크,64,message,GEEKY,[투명] Message no.27,27000,19900,1296,https://www.musinsa.com/app/goods/1787475?loc=goods_rank
디지털테크,65,5003750224,DEVERS,맥북커버 프로 13형/M1/M2 클리어 젤하드 케이스,27000,19900,5,https://www.musinsa.com/app/goods/3389496?loc=goods_rank
디지털테크,66,molly,GEEKY,[유광/무광] Molly No.19,27000,19900,20,https://www.musinsa.com/app/goods/3413332?loc=goods_rank
디지털테크,67,.,ROMANE,Little PaPer 리틀페퍼 실리콘 케이스 for iPhone 6 6S 7 8 SE2 X XS,"
                                                                                                                                                19800",19800,194,https://www.musinsa.com/app/goods/2091994?loc=goods_rank
디지털테크,68,5003594426,AMBAND,무빙 포트리스 스포츠 매트블랙,62000,19800,106,https://www.musinsa.com/app/goods/3243459?loc=goods_rank
디지털테크,69,8809905896419,BALLOON FRIENDS,카드수납 젤하드 탱크 폰케이스 - FLT 그린,22000,19800,118,https://www.musinsa.com/app/goods/3442204?loc=goods_rank
디지털테크,70,EF-QS918CWEGKR,SAMSUNG ELECTRONICS,갤럭시 S23 울트라 클리어 투명 커버 케이스 EF-QS918,"
                                                                                                                                                19500",19500,11,https://www.musinsa.com/app/goods/3063651?loc=goods_rank
디지털테크,71,YK22SSAC08,WAIKEI,젤리 폰케이스 말티즈 프렌즈,24000,19200,1816,https://www.musinsa.com/app/goods/2328303?loc=goods_rank
디지털테크,72,005,MONGUROOM,샤이닝라이트 갤럭시 아이폰 케이스,"
                                                                                                                                                19000",19000,369,https://www.musinsa.com/app/goods/3261236?loc=goods_rank
디지털테크,73,FJSC069,FAKE JAZZ SOCIAL CLUB,99 RETRO PHONE (PINK) 폰케이스,"
                                                                                                                                                19000",19000,328,https://www.musinsa.com/app/goods/3323271?loc=goods_rank
디지털테크,74,WK22FWAC09NV,WKNDRS,PIXEL AIRPOD 1 2 CASE (NAVY),21000,18900,1579,https://www.musinsa.com/app/goods/2709584?loc=goods_rank
디지털테크,75,m2022040653eb365ae,NATIONAL GEOGRAPHIC MOBILE,에어팟프로/프로2 크리스탈 범퍼 와펜 케이스,"
                                                                                                                                                18900",18900,70,https://www.musinsa.com/app/goods/2988269?loc=goods_rank
디지털테크,76,HB305,PIBIPIBI,HB 305,"
                                                                                                                                                18900",18900,24,https://www.musinsa.com/app/goods/3187612?loc=goods_rank
디지털테크,77,YES933,YESEYESEE,Y.E.S Airpod Pro Case Clear,"
                                                                                                                                                18000",18000,1151,https://www.musinsa.com/app/goods/2564056?loc=goods_rank
디지털테크,78,3T-0251,3130STUDIO,체커보드 프렌드 블루캣 에어팟 프로2 하드 케이스,"
                                                                                                                                                18000",18000,129,https://www.musinsa.com/app/goods/3137307?loc=goods_rank
디지털테크,79,PALETTEPOKEMON,SLBS,포켓몬스터 스트랩 팔레트 for Galaxy Z Flip4,"
                                                                                                                                                17900",17900,19,https://www.musinsa.com/app/goods/3119166?loc=goods_rank
디지털테크,80,FJ3PC07MGF,FENNEC,LEATHER iPHONE 11PRO STRAP POCKET CASE - MOSS GREEN,58000,58000,91,https://www.musinsa.com/app/goods/1544663?loc=goods_rank
디지털테크,81,2074172,REDBEAN,C타입 오픈형 유선이어폰 갤럭시 LG 호환,20500,17400,152,https://www.musinsa.com/app/goods/2589500?loc=goods_rank
디지털테크,82,TC,WIGGLE WIGGLE,갤럭시Z플립5 투명케이스,23000,17200,244,https://www.musinsa.com/app/goods/3455660?loc=goods_rank
디지털테크,83,AIRPODS CASE VER2,SHARON6,[사은품 증정] 에어팟 프로2/프로 디자인 하드 케이스+카라비너,29900,16900,1577,https://www.musinsa.com/app/goods/1919283?loc=goods_rank
디지털테크,84,airpods,GEEKY,[에어팟케이스/에어팟프로] Newtro No.05,19900,16900,107,https://www.musinsa.com/app/goods/3007065?loc=goods_rank
디지털테크,85,5002581107,THE NINEMALL,[BAD SERIES SET 모음전],31900,16900,19,https://www.musinsa.com/app/goods/3108889?loc=goods_rank
디지털테크,86,WK22FWAC13NV,WKNDRS,PIXEL AIRPOD PRO 2 CASE (NAVY),21000,16800,1861,https://www.musinsa.com/app/goods/2975018?loc=goods_rank
디지털테크,87,MACL-IP,SINJIMORU,아이폰15/14/13/12/미니/프로/ 맥스/맥세이프 마그네틱 M에어클로 투명 핸드폰 케이스,21900,16425,657,https://www.musinsa.com/app/goods/2306695?loc=goods_rank
디지털테크,88,BGZFN-NYE07,NEMAME,갤럭시 Z플립3  디자인 케이스[사은품증정],18900,16000,21,https://www.musinsa.com/app/goods/2867903?loc=goods_rank
디지털테크,89,T_6,COSMIC ARCHIVE,[Acrylic tok] Alien 에일리언 왹져 외계인 아크릴톡 (SPEACIAL MIRROR VER.),"
                                                                                                                                                16000",16000,43,https://www.musinsa.com/app/goods/3322151?loc=goods_rank
디지털테크,90,Silicone-MIP,SINJIMORU,아이폰 맥세이프 15/14/13/12/플러스 프로 맥스 미니 실리콘 컬러 소프트그립 휴대폰 케이스,19900,15920,2667,https://www.musinsa.com/app/goods/1990773?loc=goods_rank
디지털테크,91,632086,GRIPTOK,에그패밀리 정품 그립톡,18900,15900,201,https://www.musinsa.com/app/goods/2291971?loc=goods_rank
디지털테크,92,동물친구들 케이스(무광 카드슬림),MPEAK,동물친구들 케이스(무광 카드슬림),"
                                                                                                                                                15900",15900,254,https://www.musinsa.com/app/goods/3175652?loc=goods_rank
디지털테크,93,ES11SC61,ELAGO,아이폰15 14 13 12 SE3 갤럭시S23 S22 S21 실리콘 케이스,24000,15600,1630,https://www.musinsa.com/app/goods/1190721?loc=goods_rank
디지털테크,94,RA01-HPO-MSAL,HANDYHAND,맥세이프 핸디포켓 알루미늄 핸드폰 카드 지갑,16900,15500,14,https://www.musinsa.com/app/goods/3133333?loc=goods_rank
디지털테크,95,PHC203,PHONO PHONO,화이트 버니 2 토끼 반구톡 스마트톡,"
                                                                                                                                                15000",15000,182,https://www.musinsa.com/app/goods/3097828?loc=goods_rank
디지털테크,96,EAPP2CL-HANG-CL,ELAGO,에어팟프로2 클리어 행 케이스 (젤리) (7색상),"
                                                                                                                                                14900",14900,147,https://www.musinsa.com/app/goods/2873371?loc=goods_rank
디지털테크,97,CHACKC01,1AND90,[에어팟 투명 케이스] 도둑 킹 캣,15900,14310,1252,https://www.musinsa.com/app/goods/2744548?loc=goods_rank
디지털테크,98,1573333,WIGGLE WIGGLE,빅사이즈 그립톡 - Smile We Love,16800,14200,809,https://www.musinsa.com/app/goods/1713659?loc=goods_rank
디지털테크,99,케이스,MPEAK,파스텔 카드 젤리 케이스(UV),"
                                                                                                                                                13900",13900,540,https://www.musinsa.com/app/goods/2214246?loc=goods_rank
디지털테크,100,락 범퍼 케이스,NUART,에어팟 프로 프로2세대 락 범퍼 케이스 (4COLOR),20900,13900,208,https://www.musinsa.com/app/goods/3003658?loc=goods_rank
