﻿카테고리,순위,품번,브랜드명,상품명(한글),판매가,비회원가,좋아요 수,URL
전체,1,MB1F0117A,MANYOFACTORY,[사용기한 임박] 퓨어 클렌징 오일 400ml +55ml,49000,14900,316,https://www.musinsa.com/app/goods/3508560?loc=goods_rank
전체,2,IF0641,ADIDAS,삼바 Decon IF0641,"
                                                                                                                                                179000",179000,2610,https://www.musinsa.com/app/goods/3543294?loc=goods_rank
전체,3,IF0642,ADIDAS,삼바 Decon IF0642,"
                                                                                                                                                179000",179000,3238,https://www.musinsa.com/app/goods/3543293?loc=goods_rank
전체,4,EG4959,ADIDAS,슈퍼스타 - 블랙:화이트,"
                                                                                                                                                139000",139000,60425,https://www.musinsa.com/app/goods/1622069?loc=goods_rank
전체,5,1111,LAFUDGESTORE,솔라노 에어플로우 윈드 자켓_Black,74900,37000,3578,https://www.musinsa.com/app/goods/3417474?loc=goods_rank
전체,6,IA4778,ADIDAS,베켄바우어 트랙탑 - 블랙,105000,90900,10443,https://www.musinsa.com/app/goods/3042936?loc=goods_rank
전체,7,GW8206,ADIDAS,토바코 Gruen GW8206,"
                                                                                                                                                139000",139000,4381,https://www.musinsa.com/app/goods/3532933?loc=goods_rank
전체,8,21FLGP20GR,GLW,이지 와이드 데님 팬츠 그레이,52800,42000,121500,https://www.musinsa.com/app/goods/2092852?loc=goods_rank
전체,9,162058C,CONVERSE,척 70 클래식  블랙 162058C,95000,85500,107656,https://www.musinsa.com/app/goods/810034?loc=goods_rank
전체,10,GU01BGR,GAKKAI UNIONS,원턱 와이드 스웨트팬츠 그레이,52000,36400,184220,https://www.musinsa.com/app/goods/2112059?loc=goods_rank
전체,11,2020F11,XERO,Deep One Tuck Sweat Pants [Grey],"
                                                                                                                                                39000",39000,199759,https://www.musinsa.com/app/goods/1551840?loc=goods_rank
전체,12,MMATS701-WH,MUSINSA STANDARD,레이어드 크루 넥 반팔 티셔츠_일반 기장 [화이트],16900,15190,86140,https://www.musinsa.com/app/goods/2086653?loc=goods_rank
전체,13,A02755C,CONVERSE,척70 시즈널 컬러 스쿼럴 프렌드 A02755C,99000,44550,3461,https://www.musinsa.com/app/goods/2987458?loc=goods_rank
전체,14,MMATL411,MUSINSA STANDARD,베이식 긴팔 티셔츠 2팩,37800,32090,67559,https://www.musinsa.com/app/goods/2149254?loc=goods_rank
전체,15,1804050,WHOLOVESART,유니섹스 세미 와이드 밴딩 슬랙스,54000,35900,235479,https://www.musinsa.com/app/goods/750908?loc=goods_rank
전체,16,AC3498,ANOLORCODE,리자드 데님팬츠 (흑청),49000,36750,2245,https://www.musinsa.com/app/goods/3421113?loc=goods_rank
전체,17,TRSDPT02BBL,TRILLION,바이오스톤 워싱 와이드 데님 팬츠 (BEIGE BLUE),54000,28900,44400,https://www.musinsa.com/app/goods/2706287?loc=goods_rank
전체,18,MIPS0004-BK,MUSINSA STANDARD,와이드 히든 밴딩 슬랙스 [블랙],"
                                                                                                                                                41900",41900,93645,https://www.musinsa.com/app/goods/1168906?loc=goods_rank
전체,19,5005341467,LIKE THE MOST,트레이닝 핀턱 와이드 팬츠 2colors,66400,26560,13953,https://www.musinsa.com/app/goods/3443300?loc=goods_rank
전체,20,SPYWD49C01,SPAO,(시티보이) 오버핏 옥스포드 셔츠_SPYWD49C01,39900,35910,67065,https://www.musinsa.com/app/goods/2272830?loc=goods_rank
전체,21,IA4776,ADIDAS,베켄바우어 트랙탑 - 네이비,105000,90900,7105,https://www.musinsa.com/app/goods/3042935?loc=goods_rank
전체,22,MMJJK601-BK,MUSINSA STANDARD,릴렉스드 베이식 블레이저 [블랙],81900,73690,57268,https://www.musinsa.com/app/goods/1558197?loc=goods_rank
전체,23,MIPS0003-BK,MUSINSA STANDARD,세미 와이드 히든 밴딩 슬랙스 [블랙],"
                                                                                                                                                39900",39900,90109,https://www.musinsa.com/app/goods/1149329?loc=goods_rank
전체,24,GU01BBK,GAKKAI UNIONS,원턱 와이드 스웨트팬츠 블랙,52000,36400,58000,https://www.musinsa.com/app/goods/2112061?loc=goods_rank
전체,25,MNPOWOV16820444-100,POLO RALPH LAUREN,커스텀핏 옥스포드 셔츠 - 화이트,"
                                                                                                                                                199000",199000,14130,https://www.musinsa.com/app/goods/1706633?loc=goods_rank
전체,26,TRSHT04NV,TRILLION,컬러 배색 1992 그래픽 후드 (NAVY),49800,39800,39540,https://www.musinsa.com/app/goods/2995119?loc=goods_rank
전체,27,PT024BK,NOT4NERD,Wide String Cargo Slacks Pants Black,89000,39000,108848,https://www.musinsa.com/app/goods/1370101?loc=goods_rank
전체,28,Optimal Basic Shirt,FILLUMINATE,옵티멀 베이직 셔츠-화이트[린넨＆옥스포드 선택],53000,39900,47559,https://www.musinsa.com/app/goods/994588?loc=goods_rank
전체,29,NBP7DF701B_19,NEW BALANCE,NBP7DF701B,"
                                                                                                                                                119000",119000,3144,https://www.musinsa.com/app/goods/3099152?loc=goods_rank
전체,30,Pack_13,URBANDTYPE,[ 리뉴얼 ] UB 바람막이 쓰리피스 셋업_블랙,109000,54000,15672,https://www.musinsa.com/app/goods/2288426?loc=goods_rank
전체,31,TAF-2WHZU01MG,TOFFEE,2WAY 스웻 후드 집업 (MELANGE GREY),45000,39000,199093,https://www.musinsa.com/app/goods/1778404?loc=goods_rank
전체,32,TRTOAWCR92U,TRAVEL,[3-PACK]베이직 트래블러 피그먼트 스웨트셔츠,150000,59900,57225,https://www.musinsa.com/app/goods/1817394?loc=goods_rank
전체,33,CBCFUWP050CBCFUWP051,CODEGRAPHY,[패키지][FW버전] 나일론 스트링 팬츠 & 카고 팬츠,97900,64900,7895,https://www.musinsa.com/app/goods/3503598?loc=goods_rank
전체,34,DF22SS707,DOFFJASON,미니멀 스퀘어 하드레더 벨트,43000,29800,36295,https://www.musinsa.com/app/goods/1961481?loc=goods_rank
전체,35,MIBE0005,MUSINSA STANDARD,사피아노 신세틱 레더 벨트,"
                                                                                                                                                15900",15900,82728,https://www.musinsa.com/app/goods/1220731?loc=goods_rank
전체,36,93231TMT100110,1993STUDIO,90S 트랙 스웨트셔츠_그레이,85000,68000,95959,https://www.musinsa.com/app/goods/2313388?loc=goods_rank
전체,37,MMCPC802-BK,MUSINSA STANDARD,시티 레저 와이드 벨티드 카고 팬츠 [블랙],66900,60190,3399,https://www.musinsa.com/app/goods/3404707?loc=goods_rank
전체,38,IN4683,ADIDAS,파이어버드 트랙탑 - 마룬,"
                                                                                                                                                119000",119000,2433,https://www.musinsa.com/app/goods/3503551?loc=goods_rank
전체,39,SH7865,ANOLORCODE,리자드  데님팬츠 (중청),49000,36750,1362,https://www.musinsa.com/app/goods/3421096?loc=goods_rank
전체,40,IG1024,ADIDAS,삼바 OG - 화이트:그린,"
                                                                                                                                                139000",139000,10541,https://www.musinsa.com/app/goods/3409005?loc=goods_rank
전체,41,SL22FW-M2-WG,SLOW ACID,블러리 로고 스웨트셔츠 [웜그레이],79000,39500,10928,https://www.musinsa.com/app/goods/2837417?loc=goods_rank
전체,42,5004509854,MARDI MERCREDI,RACCOON BLENDED CARDIGAN V NECK SPADE_MINT,158000,150100,5527,https://www.musinsa.com/app/goods/3556311?loc=goods_rank
전체,43,fudge,LAFUDGESTORE,[3M 신슐레이트]오리지널 M-1965 피쉬테일 파카_Original Khaki,138000,94900,75259,https://www.musinsa.com/app/goods/2064478?loc=goods_rank
전체,44,5003432996,SUARE,워셔블 케이블 라운드 니트 - 5 COLOR,59000,51900,1637,https://www.musinsa.com/app/goods/3494992?loc=goods_rank
전체,45,G4341300,3CE,퓨어페어링 뉴 테이크 페이스 블러셔 듀오 세트,40000,17000,63,https://www.musinsa.com/app/goods/3400874?loc=goods_rank
전체,46,JN5TSU091WH,JEEP,[단품] 빅로고 반팔티 (JN5TSU091) 10 Color,29000,9900,9735,https://www.musinsa.com/app/goods/3476114?loc=goods_rank
전체,47,TRSJK01BK,TRILLION,워싱 스티치 데님자켓 (BLACK),86000,59000,64886,https://www.musinsa.com/app/goods/1790383?loc=goods_rank
전체,48,2020F10,XERO,Deep One Tuck Sweat Pants [Black],"
                                                                                                                                                39000",39000,43223,https://www.musinsa.com/app/goods/1551839?loc=goods_rank
전체,49,L41086600,SALOMON SPORTSTYLE,XT-6 - 블랙:블랙:팬텀,"
                                                                                                                                                260000",260000,12594,https://www.musinsa.com/app/goods/1762406?loc=goods_rank
전체,50,C22FB13,CPGN STUDIO,크래킹 스냅 레글런 후드티 블랙,92000,59800,59452,https://www.musinsa.com/app/goods/2877493?loc=goods_rank
전체,51,LOT1967,BRANDED,1967 JET BLACK JEANS [WIDE STRAIGHT],78000,66300,88065,https://www.musinsa.com/app/goods/1552753?loc=goods_rank
전체,52,TRSDPT02BG,TRILLION,바이오스톤 워싱 와이드 데님 팬츠 (BLUE GRAY),54000,32400,48391,https://www.musinsa.com/app/goods/2351467?loc=goods_rank
전체,53,WIDEPANTS-PAC,S'EST,[패키지] 와이드핏 트레이닝 스웨트 팬츠 - 3Color,90000,39900,10763,https://www.musinsa.com/app/goods/1735427?loc=goods_rank
전체,54,SSL-001,SIGNATURE,더블턱 와이드 슬랙스[블랙],59000,39900,51870,https://www.musinsa.com/app/goods/2578996?loc=goods_rank
전체,55,Pack50,URBANDTYPE,[ 리뉴얼 ]린넨 쓰리피스 셋업_블랙,99000,33900,4149,https://www.musinsa.com/app/goods/2458191?loc=goods_rank
전체,56,TD5-SH07,THOMASMORE,TD5-SH07 페이퍼셔츠-블랙베리,"
                                                                                                                                                59700",59700,6121,https://www.musinsa.com/app/goods/2445720?loc=goods_rank
전체,57,MMJPC604-KH,MUSINSA STANDARD,레플리카 퍼티그 팬츠 [카키],"
                                                                                                                                                43900",43900,20590,https://www.musinsa.com/app/goods/1627892?loc=goods_rank
전체,58,LSVT21KHA,VIVASTUDIO,RESEARCH HOODIE [KHAKI],89000,62300,44778,https://www.musinsa.com/app/goods/2329895?loc=goods_rank
전체,59,WBC3L04503GR,GENERALIDEA,GNRL 에센셜 가디건 [GREY],85000,49000,11267,https://www.musinsa.com/app/goods/3434621?loc=goods_rank
전체,60,MHSH3004-WH,MUSINSA STANDARD,릴렉스 핏 옥스포드 셔츠 [화이트],33900,28790,22716,https://www.musinsa.com/app/goods/854337?loc=goods_rank
전체,61,NBP7DF700G_15,NEW BALANCE,NBP7DF700G,"
                                                                                                                                                119000",119000,12629,https://www.musinsa.com/app/goods/2622254?loc=goods_rank
전체,62,PBSMDPA031,PIECE WORKER,Bluish Medium Blue,92000,69500,17329,https://www.musinsa.com/app/goods/1323090?loc=goods_rank
전체,63,M9166C,CONVERSE,척테일러 올스타 블랙 옥스 M9166C,59000,53100,118900,https://www.musinsa.com/app/goods/311052?loc=goods_rank
전체,64,2170225,FP142,유스풀 벌룬 후드집업 그레이 SJHD1327,57000,39800,36901,https://www.musinsa.com/app/goods/2122596?loc=goods_rank
전체,65,MMANP005-LI,MUSINSA STANDARD,스트레이트 데님 팬츠 [라이트 인디고],"
                                                                                                                                                49900",49900,38975,https://www.musinsa.com/app/goods/2028327?loc=goods_rank
전체,66,TD5-TS0110_MIG,THOMASMORE,TD5-TS0110 사커스웨트-미구엘,"
                                                                                                                                                69500",69500,3005,https://www.musinsa.com/app/goods/2305875?loc=goods_rank
전체,67,23SSGP28WB,GLW,이지 와이드 데님 팬츠 빈티지 워시드 블루,52800,42000,3241,https://www.musinsa.com/app/goods/3440017?loc=goods_rank
전체,68,TD5-SH07,THOMASMORE,TD5-SH07 페이퍼셔츠-화이트,"
                                                                                                                                                59700",59700,10136,https://www.musinsa.com/app/goods/2305844?loc=goods_rank
전체,69,FTTP001,ANOLORCODE,사계절 쓰리턱 트레이닝팬츠 (2color),62000,39680,40921,https://www.musinsa.com/app/goods/2744549?loc=goods_rank
전체,70,21FLGP19BK,GLW,이지 와이드 데님 팬츠 블랙,52800,42000,72580,https://www.musinsa.com/app/goods/2092849?loc=goods_rank
전체,71,2021HS04,XERO,Deep One Tuck Sweat Shorts [Grey],"
                                                                                                                                                32000",32000,90925,https://www.musinsa.com/app/goods/1926048?loc=goods_rank
전체,72,CTCDDC004SL,CRITIC,RACING ZIP-UP KNIT SKY BLUE,129000,116100,2397,https://www.musinsa.com/app/goods/3440409?loc=goods_rank
전체,73,G77700006BK,GAKKAI UNIONS,원턱 와이드 스웨트 카고팬츠 블랙,51000,39900,7953,https://www.musinsa.com/app/goods/3095387?loc=goods_rank
전체,74,ID2047,ADIDAS,삼바 OG - 크림:살몬,"
                                                                                                                                                139000",139000,15640,https://www.musinsa.com/app/goods/3366203?loc=goods_rank
전체,75,MMASC101-WH,MUSINSA STANDARD,라이트웨이트 크루 삭스 7팩 [화이트],"
                                                                                                                                                19900",19900,85360,https://www.musinsa.com/app/goods/991339?loc=goods_rank
전체,76,MITS0005-WH,MUSINSA STANDARD,릴렉스 핏 크루 넥 반팔 티셔츠 [화이트],"
                                                                                                                                                15900",15900,77709,https://www.musinsa.com/app/goods/996177?loc=goods_rank
전체,77,AD202,AVANDRESS,유니섹스 베이스 오버핏 체크셔츠-네이비,44000,23760,9904,https://www.musinsa.com/app/goods/1622792?loc=goods_rank
전체,78,20230119-11,ESPIONAGE,Ray Yacht Parka Carrot,129000,109000,3857,https://www.musinsa.com/app/goods/3034336?loc=goods_rank
전체,79,U22-BD02-ID,URBANSTOFF,듀러블 롱 벌룬 팬츠 (인디고),74000,66600,24727,https://www.musinsa.com/app/goods/2749153?loc=goods_rank
전체,80,G77700006KK,GAKKAI UNIONS,원턱 와이드 스웨트 카고팬츠 카키,51000,39900,15051,https://www.musinsa.com/app/goods/3095384?loc=goods_rank
전체,81,WEOIHGWEG,SUPERSUB,클럽 레플리카 스웻셔츠 [오프 화이트],69000,58900,25382,https://www.musinsa.com/app/goods/2853101?loc=goods_rank
전체,82,SC22A243BK,SCULPTOR,Masterpiece Sheer Top Black,54000,37800,16016,https://www.musinsa.com/app/goods/2731239?loc=goods_rank
전체,83,MMCNJ901-CR,MUSINSA STANDARD,팀코리아 데님 트러커 재킷 [크림],"
                                                                                                                                                129900",129900,551,https://www.musinsa.com/app/goods/3504248?loc=goods_rank
전체,84,MMJJK101-BK,MUSINSA STANDARD,오버사이즈 블레이저 [블랙],83900,75490,42488,https://www.musinsa.com/app/goods/1283757?loc=goods_rank
전체,85,5000021230,SUARE,[리뉴얼] 하찌 카라 투웨이 집업 니트 - 4 COLOR,79000,49900,23839,https://www.musinsa.com/app/goods/2723764?loc=goods_rank
전체,86,DBC8DP03GR,DIMITRI BLACK,원턱 파라슈트 카고 데님팬츠_그레이,47000,32500,5681,https://www.musinsa.com/app/goods/3469210?loc=goods_rank
전체,87,MG2300HZ01GR,WHATITISNT,엔젤 와펜 후드집업 그레이,79000,47400,8701,https://www.musinsa.com/app/goods/3029811?loc=goods_rank
전체,88,DFPT1304BE,DRAW FIT,와이드 밴딩 치노 팬츠 [BEIGE],66000,59400,18574,https://www.musinsa.com/app/goods/2119984?loc=goods_rank
전체,89,pg-mtm-05,SOVERMENT,980G 피그먼트 맨투맨-챠콜-,95500,52500,63339,https://www.musinsa.com/app/goods/1582356?loc=goods_rank
전체,90,28257215,APR.8,APR8 STAR LOGO HOODIE [6Color],89000,59000,30476,https://www.musinsa.com/app/goods/3445872?loc=goods_rank
전체,91,MMATE407,MUSINSA STANDARD,릴렉스 핏 크루 넥 반팔 티셔츠 2팩,"
                                                                                                                                                31800",31800,40991,https://www.musinsa.com/app/goods/2034137?loc=goods_rank
전체,92,CDHD2307,CROSSDRESSLY,빅스타 후드티,79000,54000,28793,https://www.musinsa.com/app/goods/3411311?loc=goods_rank
전체,93,MNPOWOV16820449-410,POLO RALPH LAUREN,커스텀핏 데님 셔츠 - 네이비,"
                                                                                                                                                189000",189000,7792,https://www.musinsa.com/app/goods/1498105?loc=goods_rank
전체,94,TC5-SH08,THOMASMORE,TC5-SH08 프렌치 스트라이프 셔츠-네이비,"
                                                                                                                                                59700",59700,17263,https://www.musinsa.com/app/goods/2305840?loc=goods_rank
전체,95,DU23WK3001BU,DTHIRTYONE,Multi Tweed Wool Sweater_Ash Blue,89000,80100,187,https://www.musinsa.com/app/goods/3457371?loc=goods_rank
전체,96,UB-2340,UNIFORM BRIDGE,basic sweatshirts oatmeal,65000,52000,1791,https://www.musinsa.com/app/goods/1801195?loc=goods_rank
전체,97,UNION-SH05,UNION BLUE,LAUNDRY SHIRT (LAVENDER GRAY),62000,59000,10724,https://www.musinsa.com/app/goods/2375962?loc=goods_rank
전체,98,000413,SORANO,SORANO 11-SPORTY HOODIE ZIP-UP [3Color],98000,69000,13106,https://www.musinsa.com/app/goods/3426543?loc=goods_rank
전체,99,COTA01,TYPESERVICE,Typeservice Web Cap [Dark Gray],39000,35100,52034,https://www.musinsa.com/app/goods/2134140?loc=goods_rank
전체,100,m1037_685523,LAFUDGESTORE,[넥타이 SET] 솔리드 오버핏 옥스포드 타이셔츠_Taupe Gray,63000,45900,3869,https://www.musinsa.com/app/goods/3432760?loc=goods_rank
