﻿카테고리,순위,품번,브랜드명,상품명(한글),판매가,비회원가,좋아요 수,URL
원피스,1,22FW02 - 01,AVANDRESS,Punching Knit Dress BLACK,69000,48300,16525,https://www.musinsa.com/app/goods/2714524?loc=goods_rank
원피스,2,KISY10000120001,KISYNING,Loro Square Flower Dress (white),"
                                                                                                                                                140000",140000,598,https://www.musinsa.com/app/goods/3327659?loc=goods_rank
원피스,3,KKQWCOP500M,KIRSH,스몰 체리 드레스 [블랙],89000,62300,1177,https://www.musinsa.com/app/goods/2744641?loc=goods_rank
원피스,4,PBCS-WOPW010,PIGMENT,오픈 카라롱 원피스,59000,38300,190,https://www.musinsa.com/app/goods/3112741?loc=goods_rank
원피스,5,22_HNSF_BL,HYBERNAT,Halter Neck Sleeveless Slim fit Dress - BLUE,68000,27200,702,https://www.musinsa.com/app/goods/2662213?loc=goods_rank
원피스,6,DR320RSM09,ETMON,Side Shirring Dress  Black,195000,175500,4558,https://www.musinsa.com/app/goods/2377832?loc=goods_rank
원피스,7,T32D0WOP12TWT21A7,TOMMY JEANS,슬림 라인 데님 드레스 (T32D0WOP12TWT21A7),238000,166600,1942,https://www.musinsa.com/app/goods/3050173?loc=goods_rank
원피스,8,Z23HSDR03BL,ZEROPLANET,로티 하트넥 원피스 [BLUE],68000,54400,281,https://www.musinsa.com/app/goods/3288305?loc=goods_rank
원피스,9,BU #66,BURMULA,개더 프릴 드레스 (블랙),219000,186150,66,https://www.musinsa.com/app/goods/3071478?loc=goods_rank
원피스,10,G5TAM23031GRX,GOLDEN BEAR,PAR3 Collarneck Pique One-piece_G5TAM23031GRX,"
                                                                                                                                                178000",178000,147,https://www.musinsa.com/app/goods/3173691?loc=goods_rank
원피스,11,P0000DZE,MANGO MANY PLEASE,ELVA SHIRT ONE-PIECE (2colors),"
                                                                                                                                                163000",163000,37,https://www.musinsa.com/app/goods/3528305?loc=goods_rank
원피스,12,DR130QWW06,ETMON,Flare Collar Long Dress  Grey,188000,159800,57,https://www.musinsa.com/app/goods/2241387?loc=goods_rank
원피스,13,m1037_942601,DUNDROP,DUN_crease strap vintage dress,"
                                                                                                                                                159000",159000,194,https://www.musinsa.com/app/goods/2779802?loc=goods_rank
원피스,14,5002684531,MARDI MERCREDI,MAXI DRESS MARDI NOUVEAU_BLACK WHITE,"
                                                                                                                                                158000",158000,609,https://www.musinsa.com/app/goods/3135497?loc=goods_rank
원피스,15,WZSD22FOP024BK00F,WUZU STUDIO,더블 테일러드 카라 벨트 자켓 원피스 베이직 블랙,215000,150500,1246,https://www.musinsa.com/app/goods/2088409?loc=goods_rank
원피스,16,DR160QFF12,ETMON,Pintuck String Smock Dress  Beige,198000,148500,55,https://www.musinsa.com/app/goods/2117555?loc=goods_rank
원피스,17,CTF3OP05LI,CITY BREEZE,홀터넥 플레어 데님 원피스_LIGHT INDIGO,159000,143100,477,https://www.musinsa.com/app/goods/3432290?loc=goods_rank
원피스,18,RF1RWBD1OP001BG,ROCKFISH WEATHERWEAR,BIG POCKET SLEEVELESS DRESS - BEIGE,155000,139500,567,https://www.musinsa.com/app/goods/3138204?loc=goods_rank
원피스,19,22SS0606BK,STAY WITH ME,리본 백 코튼 드레스(BLACK),228000,136800,325,https://www.musinsa.com/app/goods/2620217?loc=goods_rank
원피스,20,P00000BP,MICANE,[44-120] 얼루어 볼레로 드레스 세트,"
                                                                                                                                                132300",132300,90,https://www.musinsa.com/app/goods/3468007?loc=goods_rank
원피스,21,T32D0WOP10TWT2ACE,TOMMY JEANS,폴로 립 드레스 (T32D0WOP10TWT2ACE),188000,131600,64,https://www.musinsa.com/app/goods/2957672?loc=goods_rank
원피스,22,PP23SSOP05,PAINORPLEASURE,ORCHID DRESS white,"
                                                                                                                                                129000",129000,899,https://www.musinsa.com/app/goods/3196981?loc=goods_rank
원피스,23,CO2303OP61BL,COVERNAT,우먼 서스펜더 원피스 블루,"
                                                                                                                                                129000",129000,62,https://www.musinsa.com/app/goods/3511213?loc=goods_rank
원피스,24,21AVV013,AVANDRESS,SHINE SLIM ONEPIECE BLACK,48000,32160,5992,https://www.musinsa.com/app/goods/1975802?loc=goods_rank
원피스,25,OPBK,FWWL,새틴모달 레이어드 원피스 (머플러 포함) - 블랙,183000,127900,872,https://www.musinsa.com/app/goods/3354823?loc=goods_rank
원피스,26,23SS08,AVANDRESS,French Linen Slim Shirt Dress - 5COL,70000,29400,11680,https://www.musinsa.com/app/goods/3271298?loc=goods_rank
원피스,27,DQ230621,SINCETHEN,리본 플리츠 미니원피스,129000,116100,56,https://www.musinsa.com/app/goods/3477719?loc=goods_rank
원피스,28,CQ230640,SINCETHEN,리본 쉬폰 롱원피스,128000,115200,6,https://www.musinsa.com/app/goods/3540982?loc=goods_rank
원피스,29,adaul0001,ADAUL,글로우 셔링 코튼 미니 드레스 - 블랙,122500,110250,73,https://www.musinsa.com/app/goods/2926237?loc=goods_rank
원피스,30,CTF3OP02BK,CITY BREEZE,레이어드 데님 원피스_BLACK,129000,103200,259,https://www.musinsa.com/app/goods/3432286?loc=goods_rank
원피스,31,5005255100,ROEM,셔링 롱원피스(2colors)_RMOWD38RT1,"
                                                                                                                                                99900",99900,170,https://www.musinsa.com/app/goods/3425956?loc=goods_rank
원피스,32,MDOP043RNBEIGE,MONGDOL,핀턱 셔츠 롱 원피스 레이온베이지 MDOP043RNBEIGE,109000,98100,691,https://www.musinsa.com/app/goods/3165309?loc=goods_rank
원피스,33,NRDR0B001IV,NOT YOUR ROSE,프릴 미니 드레스 (아이보리)_S,"
                                                                                                                                                94000",94000,13156,https://www.musinsa.com/app/goods/1455772?loc=goods_rank
원피스,34,23SSVD001,WSC ARCHIVE,Velcro dress,"
                                                                                                                                                91000",91000,298,https://www.musinsa.com/app/goods/3221662?loc=goods_rank
원피스,35,MWARW301-BK,MUSINSA STANDARD,[쿨탠다드] 우먼즈 피케 폴로 원피스 [블랙],36900,22090,10471,https://www.musinsa.com/app/goods/1875663?loc=goods_rank
원피스,36,MWARW306-BK,MUSINSA STANDARD,우먼즈 크루 넥 롱 티셔츠 드레스 [블랙],25900,21990,1417,https://www.musinsa.com/app/goods/1920867?loc=goods_rank
원피스,37,P0000DND,L.E.E.Y,PLAQUE KNIT MAXI DRESS,218000,87200,89,https://www.musinsa.com/app/goods/2793165?loc=goods_rank
원피스,38,L23AUOP01BK,LARTIGENT,L6 SHIRRING ONEPIECE(BLACK),108000,86400,54,https://www.musinsa.com/app/goods/3558759?loc=goods_rank
원피스,39,IR9788,ADIDAS,SOCCER DRESS IR9788,"
                                                                                                                                                79000",79000,1934,https://www.musinsa.com/app/goods/3414211?loc=goods_rank
원피스,40,adaul0001,ADAUL,스모킹 뷔스티에 미니 원피스 - 스카이블루,83000,78850,395,https://www.musinsa.com/app/goods/3267322?loc=goods_rank
원피스,41,LPW-D001-BK,LEAPLING,블랙 쭈리 롱 원피스 (라이크 미),"
                                                                                                                                                78000",78000,21,https://www.musinsa.com/app/goods/1177133?loc=goods_rank
원피스,42,Lo22MD502M,L'ORIN,Square neck bustier mini dress - Black,97000,77600,1045,https://www.musinsa.com/app/goods/2599650?loc=goods_rank
원피스,43,22SSVDS,"DARLING, YOU'RE BAD",DYB MINI DRESS #SAINT,"
                                                                                                                                                77000",77000,407,https://www.musinsa.com/app/goods/2966699?loc=goods_rank
원피스,44,MIWOWD901G,MIXXO,롱 뷔스띠에 원피스_MIWOWD901G,"
                                                                                                                                                69900",69900,143,https://www.musinsa.com/app/goods/3460203?loc=goods_rank
원피스,45,N3N02N33F,NOIRNINE,여성 베베 트위드 끈 원피스 - 블랙,"
                                                                                                                                                69000",69000,529,https://www.musinsa.com/app/goods/3257940?loc=goods_rank
원피스,46,MG2302OP51NA,WHATITISNT,WM`S 반팔 후드 원피스 네이비,79000,63200,115,https://www.musinsa.com/app/goods/3162910?loc=goods_rank
원피스,47,OY5OPCB,SOUP,오버핏 오버올스(OY5OPCB),119000,57900,9,https://www.musinsa.com/app/goods/3190531?loc=goods_rank
원피스,48,W8F14RDOP103IV,DELICCENT,투턱 셔츠 원피스 [IVORY],"
                                                                                                                                                57000",57000,534,https://www.musinsa.com/app/goods/3225131?loc=goods_rank
원피스,49,5002077169,ITOV SEOUL,컷아웃 레이어드 원피스,54000,48600,2500,https://www.musinsa.com/app/goods/3258063?loc=goods_rank
원피스,50,CTF2OP50NV,CITY BREEZE,배색 카라 니트 원피스_NAVY,69000,48300,543,https://www.musinsa.com/app/goods/3228553?loc=goods_rank
원피스,51,23S,SOME PLACE,나일론 스토퍼 벌룬 슬리브리스 롱 원피스[차콜],68000,47900,3068,https://www.musinsa.com/app/goods/3325011?loc=goods_rank
원피스,52,LE2203OP02IV,LEE,유니온로고 하프집업 루즈핏 원피스 아이보리,79000,47400,1097,https://www.musinsa.com/app/goods/2731615?loc=goods_rank
원피스,53,W22W03206LY,GENERALIDEA,기모 코튼 빈티지 원피스 [LIGHT YELLOW],92000,45900,34,https://www.musinsa.com/app/goods/2932465?loc=goods_rank
원피스,54,22FW02,AVANDRESS,Minimal Slim Dress PINK,62000,43400,984,https://www.musinsa.com/app/goods/2714500?loc=goods_rank
원피스,55,22FW02,AVANDRESS,Minimal Slim Dress IVORY,62000,43400,8961,https://www.musinsa.com/app/goods/2714515?loc=goods_rank
원피스,56,CP_VNACK_OPS,CITYPOPZ,[CP] 쿨링 냉장고 빈티지 슬림 브이넥 미니 원피스 [BLUE_BLACK] 치마 스커트 ver.,52000,43160,3135,https://www.musinsa.com/app/goods/2029118?loc=goods_rank
원피스,57,PBCS-WOPW002,PIGMENT,바스락후다 원피스(PBCS-WOPW002),62000,40300,144,https://www.musinsa.com/app/goods/3336079?loc=goods_rank
원피스,58,PN1CO281,PLASTIC ISLAND,컬러블록 럭비 원피스 PN1CO281,89000,40000,5,https://www.musinsa.com/app/goods/3568209?loc=goods_rank
원피스,59,MIWOWCT22C,MIXXO,셔츠형 롱원피스 MIWOWCT22C,79900,39950,253,https://www.musinsa.com/app/goods/2817845?loc=goods_rank
원피스,60,113771DY45,8SECONDS,폴리 미니 원피스  블랙 (113771DY45),59900,39900,40,https://www.musinsa.com/app/goods/3412130?loc=goods_rank
원피스,61,22FW02,AVANDRESS,Diagonal Slim Dress - 3COL,54000,37260,4582,https://www.musinsa.com/app/goods/2714367?loc=goods_rank
원피스,62,ASBTOP002_3,AWESOME STUDIO,세미 오버핏 롱 원피스 블랙,49000,34300,1199,https://www.musinsa.com/app/goods/2500573?loc=goods_rank
원피스,63,W8F14QIPO101BK,DELICCENT,클로버 원피스 [BLACK],45900,32130,348,https://www.musinsa.com/app/goods/2696634?loc=goods_rank
원피스,64,MWARW301-NA,MUSINSA STANDARD,[쿨탠다드] 우먼즈 피케 폴로 원피스 [네이비],36900,31290,4896,https://www.musinsa.com/app/goods/1875664?loc=goods_rank
원피스,65,MWBRW206-NA,MUSINSA STANDARD,우먼즈 슬릿 넥 폴로 원피스 [네이비],31900,25490,6276,https://www.musinsa.com/app/goods/2392491?loc=goods_rank
원피스,66,54,KATHARSIS,스트랩 셔링 원피스 (그레이)_FREE,62000,19900,33,https://www.musinsa.com/app/goods/1215519?loc=goods_rank
원피스,67,275,KATHARSIS,데일리 체크 미니원피스 그레이_FREE,89000,89000,16,https://www.musinsa.com/app/goods/2534182?loc=goods_rank
원피스,68,276,KATHARSIS,데일리 체크 미니원피스 블랙_FREE,89000,89000,17,https://www.musinsa.com/app/goods/2534822?loc=goods_rank
원피스,69,GLITTER ONE-PIECE_sv,CAMOUFLAGE LAB,GLITTER ONE-PIECE_sv,75000,45000,20,https://www.musinsa.com/app/goods/322115?loc=goods_rank
원피스,70,3167252109199208,LARTIGENT,LC RING POINT OPS_BK,58000,34800,30,https://www.musinsa.com/app/goods/414992?loc=goods_rank
원피스,71,940340,LARTIGENT,LE MOCK NECK OPS(NAVY),58000,34800,81,https://www.musinsa.com/app/goods/633098?loc=goods_rank
원피스,72,AWD17201,A BY A,세일러 카라 스웨트 원피스 네이비,"
                                                                                                                                                99000",99000,135,https://www.musinsa.com/app/goods/653343?loc=goods_rank
원피스,73,2178343,LUV IS TRUE,MA BASIC OPS(IVORY),59000,23600,92,https://www.musinsa.com/app/goods/722154?loc=goods_rank
원피스,74,AB1281OP3_BLK,AWE BORN US,터틀 프린트 드레스 [블랙],52000,41600,20,https://www.musinsa.com/app/goods/746252?loc=goods_rank
원피스,75,PSSH28043WH,PINBLACK,투웨이 셔츠 롱원피스 화이트,"
                                                                                                                                                188000",188000,10,https://www.musinsa.com/app/goods/787546?loc=goods_rank
원피스,76,N18M1OP3500LV,NONLOCAL,린넨 플레어 드레스 - 라벤더,"
                                                                                                                                                88000",88000,621,https://www.musinsa.com/app/goods/793350?loc=goods_rank
원피스,77,N18M1OP3500BE,NONLOCAL,린넨 플레어 드레스 - 베이지,"
                                                                                                                                                88000",88000,280,https://www.musinsa.com/app/goods/793358?loc=goods_rank
원피스,78,V1801020,VIVACLASSY,쉬폰 뷔스티에 원피스_핑크,87000,17400,68,https://www.musinsa.com/app/goods/795113?loc=goods_rank
원피스,79,BS18SS-OP02,BIBYSEOB,PUFF LONG ONE-PIECE BLACK,84000,75600,202,https://www.musinsa.com/app/goods/805707?loc=goods_rank
원피스,80,N18M1OP3500NY,NONLOCAL,린넨 플레어 드레스 - 네이비,"
                                                                                                                                                88000",88000,405,https://www.musinsa.com/app/goods/806469?loc=goods_rank
원피스,81,MU1502OP403,MUSE BY ROSE,ANGORA KNIT DRESS,139000,39900,431,https://www.musinsa.com/app/goods/812541?loc=goods_rank
원피스,82,AM183DR001,AMONG,퍼프 슬리브 드레스,136000,68000,36,https://www.musinsa.com/app/goods/826339?loc=goods_rank
원피스,83,20180901965208,CLET,포켓 에폴렛 드레스 (브라운),148000,148000,65,https://www.musinsa.com/app/goods/851763?loc=goods_rank
원피스,84,20180800364208,CLET,벨트 셔츠 드레스 (카키),118000,118000,89,https://www.musinsa.com/app/goods/851768?loc=goods_rank
원피스,85,010HYOPW,PROJECTIN,하얀 여왕 드레스,228000,69500,145,https://www.musinsa.com/app/goods/852032?loc=goods_rank
원피스,86,12,CATTLINE,빅카라원피스(블랙),100000,69000,108,https://www.musinsa.com/app/goods/865554?loc=goods_rank
원피스,87,13,CATTLINE,빅카라원피스(핑크),100000,50000,112,https://www.musinsa.com/app/goods/865557?loc=goods_rank
원피스,88,T01FW809DR01G,IOET,더블 버튼 미디드레스_챠콜그레이,138000,41400,22,https://www.musinsa.com/app/goods/871709?loc=goods_rank
원피스,89,P000000Y,MORE THAN LIKE,MORE THAN LIKE FRILL BUSTIER DRESS - BROWN,131000,91700,431,https://www.musinsa.com/app/goods/897113?loc=goods_rank
원피스,90,VV18WTOP02IV,VEM.VER,카라 니트 원피스_아이보리,168000,168000,241,https://www.musinsa.com/app/goods/915040?loc=goods_rank
원피스,91,V1803002,VIVACLASSY,체크 뷔스티에 미니 원피스_그레이,59000,29500,207,https://www.musinsa.com/app/goods/920213?loc=goods_rank
원피스,92,19SSOP002-RE,LOOKAST,레드 브이넥 프린팅 롱 드레스,"
                                                                                                                                                158000",158000,181,https://www.musinsa.com/app/goods/967290?loc=goods_rank
원피스,93,2019011,CATTLINE,파스텔 핑크 원피스,129000,69000,51,https://www.musinsa.com/app/goods/969996?loc=goods_rank
원피스,94,2019012,CATTLINE,하트 리본 원피스,129000,129000,82,https://www.musinsa.com/app/goods/969997?loc=goods_rank
원피스,95,3957871,LUV IS TRUE,DE SQUARE NECK OPS(IVORY),87000,43500,305,https://www.musinsa.com/app/goods/973803?loc=goods_rank
원피스,96,BAT-SE07-D01-WH,B ABLE TWO,Oversized Tie Dye Shirts Dress (WHITE),119000,95200,56,https://www.musinsa.com/app/goods/987692?loc=goods_rank
원피스,97,N19OP065YE,NOTA,시어 스트링 셔츠 드레스 옐로우,"
                                                                                                                                                168000",168000,52,https://www.musinsa.com/app/goods/988882?loc=goods_rank
원피스,98,49,BB'DESOLI'DE,콘챠 랩 드레스 - 퍼플,"
                                                                                                                                                89000",89000,14,https://www.musinsa.com/app/goods/1021971?loc=goods_rank
원피스,99,49,BB'DESOLI'DE,베이직 랩 드레스 - 베이지,"
                                                                                                                                                89000",89000,7,https://www.musinsa.com/app/goods/1021977?loc=goods_rank
원피스,100,49,BB'DESOLI'DE,베이직 랩 드레스 - 옐로우,"
                                                                                                                                                89000",89000,6,https://www.musinsa.com/app/goods/1021981?loc=goods_rank
