﻿카테고리,순위,품번,브랜드명,상품명(한글),판매가,비회원가,좋아요 수,URL
상의,1,MMATS701-WH,MUSINSA STANDARD,레이어드 크루 넥 반팔 티셔츠_일반 기장 [화이트],16900,15190,86142,https://www.musinsa.com/app/goods/2086653?loc=goods_rank
상의,2,MMATL411,MUSINSA STANDARD,베이식 긴팔 티셔츠 2팩,37800,32090,67560,https://www.musinsa.com/app/goods/2149254?loc=goods_rank
상의,3,SPYWD49C01,SPAO,(시티보이) 오버핏 옥스포드 셔츠_SPYWD49C01,39900,35910,67067,https://www.musinsa.com/app/goods/2272830?loc=goods_rank
상의,4,MNPOWOV16820444-100,POLO RALPH LAUREN,커스텀핏 옥스포드 셔츠 - 화이트,"
                                                                                                                                                199000",199000,14130,https://www.musinsa.com/app/goods/1706633?loc=goods_rank
상의,5,TRSHT04NV,TRILLION,컬러 배색 1992 그래픽 후드 (NAVY),49800,39800,39542,https://www.musinsa.com/app/goods/2995119?loc=goods_rank
상의,6,Optimal Basic Shirt,FILLUMINATE,옵티멀 베이직 셔츠-화이트[린넨＆옥스포드 선택],53000,39900,47559,https://www.musinsa.com/app/goods/994588?loc=goods_rank
상의,7,TRTOAWCR92U,TRAVEL,[3-PACK]베이직 트래블러 피그먼트 스웨트셔츠,150000,59900,57224,https://www.musinsa.com/app/goods/1817394?loc=goods_rank
상의,8,93231TMT100110,1993STUDIO,90S 트랙 스웨트셔츠_그레이,85000,68000,95959,https://www.musinsa.com/app/goods/2313388?loc=goods_rank
상의,9,SL22FW-M2-WG,SLOW ACID,블러리 로고 스웨트셔츠 [웜그레이],79000,39500,10930,https://www.musinsa.com/app/goods/2837417?loc=goods_rank
상의,10,5003432996,SUARE,워셔블 케이블 라운드 니트 - 5 COLOR,59000,51900,1637,https://www.musinsa.com/app/goods/3494992?loc=goods_rank
상의,11,JN5TSU091WH,JEEP,[단품] 빅로고 반팔티 (JN5TSU091) 10 Color,29000,9900,9735,https://www.musinsa.com/app/goods/3476114?loc=goods_rank
상의,12,C22FB13,CPGN STUDIO,크래킹 스냅 레글런 후드티 블랙,92000,59800,59452,https://www.musinsa.com/app/goods/2877493?loc=goods_rank
상의,13,TD5-SH07,THOMASMORE,TD5-SH07 페이퍼셔츠-블랙베리,"
                                                                                                                                                59700",59700,6121,https://www.musinsa.com/app/goods/2445720?loc=goods_rank
상의,14,LSVT21KHA,VIVASTUDIO,RESEARCH HOODIE [KHAKI],89000,62300,44778,https://www.musinsa.com/app/goods/2329895?loc=goods_rank
상의,15,MHSH3004-WH,MUSINSA STANDARD,릴렉스 핏 옥스포드 셔츠 [화이트],33900,28790,22717,https://www.musinsa.com/app/goods/854337?loc=goods_rank
상의,16,TD5-TS0110_MIG,THOMASMORE,TD5-TS0110 사커스웨트-미구엘,"
                                                                                                                                                69500",69500,3005,https://www.musinsa.com/app/goods/2305875?loc=goods_rank
상의,17,TD5-SH07,THOMASMORE,TD5-SH07 페이퍼셔츠-화이트,"
                                                                                                                                                59700",59700,10136,https://www.musinsa.com/app/goods/2305844?loc=goods_rank
상의,18,CTCDDC004SL,CRITIC,RACING ZIP-UP KNIT SKY BLUE,129000,116100,2400,https://www.musinsa.com/app/goods/3440409?loc=goods_rank
상의,19,MITS0005-WH,MUSINSA STANDARD,릴렉스 핏 크루 넥 반팔 티셔츠 [화이트],"
                                                                                                                                                15900",15900,77709,https://www.musinsa.com/app/goods/996177?loc=goods_rank
상의,20,AD202,AVANDRESS,유니섹스 베이스 오버핏 체크셔츠-네이비,44000,23760,9904,https://www.musinsa.com/app/goods/1622792?loc=goods_rank
상의,21,WEOIHGWEG,SUPERSUB,클럽 레플리카 스웻셔츠 [오프 화이트],69000,58900,25382,https://www.musinsa.com/app/goods/2853101?loc=goods_rank
상의,22,SC22A243BK,SCULPTOR,Masterpiece Sheer Top Black,54000,37800,16016,https://www.musinsa.com/app/goods/2731239?loc=goods_rank
상의,23,5000021230,SUARE,[리뉴얼] 하찌 카라 투웨이 집업 니트 - 4 COLOR,79000,49900,23839,https://www.musinsa.com/app/goods/2723764?loc=goods_rank
상의,24,pg-mtm-05,SOVERMENT,980G 피그먼트 맨투맨-챠콜-,95500,52500,63339,https://www.musinsa.com/app/goods/1582356?loc=goods_rank
상의,25,28257215,APR.8,APR8 STAR LOGO HOODIE [6Color],89000,59000,30477,https://www.musinsa.com/app/goods/3445872?loc=goods_rank
상의,26,MMATE407,MUSINSA STANDARD,릴렉스 핏 크루 넥 반팔 티셔츠 2팩,"
                                                                                                                                                31800",31800,40991,https://www.musinsa.com/app/goods/2034137?loc=goods_rank
상의,27,CDHD2307,CROSSDRESSLY,빅스타 후드티,79000,54000,28794,https://www.musinsa.com/app/goods/3411311?loc=goods_rank
상의,28,MNPOWOV16820449-410,POLO RALPH LAUREN,커스텀핏 데님 셔츠 - 네이비,"
                                                                                                                                                189000",189000,7792,https://www.musinsa.com/app/goods/1498105?loc=goods_rank
상의,29,TC5-SH08,THOMASMORE,TC5-SH08 프렌치 스트라이프 셔츠-네이비,"
                                                                                                                                                59700",59700,17263,https://www.musinsa.com/app/goods/2305840?loc=goods_rank
상의,30,DU23WK3001BU,DTHIRTYONE,Multi Tweed Wool Sweater_Ash Blue,89000,80100,187,https://www.musinsa.com/app/goods/3457371?loc=goods_rank
상의,31,UB-2340,UNIFORM BRIDGE,basic sweatshirts oatmeal,65000,52000,1792,https://www.musinsa.com/app/goods/1801195?loc=goods_rank
상의,32,UNION-SH05,UNION BLUE,LAUNDRY SHIRT (LAVENDER GRAY),62000,59000,10724,https://www.musinsa.com/app/goods/2375962?loc=goods_rank
상의,33,m1037_685523,LAFUDGESTORE,[넥타이 SET] 솔리드 오버핏 옥스포드 타이셔츠_Taupe Gray,63000,45900,3869,https://www.musinsa.com/app/goods/3432760?loc=goods_rank
상의,34,OO3SUST103OTGN,ODDSTUDIO,베리클로즈 래글런 오버핏 롱 슬리브 - OATMEAL/GREEN,52000,44000,31102,https://www.musinsa.com/app/goods/3156318?loc=goods_rank
상의,35,YA11HD0011NA,YALE,(YALE HEAVYWEIGHT) MIXED HOODIE NAVY,89000,71200,55590,https://www.musinsa.com/app/goods/1717771?loc=goods_rank
상의,36,565175,FP142,[패키지] 더블코튼 무지반팔  패키지 KHST1011,47900,29900,42116,https://www.musinsa.com/app/goods/345889?loc=goods_rank
상의,37,2167539,TWN,슬레이크 후드 네이비 HHHD3397,57000,41900,54235,https://www.musinsa.com/app/goods/2106707?loc=goods_rank
상의,38,5003302436,SUARE,[2PACK] 이지 케어 워셔블 니트 패키지,118000,93900,3474,https://www.musinsa.com/app/goods/3449015?loc=goods_rank
상의,39,YS233WSHTL01NAV,YESEYESEE,Flannel Check Shirt Navy,"
                                                                                                                                                99000",99000,567,https://www.musinsa.com/app/goods/3452553?loc=goods_rank
상의,40,CO2303STE1BK,COVERNAT,에센셜 쿨 코튼 2-PACK 티셔츠 블랙+화이트,49000,34300,150066,https://www.musinsa.com/app/goods/1848166?loc=goods_rank
상의,41,LA20FWHVMT004,LENGAGEMENT,테일 로고 후드티 [그레이],76000,26600,699,https://www.musinsa.com/app/goods/2284814?loc=goods_rank
상의,42,93221TMT100222,1993STUDIO,90S 트랙 스웨트셔츠_블랙,85000,68000,38232,https://www.musinsa.com/app/goods/2313445?loc=goods_rank
상의,43,5003433017,SUARE,워셔블 하찌 하프 집업 니트 - 5 COLOR,59000,51900,636,https://www.musinsa.com/app/goods/3495007?loc=goods_rank
상의,44,CBCFUTH074,CODEGRAPHY,레이싱 배색 스냅 후디_4color,74000,64900,12055,https://www.musinsa.com/app/goods/3438940?loc=goods_rank
상의,45,Overfit Graffiti Logo Hoodie-Bk,FILLUMINATE,오버핏 그래피티 로고 후디-블랙,64000,49900,19952,https://www.musinsa.com/app/goods/2913659?loc=goods_rank
상의,46,JN6TSU803BE,JEEP,1941 빅로고 프린팅 맨투맨 (JN6TSU803BE),59000,59000,3535,https://www.musinsa.com/app/goods/3061222?loc=goods_rank
상의,47,5000088907,ROLAROLA,COLLAR STRIPE BOARDER KNIT WH+BK,79000,75050,36348,https://www.musinsa.com/app/goods/2733940?loc=goods_rank
상의,48,WMPOSWEN6820154-001,POLO RALPH LAUREN,슬림 핏 케이블니트 스웨터 - 블랙,"
                                                                                                                                                219000",219000,12523,https://www.musinsa.com/app/goods/1793970?loc=goods_rank
상의,49,374583,PRENDA,ROUND LOGO CREWNECK SWEATSHIRT BLACK,59000,47200,42618,https://www.musinsa.com/app/goods/2114319?loc=goods_rank
상의,50,MG2200HD12GR,WHATITISNT,[22FW]ANGEL WAPPEN HOOD GRAY,69000,34500,34596,https://www.musinsa.com/app/goods/1752734?loc=goods_rank
상의,51,BR71,BRENSON,Longsleeve 무지 긴팔티,47800,29900,75442,https://www.musinsa.com/app/goods/404474?loc=goods_rank
상의,52,LSH006GGID,LMOOD,테리 인디고 데님 셔츠 블루,108000,97000,8333,https://www.musinsa.com/app/goods/2454238?loc=goods_rank
상의,53,CBCFUWM151SB,CODEGRAPHY,화섬 배색 스포츠 크루넥_스카이블루,59000,55900,7862,https://www.musinsa.com/app/goods/3174978?loc=goods_rank
상의,54,22FW09,AVANDRESS,UNISEX LAUREL OVERSIZED HOODIE - 5 COL,69000,50370,56404,https://www.musinsa.com/app/goods/1211169?loc=goods_rank
상의,55,2023030663,SAINTPAIN,SP 세인트 클럽 롱 슬리브-블랙,48000,43200,9865,https://www.musinsa.com/app/goods/3123511?loc=goods_rank
상의,56,MG2200LT16BK,WHATITISNT,[22FW] ANGEL WAPPEN STRIPE LONG SLEEVE BLACK,45000,19900,71867,https://www.musinsa.com/app/goods/1322019?loc=goods_rank
상의,57,K22AWUK29BK,KNITTED,[니티드X깡스타일리스트] 코튼 미니멀 라운드 니트 BLACK,99000,59800,17572,https://www.musinsa.com/app/goods/2757451?loc=goods_rank
상의,58,B22FT09IV,BORN CHAMPS,[본챔스X러디칙스] 러디 이모션 니트 B22FT09IV,69000,62100,22301,https://www.musinsa.com/app/goods/2713229?loc=goods_rank
상의,59,5005340670,LIKE THE MOST,우먼 리나모스트 소프트 오버핏 후드,79800,29900,2850,https://www.musinsa.com/app/goods/3443214?loc=goods_rank
상의,60,PCD0MSH403SI,POTTERY,Comfort Shirt  01 (Silver  (Thin)),"
                                                                                                                                                189000",189000,876,https://www.musinsa.com/app/goods/3043302?loc=goods_rank
상의,61,IV5786,ADIDAS,아르헨티나 22 3 스타 홈 어센틱 저지 IV5786,"
                                                                                                                                                189000",189000,166,https://www.musinsa.com/app/goods/3531870?loc=goods_rank
상의,62,TRFMT10NV,TRILLION,브이넥 풀 오버 그래픽 웜 업 (NAVY),68000,54000,7582,https://www.musinsa.com/app/goods/3461167?loc=goods_rank
상의,63,TRFKN03BK,TRILLION,워셔블 하프 집업 카라넥 하찌 니트 (PURE BLACK),49000,32450,35933,https://www.musinsa.com/app/goods/2775713?loc=goods_rank
상의,64,CRL-W20,RIOOA,[프리미엄 CP20] 오버핏 긴팔티 (화이트),41500,33000,2546,https://www.musinsa.com/app/goods/2742895?loc=goods_rank
상의,65,5007855036,1989STANDARD,ARCH CHARMING CAT 쿨 코튼 오버핏 반팔(SISSTD-0040),40000,24000,16316,https://www.musinsa.com/app/goods/3294589?loc=goods_rank
상의,66,LG233LMT144MBB,LORD JOHN GREY,reverse panel sweatshirt black,99000,94050,46,https://www.musinsa.com/app/goods/3455868?loc=goods_rank
상의,67,SL23FW-M2-CC,SLOW ACID,리피티드 로고 스웨트셔츠 [차콜],79000,39500,589,https://www.musinsa.com/app/goods/3434735?loc=goods_rank
상의,68,MMJTS113-WH,MUSINSA STANDARD,레이어드 크루 넥 반팔 티셔츠_긴 기장 [화이트],16900,13490,81764,https://www.musinsa.com/app/goods/1382658?loc=goods_rank
상의,69,MOO_21T3BLACK,MOO,피치스킨 벌룬오버 후드 - 블랙,68000,49600,16799,https://www.musinsa.com/app/goods/2109937?loc=goods_rank
상의,70,487389,INTEMPOMOOD,해비 코튼 썸홀 후디 : 15color,87000,73900,19534,https://www.musinsa.com/app/goods/2319988?loc=goods_rank
상의,71,MMCWP601-MR,MUSINSA STANDARD,코튼 리브드 크루 넥 니트 [미디엄 그레이],49900,44890,274,https://www.musinsa.com/app/goods/3435628?loc=goods_rank
상의,72,TAS-EHSS02MG,TOFFEE,에센셜 후드 스웻 셔츠 (MELANGE GREY),43000,33900,46676,https://www.musinsa.com/app/goods/2314616?loc=goods_rank
상의,73,LA20FWHVMT004,LENGAGEMENT,LGGM 로고 후드티 [블랙],76000,26600,544,https://www.musinsa.com/app/goods/2182941?loc=goods_rank
상의,74,B1,VENHIT,EarthHeart 후드티,52900,38900,21917,https://www.musinsa.com/app/goods/2782969?loc=goods_rank
상의,75,compagno10,CPGN STUDIO,Longsleeve 무지 긴팔티 블랙,56000,28000,12339,https://www.musinsa.com/app/goods/394608?loc=goods_rank
상의,76,FC231IH3BR,FACO,FAVICON LOGO HOODY BROWN,70000,63000,10256,https://www.musinsa.com/app/goods/3124098?loc=goods_rank
상의,77,1-1,HUGVONE,무지 머슬핏 반팔 13컬러,22000,17600,16081,https://www.musinsa.com/app/goods/2690691?loc=goods_rank
상의,78,NM43SW02M1WH,NOMANUAL,MOTOCROSS JERSEY - WHITE,"
                                                                                                                                                79000",79000,1957,https://www.musinsa.com/app/goods/3451070?loc=goods_rank
상의,79,FZ910202,CPGN STUDIO,[기모] Geppetto 자수 후드 크림,72000,48240,34192,https://www.musinsa.com/app/goods/1152854?loc=goods_rank
상의,80,MMCWP601-BK,MUSINSA STANDARD,코튼 리브드 크루 넥 니트 [블랙],49900,44890,431,https://www.musinsa.com/app/goods/3435627?loc=goods_rank
상의,81,20FW-NC_001,BLOND9,크루넥 리브 니트 스웨터_블랙,65600,29800,35812,https://www.musinsa.com/app/goods/1710327?loc=goods_rank
상의,82,SL23SSST2-BK,SLOW ACID,러스티 로고 반팔티셔츠 [블랙],39000,19500,4598,https://www.musinsa.com/app/goods/3074120?loc=goods_rank
상의,83,MWZHD001-BK,MASSNOUN,스마일 오버사이즈 헤비 후드티 MWZHD001-BK,"
                                                                                                                                                86000",86000,4072,https://www.musinsa.com/app/goods/1664849?loc=goods_rank
상의,84,23FW,DNSR,썰파 핸드 다잉 블레스 후디,199000,159200,274,https://www.musinsa.com/app/goods/3552685?loc=goods_rank
상의,85,013502,GIORDANO,013502 코튼 피케 폴로 반팔 티셔츠_23color,24800,15000,20457,https://www.musinsa.com/app/goods/3200626?loc=goods_rank
상의,86,TJFHD13BU,TAILOR STUDIO,엔비엘 로고 후드 (버건디),119000,46900,11201,https://www.musinsa.com/app/goods/2104878?loc=goods_rank
상의,87,2167538,TWN,슬레이크 후드 블랙 HHHD3397,57000,41900,20866,https://www.musinsa.com/app/goods/2106706?loc=goods_rank
상의,88,HD23STS12M01,HDEX,[2pack] 메인 스몰 로고 에어 머슬핏 숏 슬리브,72000,64800,2974,https://www.musinsa.com/app/goods/3158061?loc=goods_rank
상의,89,DU23WK3000GY,DTHIRTYONE,Cable V-neck Wool Sweater_Gray,89000,80100,137,https://www.musinsa.com/app/goods/3457366?loc=goods_rank
상의,90,LRSFCTR311M,GROOVE RHYME,[패키지] NYC LOCATION LONG SLEEVE T-SHIRTS (11COLOR) [LRSFCTR311M],98000,39000,41436,https://www.musinsa.com/app/goods/1130844?loc=goods_rank
상의,91,DFSH3106SBL,DRAW FIT,[드로우핏X깡스타일리스트] 페이퍼 코튼 오버핏 셔츠 [SKY BLUE],66000,49500,5014,https://www.musinsa.com/app/goods/3154715?loc=goods_rank
상의,92,C22FC21,CPGN STUDIO,에넥도트 레글런 스웨트셔츠 블랙,88000,57200,11845,https://www.musinsa.com/app/goods/2975860?loc=goods_rank
상의,93,BIFWHDC01CC,BROWNBREATH,TAG CROP HOODIE - CHARCOAL,"
                                                                                                                                                79000",79000,8196,https://www.musinsa.com/app/goods/2958006?loc=goods_rank
상의,94,TRTHSAHD46UC5,TRAVEL,워크샵 디비전 피그먼트 후드티 블랙 차콜,79000,54900,27558,https://www.musinsa.com/app/goods/3012570?loc=goods_rank
상의,95,C23SA20,CPGN STUDIO,슈팅 로고 레글런 스웨트셔츠 베이지브라운,72000,48240,21874,https://www.musinsa.com/app/goods/3056893?loc=goods_rank
상의,96,CO2301CR01BK,COVERNAT,[23SS] C 로고 맨투맨 블랙,59000,41300,30620,https://www.musinsa.com/app/goods/1563621?loc=goods_rank
상의,97,2082055,TWN,어센틱클래식 후드 네이비 STHD3338,60000,42200,11591,https://www.musinsa.com/app/goods/1786771?loc=goods_rank
상의,98,CDHZ001,CROSSDRESSLY,트리플로고 하프집업,89000,64000,547,https://www.musinsa.com/app/goods/3555068?loc=goods_rank
상의,99,YD01HD1007GR,YALE,(23FW) 2 TONE ARCH HOODIE GRAY,79000,63200,664,https://www.musinsa.com/app/goods/3463298?loc=goods_rank
상의,100,76asp0023,ASP,올데이 컴피 60수 셔츠 딥 차콜,73000,55000,2201,https://www.musinsa.com/app/goods/1973463?loc=goods_rank
