﻿카테고리,순위,품번,브랜드명,상품명(한글),판매가,비회원가,좋아요 수,URL
주얼리,1,199482C01,PANDORA,실버 로고 & 하트 링 _199482C01,"
                                                                                                                                                88000",88000,1917,https://www.musinsa.com/app/goods/2237325?loc=goods_rank
주얼리,2,SVR-#S605,SHOVEOFF,[실버 925] SVR-S605 트위스트 데일리 실버 우정 커플반지,"
                                                                                                                                                29800",29800,23950,https://www.musinsa.com/app/goods/966696?loc=goods_rank
주얼리,3,Cinq.silver.50,VERTE,[MENS] NUBBLE RING,"
                                                                                                                                                53000",53000,78,https://www.musinsa.com/app/goods/3086513?loc=goods_rank
주얼리,4,SNE-03,BICYCLETROPHY,S.S 체인 목걸이 03 (데일리 써지컬스틸 목걸이),22000,19800,1504,https://www.musinsa.com/app/goods/1657147?loc=goods_rank
주얼리,5,leather-001,SEPTEMBER5,Leather buckle necklace,"
                                                                                                                                                19000",19000,2290,https://www.musinsa.com/app/goods/3286055?loc=goods_rank
주얼리,6,FTRSAXA801M,MARTIN PLAN,Signature Flower Ring,39000,37100,3228,https://www.musinsa.com/app/goods/3120526?loc=goods_rank
주얼리,7,SVR-#620,SHOVEOFF,SVR-#620 Silver92.5 RING 반지,"
                                                                                                                                                34000",34000,1688,https://www.musinsa.com/app/goods/1372982?loc=goods_rank
주얼리,8,GSMR-001,GLORY_ARDEN,[추가사이즈입고!!]변색/알러지 없는 써지컬 스틸 기본링,"
                                                                                                                                                8000",8000,9499,https://www.musinsa.com/app/goods/276562?loc=goods_rank
주얼리,9,23SSER030SVF,VVV,미니 별 큐빅 원터치 링 써지컬 귀걸이,"
                                                                                                                                                28000",28000,545,https://www.musinsa.com/app/goods/3189362?loc=goods_rank
주얼리,10,925 CUFF SILVER RING,PARTIMENTO,925 CUFF SILVER RING,29000,26100,200,https://www.musinsa.com/app/goods/218265?loc=goods_rank
주얼리,11,Cinq.silver.58,VERTE,OUVERT RING (SILVER),"
                                                                                                                                                25000",25000,518,https://www.musinsa.com/app/goods/2644535?loc=goods_rank
주얼리,12,11374043,ST.SCOTT LONDON,STJ-SN4023 알랭스 로마 목걸이,75000,22500,187,https://www.musinsa.com/app/goods/2657894?loc=goods_rank
주얼리,13,NBR-03,BICYCLETROPHY,RE-자전거체인팔찌(발찌) 03,20000,18000,224,https://www.musinsa.com/app/goods/1119539?loc=goods_rank
주얼리,14,AC22SS04,ACHA,써지컬스틸 꼬임링 펜던트 목걸이 _ 실버,19000,15200,521,https://www.musinsa.com/app/goods/2463626?loc=goods_rank
주얼리,15,23SMTIRHP-105,REORG,TIR REORG LOGO HAIR PIN BLACK,"
                                                                                                                                                15000",15000,303,https://www.musinsa.com/app/goods/3281393?loc=goods_rank
주얼리,16,m1037_407961,HAS,HXS15 Cute heart earring,21000,14700,8816,https://www.musinsa.com/app/goods/1533553?loc=goods_rank
주얼리,17,11302744,JBANS CLASSIC,프리즘213 심플컬러스트링595BK 팔찌세트 (C2101-SE154_BK),31000,18600,13854,https://www.musinsa.com/app/goods/1806399?loc=goods_rank
주얼리,18,11069198,JBANS CLASSIC,커티드스톤 슬림 커플팔찌 (C1902-AC489BK),15000,12750,809,https://www.musinsa.com/app/goods/995967?loc=goods_rank
주얼리,19,10846739,JBANS CLASSIC,써지컬 웨이브체인 커플팔찌 (C1603-AC276SV),15000,12000,901,https://www.musinsa.com/app/goods/404449?loc=goods_rank
주얼리,20,SNE-04,BICYCLETROPHY,S.S 체인 목걸이 04 (써지컬스틸 사각바 펜던트 목걸이),23000,20700,14061,https://www.musinsa.com/app/goods/1688203?loc=goods_rank
주얼리,21,11039921,JBANS CLASSIC,프랫라운딩 해마 슬림팔찌 (C1902-AC479GN),12000,8400,1024,https://www.musinsa.com/app/goods/933783?loc=goods_rank
주얼리,22,GHMN-147,GLORY_ARDEN,[남녀공용] 사각2미리 박스체인 데일리목걸이,16000,12800,2061,https://www.musinsa.com/app/goods/1243201?loc=goods_rank
주얼리,23,5005455947,LUV IS TRUE,CH RIBBON NECKLACE(SILVER),21000,18900,3032,https://www.musinsa.com/app/goods/3469519?loc=goods_rank
주얼리,24,1,NONENON,BLACK LOVE NEC,33000,26400,951,https://www.musinsa.com/app/goods/1468363?loc=goods_rank
주얼리,25,101496,WILD BRICKS,WL DUAL BRACELET (indigo),"
                                                                                                                                                59000",59000,4497,https://www.musinsa.com/app/goods/2468034?loc=goods_rank
주얼리,26,223AAC52_SV,AFTERPRAY,리프 클로버 브로치 실버,"
                                                                                                                                                25000",25000,1564,https://www.musinsa.com/app/goods/3077965?loc=goods_rank
주얼리,27,DOUBLE STING STONE NECKLACE 2 (BK),EASTARGO,DOUBLE STING STONE NECKLACE 2 (BK),"
                                                                                                                                                52000",52000,1792,https://www.musinsa.com/app/goods/3356970?loc=goods_rank
주얼리,28,P00000VQ,LUNNE,14k 미니 4알 진주 링 귀걸이 (14k골드) #ER06,"
                                                                                                                                                49000",49000,51,https://www.musinsa.com/app/goods/2787646?loc=goods_rank
주얼리,29,202225,RUNDS,멀티 비즈 넥크리스 03,"
                                                                                                                                                45000",45000,5807,https://www.musinsa.com/app/goods/2627054?loc=goods_rank
주얼리,30,N23SN09,NUMBERING,#5751,"
                                                                                                                                                180000",180000,137,https://www.musinsa.com/app/goods/3155120?loc=goods_rank
주얼리,31,CA0014,CRUMP,써지컬 스틸 스퀘어 넥크리스(CA0014),21000,19950,5541,https://www.musinsa.com/app/goods/872253?loc=goods_rank
주얼리,32,TBH02ABBC001,TOWTOW ARCHIVE,PEACEMARK SYMBOL BRACELET-IVORY : ARCHIVE-001,"
                                                                                                                                                42000",42000,6558,https://www.musinsa.com/app/goods/2288198?loc=goods_rank
주얼리,33,P0000MAP,AEKKI,시크릿코드 사파이어 원석팔찌,"
                                                                                                                                                38000",38000,247,https://www.musinsa.com/app/goods/1548230?loc=goods_rank
주얼리,34,CR-033,PM 06:17,닉스 커플링,"
                                                                                                                                                148500",148500,69,https://www.musinsa.com/app/goods/3141568?loc=goods_rank
주얼리,35,N0141,STONEHENGE,럭키유 댄싱스톤 스텔라 실버 목걸이 N0141,"
                                                                                                                                                138000",138000,480,https://www.musinsa.com/app/goods/3177806?loc=goods_rank
주얼리,36,LLBB23346SYS,LLOYD,옐로우 버메일 볼륨 링크 팔찌 (M) LLBB23346S,159000,129000,2,https://www.musinsa.com/app/goods/3548573?loc=goods_rank
주얼리,37,P00000SJ,LUNNE,14k 각 컷팅 원터치 미니 링 귀걸이 (14k골드) #ER03,"
                                                                                                                                                32000",32000,1551,https://www.musinsa.com/app/goods/2787638?loc=goods_rank
주얼리,38,2022-015N,HAKKABLACKS,Morse Code Necklace,"
                                                                                                                                                31000",31000,7542,https://www.musinsa.com/app/goods/2517252?loc=goods_rank
주얼리,39,598342CZ,PANDORA,모멘츠 실버 클라습 브레이슬릿_598342CZ,"
                                                                                                                                                118000",118000,263,https://www.musinsa.com/app/goods/2256424?loc=goods_rank
주얼리,40,acc_21ss_010,WOOALONG,Signature Logo Necklace,"
                                                                                                                                                28000",28000,6924,https://www.musinsa.com/app/goods/2286784?loc=goods_rank
주얼리,41,N065,DOHAS,freedom leather necklace,"
                                                                                                                                                28000",28000,3246,https://www.musinsa.com/app/goods/3034777?loc=goods_rank
주얼리,42,TH137216,KOOS,썬더버드 실버 체인,"
                                                                                                                                                109000",109000,52,https://www.musinsa.com/app/goods/1890771?loc=goods_rank
주얼리,43,SET-J0-1083,JESTINA,레이디펄 목걸이+귀걸이 세트 (SET-J0-1083),198000,104800,264,https://www.musinsa.com/app/goods/2230770?loc=goods_rank
주얼리,44,GSOR-005,GLORY_ARDEN,[남여공용] 입체 써지컬스틸 실버링,12900,11610,2188,https://www.musinsa.com/app/goods/2961745?loc=goods_rank
주얼리,45,Gothic R-10,MUSEE.ART,고딕 프레임 커플링(여성용),"
                                                                                                                                                103700",103700,617,https://www.musinsa.com/app/goods/2614851?loc=goods_rank
주얼리,46,590515_798854C09,PANDORA,페탈 핑크 비디드 하트 댕글 네크리스 세트 (10월),"
                                                                                                                                                103000",103000,600,https://www.musinsa.com/app/goods/2317206?loc=goods_rank
주얼리,47,A2208LBLFW23,OUR LEGACY,남성 레더 코드 라돈 키체인 목걸이 - 블랙,135000,99000,14,https://www.musinsa.com/app/goods/3495479?loc=goods_rank
주얼리,48,DFJW2201SV,DRAW FIT,트위스트 바 써지컬 네크리스 [SILVER],25000,22500,1498,https://www.musinsa.com/app/goods/2570569?loc=goods_rank
주얼리,49,AJOSS23-AC-05-SV,AJOBYAJO,[PBA] White Pearl Necklace [SILVER],"
                                                                                                                                                86000",86000,4328,https://www.musinsa.com/app/goods/3111640?loc=goods_rank
주얼리,50,06,QUARQOR,#9310 silver92.5 BRACELET,99000,84150,205,https://www.musinsa.com/app/goods/2637408?loc=goods_rank
주얼리,51,w0001,BLESSED BULLET,클레식 체인 목걸이_실버/골드/빈티지/다크/백금,79000,19000,4804,https://www.musinsa.com/app/goods/384766?loc=goods_rank
주얼리,52,AC22FW03,ACHA,써지컬스틸 사각 스틱  펜던트  목걸이 _ 실버,"
                                                                                                                                                19000",19000,13230,https://www.musinsa.com/app/goods/978524?loc=goods_rank
주얼리,53,110,SAVAGE,Single Chain Necklace,"
                                                                                                                                                72000",72000,48,https://www.musinsa.com/app/goods/3221269?loc=goods_rank
주얼리,54,YK23HSAC06,WAIKEI,돌고래 Kei 목걸이,25000,17500,1291,https://www.musinsa.com/app/goods/3273317?loc=goods_rank
주얼리,55,AC22FW02,ACHA,써지컬스틸 스탠다드 크로스 체인목걸이 _ 실버,"
                                                                                                                                                17000",17000,4056,https://www.musinsa.com/app/goods/853182?loc=goods_rank
주얼리,56,CRTS-23SSJW04-2,CRATERS,PLANET W - 004 : 더블 라인 스톤 브레이슬릿 브라운&베이지,"
                                                                                                                                                68000",68000,345,https://www.musinsa.com/app/goods/3270005?loc=goods_rank
주얼리,57,GHMN-023,GLORY_ARDEN,써지컬스틸 베이직목걸이,22000,16500,9897,https://www.musinsa.com/app/goods/287744?loc=goods_rank
주얼리,58,2,JONGJONG,Crystal Winter Story Ring,150000,65000,760,https://www.musinsa.com/app/goods/3061810?loc=goods_rank
주얼리,59,11337484,JBANS CLASSIC,그레이 론델 원석 써지컬스틸볼 팔찌 (Y2101-AC025_GR),18000,16200,1400,https://www.musinsa.com/app/goods/2007550?loc=goods_rank
주얼리,60,B.W.P-N-05Gold,AG47,B.W.P Necklace-05 Cross Pendant Gold,"
                                                                                                                                                62000",62000,45,https://www.musinsa.com/app/goods/3266192?loc=goods_rank
주얼리,61,JJLJNQ1BF344SR420,JESTINA,LALA J 목걸이 (JJLJNQ1BF344SR420),99000,55200,4670,https://www.musinsa.com/app/goods/2254890?loc=goods_rank
주얼리,62,Un.silver.95,VERTE,CERISE NECKLACE (2 COLOR),"
                                                                                                                                                55000",55000,244,https://www.musinsa.com/app/goods/3321464?loc=goods_rank
주얼리,63,HHPN,51PERCENT,Half & Half Pearl necklace,"
                                                                                                                                                54000",54000,1507,https://www.musinsa.com/app/goods/2363562?loc=goods_rank
주얼리,64,FMRFAXA842M,MAISON MINED,PINCH METAL NECKLACE SILVER,59000,53100,33,https://www.musinsa.com/app/goods/3528557?loc=goods_rank
주얼리,65,Un.silver.101,VERTE,[MENS] MINI RIZI NECKLACE,"
                                                                                                                                                53000",53000,513,https://www.musinsa.com/app/goods/2843219?loc=goods_rank
주얼리,66,11351483,JBANS CLASSIC,데이지 팬던트 써지컬스틸 체인 커플팔찌 (C2101-AC797_SV),18000,12600,9361,https://www.musinsa.com/app/goods/2061864?loc=goods_rank
주얼리,67,HB19R1272A,320SHOWROOM,링크 반지,53000,47700,41,https://www.musinsa.com/app/goods/1216690?loc=goods_rank
주얼리,68,JJLJBI3BF342SR170,JESTINA,마리엘 진주 비드팔찌 (JJLJBI3BF342SR170),84000,47200,21,https://www.musinsa.com/app/goods/3508035?loc=goods_rank
주얼리,69,PV701,PAUL VICE,스네이크 체인 목걸이 - 실버,"
                                                                                                                                                47000",47000,9,https://www.musinsa.com/app/goods/3415443?loc=goods_rank
주얼리,70,JCLJ20F_RIBRA,JUST CRAFT,SANDY/SHERRY/SUNDIAL 반지 3종 택1,59000,59000,509,https://www.musinsa.com/app/goods/1880998?loc=goods_rank
주얼리,71,P00000E2,VINEDEW,메리 초미니 큐빅 귀걸이 (925 Silver),"
                                                                                                                                                11500",11500,342,https://www.musinsa.com/app/goods/2501252?loc=goods_rank
주얼리,72,TBH12ABBC006MX,TOWTOW ARCHIVE,ARCHIVE-008,"
                                                                                                                                                45000",45000,1216,https://www.musinsa.com/app/goods/2288234?loc=goods_rank
주얼리,73,02881,VINTAGE HOLLYWOOD,Alice Heart Necklace_VH23N1NE104B,49000,44100,354,https://www.musinsa.com/app/goods/2041687?loc=goods_rank
주얼리,74,4301803,LUV IS TRUE,PO HEART PIN(SILVER),12000,10800,6074,https://www.musinsa.com/app/goods/1594008?loc=goods_rank
주얼리,75,5004671347,LUV IS TRUE,PY LUCKY RING(GREEN),12000,10800,872,https://www.musinsa.com/app/goods/3305668?loc=goods_rank
주얼리,76,P0000JUH,AEKKI,위너오닉스 천연석팔찌,"
                                                                                                                                                43000",43000,479,https://www.musinsa.com/app/goods/817685?loc=goods_rank
주얼리,77,SIB-S#2#6,SILVERTAG,SIB-PGB 925 silver,"
                                                                                                                                                43000",43000,62,https://www.musinsa.com/app/goods/1831222?loc=goods_rank
주얼리,78,101872,WILD BRICKS,EN TOGGLE BRACELET (beige),"
                                                                                                                                                42000",42000,678,https://www.musinsa.com/app/goods/3191588?loc=goods_rank
주얼리,79,101873,WILD BRICKS,EN TOGGLE BRACELET (orange),"
                                                                                                                                                42000",42000,510,https://www.musinsa.com/app/goods/3191590?loc=goods_rank
주얼리,80,CO2200TC04SV,COVERNAT,C 로고 링,59000,41300,708,https://www.musinsa.com/app/goods/2530851?loc=goods_rank
주얼리,81,10890457,JBANS CLASSIC,남녀공용 미니큐브 써지컬체인 커플팔찌 (C1701-AC321SV),12000,10200,324,https://www.musinsa.com/app/goods/479586?loc=goods_rank
주얼리,82,JJPJNQ9AF501SR420,JESTINA,썬라이즈 목걸이 (JJPJNQ9AF501SR420),120000,39200,5447,https://www.musinsa.com/app/goods/1286917?loc=goods_rank
주얼리,83,Cinq.silver.175,VERTE,TOUS RING,"
                                                                                                                                                39000",39000,69,https://www.musinsa.com/app/goods/2749116?loc=goods_rank
주얼리,84,23SPACC01,ILLIGO,드로즈 펜던트 네크리스,74000,39000,155,https://www.musinsa.com/app/goods/3073339?loc=goods_rank
주얼리,85,11,ESEELMI,HANDMADE ZIP- NECKLACE,49000,39000,50,https://www.musinsa.com/app/goods/3366796?loc=goods_rank
주얼리,86,1MG23FAC102BRW,MARITHE FRANCOIS GIRBAUD,CIRCLE LOGO VELVET CORDUROY HAIR BAND brown,"
                                                                                                                                                39000",39000,55,https://www.musinsa.com/app/goods/3474616?loc=goods_rank
주얼리,87,687940,RIFLE PAPER,Garden Party 리본 머리띠,"
                                                                                                                                                38000",38000,22,https://www.musinsa.com/app/goods/2431795?loc=goods_rank
주얼리,88,FTQFAXA802M,MARTIN PLAN,Layered Ring,39000,37100,2359,https://www.musinsa.com/app/goods/2685505?loc=goods_rank
주얼리,89,P00000JE,EVERYBIRTHDAY,크롭 리본 네크리스,"
                                                                                                                                                37000",37000,4891,https://www.musinsa.com/app/goods/2127426?loc=goods_rank
주얼리,90,C0233,BLESSED BULLET,10mm 가시 링크 목걸이_빈티지 실버/실버,119000,36000,1674,https://www.musinsa.com/app/goods/1864706?loc=goods_rank
주얼리,91,P0000BMW,LUNNE,실버 925 볼드 러프 텍스쳐 이어커프 #LSE80,"
                                                                                                                                                36000",36000,23,https://www.musinsa.com/app/goods/3168031?loc=goods_rank
주얼리,92,ACDSAB0013,ACONTT,진주 원 포인트 쿠션 헤어밴드_5COLOR,"
                                                                                                                                                35000",35000,10,https://www.musinsa.com/app/goods/3350992?loc=goods_rank
주얼리,93,VH2279NE017B,VINTAGE HOLLYWOOD,Petit Ball Necklace_VH2279NE017B,69000,34500,71,https://www.musinsa.com/app/goods/2831959?loc=goods_rank
주얼리,94,DT22FNS11,DMOMENT,SQ 큐빅 은 목걸이 (925실버),43000,33900,354,https://www.musinsa.com/app/goods/3034639?loc=goods_rank
주얼리,95,711024,47BAG,925 Silver Suerte Ring,"
                                                                                                                                                33250",33250,188,https://www.musinsa.com/app/goods/2515858?loc=goods_rank
주얼리,96,FMRFAXA833M,MAISON MINED,PITAL RING,39000,33150,220,https://www.musinsa.com/app/goods/3426363?loc=goods_rank
주얼리,97,P00000TP,LUNNE,14k 별 큐빅 귀걸이 (14k골드) #ES04,"
                                                                                                                                                33000",33000,58,https://www.musinsa.com/app/goods/2787691?loc=goods_rank
주얼리,98,ss041,KINDABABY,silver heart pearl necklace,46000,32200,859,https://www.musinsa.com/app/goods/2560001?loc=goods_rank
주얼리,99,GBSR-013,GLORY_ARDEN,변색/알러지없는 세라믹 블랙 컷팅 반지,10000,8000,1059,https://www.musinsa.com/app/goods/432735?loc=goods_rank
주얼리,100,101257,WILD BRICKS,BD CHAIN BRACELET (silver),"
                                                                                                                                                32000",32000,5634,https://www.musinsa.com/app/goods/1936888?loc=goods_rank
