﻿카테고리,순위,품번,브랜드명,상품명(한글),판매가,비회원가,좋아요 수,URL
스커트,1,GY23CSK013,GLOWNY,TIA DOUBLE LAYERED RUFFLE SKIRT (BROWN),192000,172800,32,https://www.musinsa.com/app/goods/3515573?loc=goods_rank
스커트,2,M3322PSK16CHC,MALBON GOLF,2단 플리츠 스커트 CHARCOAL (WOMAN),"
                                                                                                                                                359000",359000,13,https://www.musinsa.com/app/goods/3512789?loc=goods_rank
스커트,3,N_22 F/W,NICK&NICOLE,NICOLE PINTUCK LAYERED LONG SKIRT_BLACK,99000,69300,7501,https://www.musinsa.com/app/goods/2864414?loc=goods_rank
스커트,4,BE23SSSK001,BEMUSE MANSION,Banding embo skirt - Black,78000,74100,22,https://www.musinsa.com/app/goods/3111289?loc=goods_rank
스커트,5,FP3KS11F,PENFIELD,ANGLER CARGO SKIRT DARK BROWN_FP3KS11F,129000,116100,11,https://www.musinsa.com/app/goods/3523479?loc=goods_rank
스커트,6,UP-509,UNKNOWN PLANET,블랙 데님스커트,78000,62400,109,https://www.musinsa.com/app/goods/3512402?loc=goods_rank
스커트,7,ASK191001-BK,ARDOROBE,베이직 트윌 코튼 스커트  ASK191001-BK,"
                                                                                                                                                56000",56000,1148,https://www.musinsa.com/app/goods/1000195?loc=goods_rank
스커트,8,N_22 S/S,NICK&NICOLE,CLASSIC FLARE SKIRT_NAVY,69000,48300,3524,https://www.musinsa.com/app/goods/2353343?loc=goods_rank
스커트,9,23SS02,AVANDRESS,Stacey pleats Skirt CHARCOAL,49000,41650,3129,https://www.musinsa.com/app/goods/3109158?loc=goods_rank
스커트,10,MWBKS302-BK,MUSINSA STANDARD,우먼즈 플리츠 미니 스커트 [블랙],"
                                                                                                                                                37900",37900,3283,https://www.musinsa.com/app/goods/2551406?loc=goods_rank
스커트,11,MWBKS302-LB,MUSINSA STANDARD,우먼즈 플리츠 미니 스커트 [라이트 베이지],"
                                                                                                                                                37900",37900,2187,https://www.musinsa.com/app/goods/2551409?loc=goods_rank
스커트,12,DANA8130,MILLIONCOR,[DANA 8130]커버밴드 A라인 데님 스커트(블랙그레이),49000,36750,8996,https://www.musinsa.com/app/goods/1618698?loc=goods_rank
스커트,13,W_SHT_OPC,KOLEAT,WOMEN 세미 플레어 미디 롱치마 [블랙],43000,36500,13472,https://www.musinsa.com/app/goods/1819994?loc=goods_rank
스커트,14,W_CSKRT_PLB,KOLEAT,WOMEN 쿨링 냉장고 마몽 주름 플레어 롱스커트 [WHITE] 롱치마 ver.,44000,35200,4465,https://www.musinsa.com/app/goods/2533486?loc=goods_rank
스커트,15,5004232125,MARDI MERCREDI,VOLUME MIDI SKIRT CRAPE_BLACK IVORY,128000,121600,292,https://www.musinsa.com/app/goods/3470564?loc=goods_rank
스커트,16,23FW02,AVANDRESS,Greta Pocket Wrap Skirt CHARCOAL,49000,41650,646,https://www.musinsa.com/app/goods/3511194?loc=goods_rank
스커트,17,23FALL,PLACE STUDIO,[멜로우 X PLACE] 미니멀 슬릿 플리츠 테니스 스커트 [그레이],76000,38000,411,https://www.musinsa.com/app/goods/3555207?loc=goods_rank
스커트,18,GY23CSK013,GLOWNY,TIA DOUBLE LAYERED RUFFLE SKIRT (BLACK),192000,172800,25,https://www.musinsa.com/app/goods/3515574?loc=goods_rank
스커트,19,5004232444,MARDI MERCREDI,VOLUME MAXI SKIRT CRAPE_BLACK IVORY,158000,150100,267,https://www.musinsa.com/app/goods/3470575?loc=goods_rank
스커트,20,017,NOCONTENT,셔링 스커트 + 팬츠 _ 차콜,"
                                                                                                                                                119000",119000,1274,https://www.musinsa.com/app/goods/2806614?loc=goods_rank
스커트,21,MWANK301-WC,MUSINSA STANDARD,우먼즈 데님 미니 스커트 [워시드 블랙],36900,29490,9658,https://www.musinsa.com/app/goods/1944554?loc=goods_rank
스커트,22,5000654338,MILLIONCOR,[DANA 8179] 커버밴드 뒷트임 코튼 롱 스커트 (베이지),56000,44800,4541,https://www.musinsa.com/app/goods/2796166?loc=goods_rank
스커트,23,AGCFWSQ08BK,ANEW GOLF,여성 LEATHER MIX INCISION POINT 스커트 AGCFWSQ08_BK,398000,278600,39,https://www.musinsa.com/app/goods/2755935?loc=goods_rank
스커트,24,326,MAU SOLEUM,[Mausoleum x 이코코] 리본 쉬어 스트링 미디 랩 스커트 - 블랙,71000,63900,5,https://www.musinsa.com/app/goods/3570310?loc=goods_rank
스커트,25,NOI819,NOIAGO,NOI819 모던 데님 맥시 스커트 (블루),72000,50300,1412,https://www.musinsa.com/app/goods/3055929?loc=goods_rank
스커트,26,CLSKDA001NV,CLOVE,[23SS clove] Basic Pleated Skirt (Navy),"
                                                                                                                                                198000",198000,738,https://www.musinsa.com/app/goods/2377814?loc=goods_rank
스커트,27,NOI992,NOIAGO,NOI993 딥 워시드 데님 스커트 (블랙),64000,44800,251,https://www.musinsa.com/app/goods/3451118?loc=goods_rank
스커트,28,AFK33VSK002BKBE,MARDI MERCREDI ACTIF,PLEATS MINI SKIRT BLOOMMARDI PRINTED_BLACK BEIGE,198000,178200,24,https://www.musinsa.com/app/goods/3494773?loc=goods_rank
스커트,29,MWJNK608-CR,MUSINSA STANDARD,우먼즈 데님 미디 스커트 [크림],"
                                                                                                                                                43900",43900,2999,https://www.musinsa.com/app/goods/1645762?loc=goods_rank
스커트,30,MWBNK301-WC,MUSINSA STANDARD,우먼즈 프론트 슬릿 데님 롱 스커트 [워시드 블랙],"
                                                                                                                                                43900",43900,2802,https://www.musinsa.com/app/goods/2448899?loc=goods_rank
스커트,31,S765163,OVERDUEFLAIR,[slip skirt set]spangle layer skirt,"
                                                                                                                                                169000",169000,230,https://www.musinsa.com/app/goods/3275796?loc=goods_rank
스커트,32,TRTTAWNK05WC6,TRAVEL,걸스카우트 카고 포켓 스커트 블랙,59000,39900,5521,https://www.musinsa.com/app/goods/2716675?loc=goods_rank
스커트,33,KL_KGMNSKT_KK,KOLEAT,WOMEN 카고 히든 밴딩 미니스커트 치마 [카키],46500,39500,1148,https://www.musinsa.com/app/goods/3056388?loc=goods_rank
스커트,34,CR23FWSK003BR1,CERRIC,WING POCKET LONG SKIRT,"
                                                                                                                                                158000",158000,7,https://www.musinsa.com/app/goods/3528101?loc=goods_rank
스커트,35,5004232454,MARDI MERCREDI,VOLUME MAXI SKIRT CRAPE DOT_NAVY RED,158000,150100,171,https://www.musinsa.com/app/goods/3470579?loc=goods_rank
스커트,36,EGSK3A002BG,EXPIRED GIRL,미디 데님 스커트 라이트,"
                                                                                                                                                149000",149000,603,https://www.musinsa.com/app/goods/3120257?loc=goods_rank
스커트,37,5004098787,ROLAROLA,WOOL BLENDED BUCKLE PLEATS SKIRT CHARCOAL,149000,141550,145,https://www.musinsa.com/app/goods/3445404?loc=goods_rank
스커트,38,5004098789,ROLAROLA,WOOL BLENDED BUCKLE PLEATS SKIRT BROWN,149000,141550,120,https://www.musinsa.com/app/goods/3445408?loc=goods_rank
스커트,39,22FW04,AVANDRESS,Quilting Long Denim Skirt BLACK,72000,35280,9719,https://www.musinsa.com/app/goods/2836351?loc=goods_rank
스커트,40,MWBKK101-BK,MUSINSA STANDARD,우먼즈 스웨트 맥시 스커트 [블랙],"
                                                                                                                                                34900",34900,3160,https://www.musinsa.com/app/goods/2392478?loc=goods_rank
스커트,41,GY23CSK009,GLOWNY,MODA MESH GRAPHIC LONG SKIRT (INK),148000,133200,13,https://www.musinsa.com/app/goods/3536445?loc=goods_rank
스커트,42,RF1RWBD1SK001BK,ROCKFISH WEATHERWEAR,RFH EMBROIDERY GATHER SKIRT - BLACK,143000,128700,337,https://www.musinsa.com/app/goods/3062185?loc=goods_rank
스커트,43,SY2C23SS,SY2C,체크 린넨 미니스커트 [2color],"
                                                                                                                                                128000",128000,63,https://www.musinsa.com/app/goods/3114279?loc=goods_rank
스커트,44,UDSK3C201W2,DUNST FOR WOMEN,BUCKLE PLEATS MINI CHECK SKIRT BROWN CHECK_UDSK3C201W2,129000,122550,245,https://www.musinsa.com/app/goods/3476222?loc=goods_rank
스커트,45,UDSK3C203CG,DUNST FOR WOMEN,H-LINE SLIT WRAP SKIRT CHARCOAL GREY_UDSK3C203CG,129000,122550,73,https://www.musinsa.com/app/goods/3483638?loc=goods_rank
스커트,46,5001745352,LUV IS TRUE,VL CARGO SKIRT(BROWN),135000,121500,839,https://www.musinsa.com/app/goods/2935290?loc=goods_rank
스커트,47,22FW04,AVANDRESS,PLEATS DENIM SKIRT GREY,59000,30090,10363,https://www.musinsa.com/app/goods/2836289?loc=goods_rank
스커트,48,SL23SSSK1-GY,SLOW ACID,나일론 롱 스커트 [그레이],72000,29900,169,https://www.musinsa.com/app/goods/3074256?loc=goods_rank
스커트,49,5004110564,KANGOL,우먼스 포켓 코듀로이 스커트 8107 베이지,"
                                                                                                                                                118000",118000,13,https://www.musinsa.com/app/goods/3533959?loc=goods_rank
스커트,50,MWANK301-BK,MUSINSA STANDARD,우먼즈 데님 미니 스커트 [블랙],36900,29490,2628,https://www.musinsa.com/app/goods/2362073?loc=goods_rank
스커트,51,BQ230310,SINCETHEN,티어드 쉬폰 스커트,138000,117300,141,https://www.musinsa.com/app/goods/3322311?loc=goods_rank
스커트,52,LB232SK011,LABELARCHIVE,짚 스커트 에크루,138000,110400,11,https://www.musinsa.com/app/goods/3353417?loc=goods_rank
스커트,53,BU #62,BURMULA,미디 플리츠 스커트 (퍼플),129000,109650,204,https://www.musinsa.com/app/goods/3071439?loc=goods_rank
스커트,54,5004659413,MOMET,디에나 훌 스커트 블랙,"
                                                                                                                                                103000",103000,15,https://www.musinsa.com/app/goods/3239120?loc=goods_rank
스커트,55,BQ230663,SINCETHEN,에픽 핀턱 롱스커트,114000,102600,10,https://www.musinsa.com/app/goods/3491800?loc=goods_rank
스커트,56,2302SK1,PLAYBOO,PIQUE PLEATED BANDING SKIRT WINNER PANTS_Navy,"
                                                                                                                                                99000",99000,42,https://www.musinsa.com/app/goods/3281218?loc=goods_rank
스커트,57,CU2279SK003MBB,CURETTY,C BELTED PLEATS SKIRT_BLACK,"
                                                                                                                                                99000",99000,117,https://www.musinsa.com/app/goods/3450646?loc=goods_rank
스커트,58,RCFSA72BE,LORDLOAR,코튼 플리츠 스커트 BEIGE,108000,97200,112,https://www.musinsa.com/app/goods/3463275?loc=goods_rank
스커트,59,NG2DFFPA90ABI,NICEGHOSTCLUB,코튼 미디 스커트_브릭(NG2DFFPA90A),119000,95200,89,https://www.musinsa.com/app/goods/3511670?loc=goods_rank
스커트,60,GY23CSK006,GLOWNY,DEVON EYELET LONG SKIRT (WHITE),98000,88200,5,https://www.musinsa.com/app/goods/3515540?loc=goods_rank
스커트,61,cmb23fw21,CALL ME BABY,Baby Wool Skirt _ Grey,98000,88200,11,https://www.musinsa.com/app/goods/3540987?loc=goods_rank
스커트,62,P0000CWS,MANGO MANY PLEASE,KIKO FLARE SKIRT (2colors),"
                                                                                                                                                88000",88000,195,https://www.musinsa.com/app/goods/3533601?loc=goods_rank
스커트,63,5000026918,ROLAROLA,SLIT MIDI SKIRT BLACK,85000,80750,333,https://www.musinsa.com/app/goods/2719680?loc=goods_rank
스커트,64,CU2279SK003MGY,CURETTY,C BELTED PLEATS SKIRT_GREY,99000,79200,461,https://www.musinsa.com/app/goods/2738164?loc=goods_rank
스커트,65,clueless mini skirt - charcoal,BRENDA BRENDEN SEOUL,clueless mini skirt - charcoal,"
                                                                                                                                                79000",79000,2,https://www.musinsa.com/app/goods/3553850?loc=goods_rank
스커트,66,NRSK3E002IV,NOT YOUR ROSE,블레어 랩 스커트 (아이보리),"
                                                                                                                                                72000",72000,1334,https://www.musinsa.com/app/goods/3130595?loc=goods_rank
스커트,67,LE2303SR60NA,LEE,코듀로이 미니 스커트 네이비,79000,71100,155,https://www.musinsa.com/app/goods/3447512?loc=goods_rank
스커트,68,5005455937,LUV IS TRUE,CH RIBBON CARGO SKIRT(BLACK),78000,70200,360,https://www.musinsa.com/app/goods/3469497?loc=goods_rank
스커트,69,OO3FFDK102BL,ODDSTUDIO,샌드 워싱 카고 데님 미니 스커트 - BLUE,74000,66600,536,https://www.musinsa.com/app/goods/3518741?loc=goods_rank
스커트,70,22EHFSSK002IB,EXPRESS HOLIDAY,백슬릿 데님 스커트_인디고 블루,92000,64400,922,https://www.musinsa.com/app/goods/2821323?loc=goods_rank
스커트,71,326,MAU SOLEUM,[Mausoleum x 이코코] 리본 쉬어 스트링 미디 랩 스커트 - 아이보리,71000,63900,4,https://www.musinsa.com/app/goods/3570301?loc=goods_rank
스커트,72,PW-23210BR,PARTIMENTO WOMEN,2 사이드 벨티드 컷 오프 플리츠 스커트_브라운,74000,62900,375,https://www.musinsa.com/app/goods/3536853?loc=goods_rank
스커트,73,RA3SKL01BK,RDVZ,스티치 포인트 데님 롱스커트,89000,62300,2217,https://www.musinsa.com/app/goods/1949446?loc=goods_rank
스커트,74,5003428804,ITOV SEOUL,컷아웃 레더 미니스커트,69000,62100,39,https://www.musinsa.com/app/goods/3517933?loc=goods_rank
스커트,75,GY23CSK010,GLOWNY,ARCTIC PIGMENT MINI SKIRT (CHARCOAL),68000,61200,20,https://www.musinsa.com/app/goods/3516336?loc=goods_rank
스커트,76,CGKWSK1101OR,CLEVELAND GOLF,밑단전체 기계주름 여성 플리츠 큐롯_CGKWSK1101OR,178000,59000,6,https://www.musinsa.com/app/goods/2177189?loc=goods_rank
스커트,77,LRSK3301BKF,LEATHERY,스트링 카고 스커트 [BLACK],69000,58650,781,https://www.musinsa.com/app/goods/3435354?loc=goods_rank
스커트,78,MIWWHD916C,MIXXO,나일론 스트링 카고 스커트_MIWWHD916C,59900,56900,459,https://www.musinsa.com/app/goods/3465807?loc=goods_rank
스커트,79,2022090530,MOON FAIRY,MF 엘포 플레어 미니 스커트-블랙,58000,52200,615,https://www.musinsa.com/app/goods/2807058?loc=goods_rank
스커트,80,5000654336,MILLIONCOR,[DANA 8188] 커버밴드 뒷트임 컷팅 롱 스커트 (중청),65000,52000,1839,https://www.musinsa.com/app/goods/2796164?loc=goods_rank
스커트,81,23SS07,AVANDRESS,snow denim mini skirt BLACK,59000,50150,775,https://www.musinsa.com/app/goods/3263952?loc=goods_rank
스커트,82,MWCKS501-BK,MUSINSA STANDARD,우먼즈 비건 레더 슬릿 롱 스커트 [블랙],"
                                                                                                                                                49900",49900,337,https://www.musinsa.com/app/goods/3296929?loc=goods_rank
스커트,83,2019FW-RMS-BLACK,REORG,RE-MINI SKIRT BLACK,"
                                                                                                                                                49000",49000,2073,https://www.musinsa.com/app/goods/1216362?loc=goods_rank
스커트,84,LOEIL_W,LOEIL,플레어 코튼 미디 스커트 - 아이보리,67900,47500,4190,https://www.musinsa.com/app/goods/2416846?loc=goods_rank
스커트,85,ZJFFRR001,ZEROSTREET,[4컬러] 롱 플레어 샤 스커트,79000,47400,2775,https://www.musinsa.com/app/goods/1661322?loc=goods_rank
스커트,86,MWJNK608-LI,MUSINSA STANDARD,우먼즈 데님 미디 스커트 [라이트 인디고],"
                                                                                                                                                43900",43900,3376,https://www.musinsa.com/app/goods/1645760?loc=goods_rank
스커트,87,MWBKS701-KB,MUSINSA STANDARD,우먼즈 코듀로이 플리츠 미니 스커트 [카키 브라운],"
                                                                                                                                                43900",43900,1953,https://www.musinsa.com/app/goods/2568778?loc=goods_rank
스커트,88,MWBKS705-BK,MUSINSA STANDARD,우먼즈 맥시 스커트 [블랙],"
                                                                                                                                                43900",43900,2113,https://www.musinsa.com/app/goods/2792603?loc=goods_rank
스커트,89,10704,PHILOGRAM,클래식 롱 데님 스커트,73000,43800,1768,https://www.musinsa.com/app/goods/2182756?loc=goods_rank
스커트,90,23SS09,AVANDRESS,Ellie cargo maxi skirt - 5COL,68000,40800,3760,https://www.musinsa.com/app/goods/3324764?loc=goods_rank
스커트,91,TRTHSUNK06WC5,TRAVEL,워크샵 지퍼 포켓 스커트 차콜,59000,39900,2969,https://www.musinsa.com/app/goods/3233106?loc=goods_rank
스커트,92,HM3DP127B,HAINT,빅토리아 데님 스커트-light blue,49000,39200,312,https://www.musinsa.com/app/goods/2434824?loc=goods_rank
스커트,93,MWJKL601-KB,MUSINSA STANDARD,우먼즈 코듀로이 미디 스커트 [카키 브라운],"
                                                                                                                                                38900",38900,1199,https://www.musinsa.com/app/goods/2051415?loc=goods_rank
스커트,94,23FALL,PLACE STUDIO,[멜로우 X PLACE] 미니멀 슬릿 플리츠 테니스 스커트 [블랙],76000,38000,184,https://www.musinsa.com/app/goods/3555164?loc=goods_rank
스커트,95,MWAKS308-BK,MUSINSA STANDARD,우먼즈 하이 웨이스트 슬릿 롱 스커트 [블랙],"
                                                                                                                                                37900",37900,10419,https://www.musinsa.com/app/goods/1931894?loc=goods_rank
스커트,96,MWAKS504-BK,MUSINSA STANDARD,우먼즈 하이 웨이스트 롱 스커트 [블랙],"
                                                                                                                                                37900",37900,3080,https://www.musinsa.com/app/goods/2117256?loc=goods_rank
스커트,97,MWBKS203-BK,MUSINSA STANDARD,우먼즈 슬릿 미니 스코츠 [블랙],"
                                                                                                                                                37900",37900,5943,https://www.musinsa.com/app/goods/2551401?loc=goods_rank
스커트,98,MWBKS203-LK,MUSINSA STANDARD,우먼즈 슬릿 미니 스코츠 [라이트 카키],"
                                                                                                                                                37900",37900,217,https://www.musinsa.com/app/goods/3379471?loc=goods_rank
스커트,99,PW-2219,PARTIMENTO WOMEN,컷 오프 플리츠 스커트_차콜 그레이,61600,36960,713,https://www.musinsa.com/app/goods/2766974?loc=goods_rank
스커트,100,PW-2219,PARTIMENTO WOMEN,컷 오프 플리츠 스커트_브라운,61600,36960,438,https://www.musinsa.com/app/goods/2766977?loc=goods_rank
