﻿카테고리,순위,품번,브랜드명,상품명(한글),판매가,비회원가,좋아요 수,URL
양말레그웨어,1,MMASC101-WH,MUSINSA STANDARD,라이트웨이트 크루 삭스 7팩 [화이트],"
                                                                                                                                                19900",19900,85361,https://www.musinsa.com/app/goods/991339?loc=goods_rank
양말레그웨어,2,T17Z010,IL-O-GONG-CHIL,[10PACK] 1507 모노 트라우져 하프 삭스 _ 스노우화이트/화이트/블랙,24000,14900,93003,https://www.musinsa.com/app/goods/998051?loc=goods_rank
양말레그웨어,3,MMASC203-WH/BK,MUSINSA STANDARD,라이트웨이트 크루 삭스 10팩 [화이트/블랙],27900,23690,21219,https://www.musinsa.com/app/goods/1986031?loc=goods_rank
양말레그웨어,4,mono trouser 6p,IL-O-GONG-CHIL,[6PACK] 1507 모노 트라우져 삭스_ 스노우화이트/화이트/블랙 - 흘러내리지 않는 양말,19800,14900,38950,https://www.musinsa.com/app/goods/734085?loc=goods_rank
양말레그웨어,5,T17Z005,IL-O-GONG-CHIL,[10PACK] 1507 엠보 트라우져 하프 삭스 _ 스노우 화이트/블랙,24000,12500,12914,https://www.musinsa.com/app/goods/1443937?loc=goods_rank
양말레그웨어,6,5000618466,SOCKPIENS,[8팩] 무압박 밴드 여자 무지 중목 양말,18900,14900,3671,https://www.musinsa.com/app/goods/2845854?loc=goods_rank
양말레그웨어,7,basic h_lip,IL-O-GONG-CHIL,[5PACK] 1507 베이직 트라우져 립삭스 _ 스노우 화이트/블랙,16500,10900,4150,https://www.musinsa.com/app/goods/1348077?loc=goods_rank
양말레그웨어,8,T17Z010,IL-O-GONG-CHIL,[10PACK] 1507 모노 트라우져 스니커즈 삭스 _  스노우 화이트/블랙,20000,13900,11617,https://www.musinsa.com/app/goods/991570?loc=goods_rank
양말레그웨어,9,T17Z010,IL-O-GONG-CHIL,[10PACK] 1507 스쿨팩 삭스 - 스노우화이트/화이트/블랙,33000,11500,7156,https://www.musinsa.com/app/goods/2832613?loc=goods_rank
양말레그웨어,10,S21490,ADIDAS,솔리드 크루 삭스 3P - 블랙:화이트,22000,15400,4521,https://www.musinsa.com/app/goods/1547562?loc=goods_rank
양말레그웨어,11,MMASC203-WH,MUSINSA STANDARD,라이트웨이트 크루 삭스 10팩 [화이트],"
                                                                                                                                                27900",27900,9182,https://www.musinsa.com/app/goods/1986029?loc=goods_rank
양말레그웨어,12,MMASC102-WH,MUSINSA STANDARD,라이트웨이트 미들 삭스 7팩 [화이트],"
                                                                                                                                                19900",19900,31624,https://www.musinsa.com/app/goods/1094748?loc=goods_rank
양말레그웨어,13,SWADSC11242,PIGC,여성 로고 포인트 스포츠 장목 양말 스카이블루 (SWADSC11242),"
                                                                                                                                                19000",19000,11,https://www.musinsa.com/app/goods/3098037?loc=goods_rank
양말레그웨어,14,MM2034ACCSO003,MARDI MERCREDI,SOCKS FLOS EMOJI_BLACK,16000,15200,3886,https://www.musinsa.com/app/goods/1556773?loc=goods_rank
양말레그웨어,15,MM2034ACCSO001,MARDI MERCREDI,SOCKS FLOS EMOJI_DARKBEIGE,16000,15200,1962,https://www.musinsa.com/app/goods/1556775?loc=goods_rank
양말레그웨어,16,MMASC001-WH,MUSINSA STANDARD,크루 삭스 7팩 [화이트],22900,15990,16491,https://www.musinsa.com/app/goods/746158?loc=goods_rank
양말레그웨어,17,KUQWASO730M,KIRSH,유니 스몰 체리 컬러 블록 삭스 [아이보리],15000,9900,269,https://www.musinsa.com/app/goods/2813339?loc=goods_rank
양말레그웨어,18,CY2313AC001MMX,COILY,LABEL POINT LONG SOCKS SET,28000,9900,146,https://www.musinsa.com/app/goods/3183433?loc=goods_rank
양말레그웨어,19,LOEIL_W,LOEIL,베이직 코튼 니삭스 - 차콜,8800,7000,161,https://www.musinsa.com/app/goods/3105583?loc=goods_rank
양말레그웨어,20,T17Z010,IL-O-GONG-CHIL,[10PACK] 1507 스쿨팩 미니 삭스 - 스노우화이트/화이트/블랙,27800,9900,871,https://www.musinsa.com/app/goods/2832593?loc=goods_rank
양말레그웨어,21,FK7AK01U,PENFIELD,Retro classic socks_FK7AK01U,4900,3430,745,https://www.musinsa.com/app/goods/1219268?loc=goods_rank
양말레그웨어,22,basic h_lip,IL-O-GONG-CHIL,[10PACK] 1507 베이직 트라우져 립삭스 _ 스노우 화이트/블랙,33000,16900,15332,https://www.musinsa.com/app/goods/1342874?loc=goods_rank
양말레그웨어,23,MMJSC029-WH,MUSINSA STANDARD,페이크 삭스 7팩 [화이트],16900,15190,12419,https://www.musinsa.com/app/goods/792919?loc=goods_rank
양말레그웨어,24,HD21FSS004,HDEX,메인로고 삭스 4컬러 3packs,21000,18900,2121,https://www.musinsa.com/app/goods/2959926?loc=goods_rank
양말레그웨어,25,5005210850,MIZUNO,쿠션 미드 5족,20900,17900,503,https://www.musinsa.com/app/goods/3414085?loc=goods_rank
양말레그웨어,26,MMASC101-MN,MUSINSA STANDARD,라이트웨이트 크루 삭스 7팩 [모노],"
                                                                                                                                                19900",19900,7630,https://www.musinsa.com/app/goods/991341?loc=goods_rank
양말레그웨어,27,T17Z002,IL-O-GONG-CHIL,[5PACK] 1507 우먼스 모노 슬림 하이 립삭스 - 스노우화이트/크림/블랙,15800,10900,1253,https://www.musinsa.com/app/goods/3321450?loc=goods_rank
양말레그웨어,28,5005210949,MIZUNO,남성 단목 7족,19900,10900,80,https://www.musinsa.com/app/goods/3414110?loc=goods_rank
양말레그웨어,29,FAKE-W4P,IL-O-GONG-CHIL,[10PACK] 1507 페이크 삭스(실리콘 처리) _ 스노우 화이트/블랙,22000,16900,20068,https://www.musinsa.com/app/goods/763821?loc=goods_rank
양말레그웨어,30,T17Z031,IL-O-GONG-CHIL,[5PACK] 1507 유니섹스 컬러 트라우져 삭스 - 컬러선택형,13900,9900,17212,https://www.musinsa.com/app/goods/1729576?loc=goods_rank
양말레그웨어,31,GY23CHW001,GLOWNY,SHEER KNEE HIGH SOCKS (IVORY),28000,25200,30,https://www.musinsa.com/app/goods/3536103?loc=goods_rank
양말레그웨어,32,GY23CHW001,GLOWNY,SHEER KNEE HIGH SOCKS (BLACK),28000,25200,33,https://www.musinsa.com/app/goods/3536114?loc=goods_rank
양말레그웨어,33,2030653,PUMA SOCKS,크레오라 쿼터삭스 5PACK [사이즈/컬러선택],14000,7900,495,https://www.musinsa.com/app/goods/1645632?loc=goods_rank
양말레그웨어,34,MMASC101-BK,MUSINSA STANDARD,라이트웨이트 크루 삭스 7팩 [블랙],"
                                                                                                                                                19900",19900,20470,https://www.musinsa.com/app/goods/991340?loc=goods_rank
양말레그웨어,35,IJ0733,ADIDAS,미드컷 크루 삭스 3P - 화이트,22000,19900,737,https://www.musinsa.com/app/goods/3364214?loc=goods_rank
양말레그웨어,36,SOCK_1290,SUPERBASIC,1290 남녀공용 골지 양말 5켤레 (30색상),"
                                                                                                                                                10900",10900,19043,https://www.musinsa.com/app/goods/752821?loc=goods_rank
양말레그웨어,37,MMASC102-MN,MUSINSA STANDARD,라이트웨이트 미들 삭스 7팩 [모노],19900,17890,3200,https://www.musinsa.com/app/goods/1094750?loc=goods_rank
양말레그웨어,38,MMASC102-BK,MUSINSA STANDARD,라이트웨이트 미들 삭스 7팩 [블랙],19900,15890,3745,https://www.musinsa.com/app/goods/1094749?loc=goods_rank
양말레그웨어,39,S21489,ADIDAS,솔리드 크루 삭스 3P - 화이트:블랙,22000,15400,16591,https://www.musinsa.com/app/goods/479245?loc=goods_rank
양말레그웨어,40,GD3576,ADIDAS,미드컷 크루 삭스 3P - 블랙:화이트,22000,15400,4365,https://www.musinsa.com/app/goods/1477846?loc=goods_rank
양말레그웨어,41,T17Z005,IL-O-GONG-CHIL,[6PACK] 모노 애슬레틱 삭스 _ 화이트/블랙/스노우 화이트,20800,13900,3352,https://www.musinsa.com/app/goods/1717607?loc=goods_rank
양말레그웨어,42,T17Z010,IL-O-GONG-CHIL,[10PACK] 1507 모노 트라우져 쇼트 삭스 _ 화이트/블랙/스노우화이트,24000,12900,2496,https://www.musinsa.com/app/goods/2347097?loc=goods_rank
양말레그웨어,43,MMJSC030-WH,MUSINSA STANDARD,쇼트 삭스 7팩 [화이트],15900,11890,6949,https://www.musinsa.com/app/goods/1094835?loc=goods_rank
양말레그웨어,44,T17Z003,IL-O-GONG-CHIL,[5PACK] 1507 클래식 더블 애슬레틱 하프 삭스 - 스노우화이트/블랙,17000,11800,245,https://www.musinsa.com/app/goods/2943288?loc=goods_rank
양말레그웨어,45,T17Z002,IL-O-GONG-CHIL,[5PACK] 1507 우먼스 모노 슬림 립삭스,14800,9900,4159,https://www.musinsa.com/app/goods/472686?loc=goods_rank
양말레그웨어,46,T17Z010,IL-O-GONG-CHIL,[5PACK] 1507 모노 트라우져 하프 삭스 _ 스노우 화이트,12000,9900,6947,https://www.musinsa.com/app/goods/1346009?loc=goods_rank
양말레그웨어,47,S17Z005,IL-O-GONG-CHIL,[5PACK] 1507 애슬레틱 골프 포인트 삭스 _ 스노우 화이트,15000,9900,235,https://www.musinsa.com/app/goods/1951621?loc=goods_rank
양말레그웨어,48,5000715006,SOCKPIENS,[4팩] 슬림 기모 여자 무지 장목 양말,"
                                                                                                                                                19900",19900,626,https://www.musinsa.com/app/goods/2870875?loc=goods_rank
양말레그웨어,49,w-pts23-026,BADBLOOD,컷아웃 메쉬 붓컷 타이즈 - 블랙,"
                                                                                                                                                79000",79000,190,https://www.musinsa.com/app/goods/3426993?loc=goods_rank
양말레그웨어,50,MMJSC028-BK,MUSINSA STANDARD,스포츠 삭스 7팩 [블랙],"
                                                                                                                                                17900",17900,802,https://www.musinsa.com/app/goods/746155?loc=goods_rank
양말레그웨어,51,MMBSC111-WH/BK,MUSINSA STANDARD,와이드 리브드 크루 삭스 7팩 [화이트/블랙],19900,17890,1115,https://www.musinsa.com/app/goods/2738094?loc=goods_rank
양말레그웨어,52,T17Z005,IL-O-GONG-CHIL,[10PACK] 1507 라이트 애슬레틱 쇼트 삭스 - 스노우화이트/블랙,25000,16900,560,https://www.musinsa.com/app/goods/2605934?loc=goods_rank
양말레그웨어,53,T17Z003,IL-O-GONG-CHIL,[10PACK] 1507 클래식 더블 애슬레틱 하프 삭스 - 스노우화이트/블랙,27000,16200,890,https://www.musinsa.com/app/goods/2929635?loc=goods_rank
양말레그웨어,54,SOCKS_1190,SUPERBASIC,1190 쿠션 크루삭스 5켤레 (2색상),"
                                                                                                                                                13900",13900,1602,https://www.musinsa.com/app/goods/783120?loc=goods_rank
양말레그웨어,55,M33001ESC90WHT,MUSINSA STANDARD SPORTS,울트라 쿠셔닝 스포츠 크루 삭스 (3PACK) [화이트] 드라이액션™,15900,13515,1119,https://www.musinsa.com/app/goods/3275357?loc=goods_rank
양말레그웨어,56,T17Z003,IL-O-GONG-CHIL,[5PACK] 1507 클래식 더블 애슬레틱 삭스 _ 스노우화이트(남성용),16800,12800,828,https://www.musinsa.com/app/goods/1233979?loc=goods_rank
양말레그웨어,57,6223FWTI05MU,2000ARCHIVES,그레이 더블익스포져 스타킹,"
                                                                                                                                                49200",49200,143,https://www.musinsa.com/app/goods/3478180?loc=goods_rank
양말레그웨어,58,001,GREENBUTTER,Butter Long Socks (Butter),"
                                                                                                                                                11900",11900,565,https://www.musinsa.com/app/goods/3346269?loc=goods_rank
양말레그웨어,59,23OSSAC02IVF,ODDONEOUT,New ribbon string lace socks_IVORY,"
                                                                                                                                                45000",45000,1027,https://www.musinsa.com/app/goods/3135820?loc=goods_rank
양말레그웨어,60,W657,SOCKSA,[2켤레]여자 스완 시스루 셔링 루즈삭스 레그 워머 거즈 긴 양말 니삭스 5색상,14200,9940,598,https://www.musinsa.com/app/goods/3388391?loc=goods_rank
양말레그웨어,61,T17Z010,IL-O-GONG-CHIL,[5PACK] 1507 모노 트라우져 하프 삭스 _ 블랙,12000,9900,1256,https://www.musinsa.com/app/goods/1346070?loc=goods_rank
양말레그웨어,62,mono trouser 6p,IL-O-GONG-CHIL,[3PACK] 1507 애슬레틱 쿨맥스 삭스_ 스노우 화이트/블랙,13000,9900,1211,https://www.musinsa.com/app/goods/2546992?loc=goods_rank
양말레그웨어,63,mono trouser 6p,IL-O-GONG-CHIL,[3PACK] 1507 라이트 애슬레틱 엠보 케어 삭스 - 화이트/블랙,13000,9900,358,https://www.musinsa.com/app/goods/3388670?loc=goods_rank
양말레그웨어,64,RON_SO,GROVE,론 삭스 (3color),12000,9600,947,https://www.musinsa.com/app/goods/2779002?loc=goods_rank
양말레그웨어,65,TNCOCAC002BK,THISISNEVERTHAT,(FW20) SP-Logo Socks 3Pack Black,19000,9500,774,https://www.musinsa.com/app/goods/1691642?loc=goods_rank
양말레그웨어,66,HD23SSC01C01,HDEX,메인로고 스트라이프 삭스 3 컬러 5packs,35000,28000,82,https://www.musinsa.com/app/goods/3119446?loc=goods_rank
양말레그웨어,67,MMASC203-BK,MUSINSA STANDARD,라이트웨이트 크루 삭스 10팩 [블랙],"
                                                                                                                                                27900",27900,1871,https://www.musinsa.com/app/goods/1986030?loc=goods_rank
양말레그웨어,68,MMASC204-WH,MUSINSA STANDARD,라이트웨이트 미들 삭스 10팩 [화이트],27900,25090,3684,https://www.musinsa.com/app/goods/1996702?loc=goods_rank
양말레그웨어,69,1MG23CSO114MLT,MARITHE FRANCOIS GIRBAUD,3PACK EMBROIDERY SOCKS multi,"
                                                                                                                                                25000",25000,647,https://www.musinsa.com/app/goods/3065854?loc=goods_rank
양말레그웨어,70,1MG00CSO101WHT,MARITHE FRANCOIS GIRBAUD,3PACK EMBROIDERY SOCKS white,"
                                                                                                                                                25000",25000,184,https://www.musinsa.com/app/goods/3457421?loc=goods_rank
양말레그웨어,71,recontainer-45,REPLAY CONTAINER,blue line socks (white),"
                                                                                                                                                6000",6000,3335,https://www.musinsa.com/app/goods/445289?loc=goods_rank
양말레그웨어,72,양말,YONEX,여성 스포츠양말 배드민턴 테니스 5족세트,"
                                                                                                                                                24000",24000,20,https://www.musinsa.com/app/goods/2597634?loc=goods_rank
양말레그웨어,73,MMASC205-BK,MUSINSA STANDARD,페이크 삭스 10팩 [블랙],"
                                                                                                                                                23900",23900,650,https://www.musinsa.com/app/goods/2011851?loc=goods_rank
양말레그웨어,74,T17Z010,IL-O-GONG-CHIL,[10PACK+10PACK] 1507 모노 트라우져 스니커즈 삭스 _  스노우 화이트/블랙,48000,23900,164,https://www.musinsa.com/app/goods/2623867?loc=goods_rank
양말레그웨어,75,MWCSC501-IV,MUSINSA STANDARD,우먼즈 니트 레그 워머 [아이보리],"
                                                                                                                                                23900",23900,285,https://www.musinsa.com/app/goods/3455535?loc=goods_rank
양말레그웨어,76,socksappeal_060,SOCKS APPEAL,lobby bear olive SET,34000,23800,37,https://www.musinsa.com/app/goods/2762317?loc=goods_rank
양말레그웨어,77,MMASC204-WH/BK,MUSINSA STANDARD,라이트웨이트 미들 삭스 10팩 [화이트/블랙],27900,23690,4084,https://www.musinsa.com/app/goods/1996705?loc=goods_rank
양말레그웨어,78,MMASC001-MN,MUSINSA STANDARD,크루 삭스 7팩 [모노],"
                                                                                                                                                22900",22900,3638,https://www.musinsa.com/app/goods/746161?loc=goods_rank
양말레그웨어,79,MMASC006-WH,MUSINSA STANDARD,미들 삭스 7팩 [화이트],"
                                                                                                                                                22900",22900,3730,https://www.musinsa.com/app/goods/1092994?loc=goods_rank
양말레그웨어,80,MMASC006-BK,MUSINSA STANDARD,미들 삭스 7팩 [블랙],"
                                                                                                                                                22900",22900,1254,https://www.musinsa.com/app/goods/1092995?loc=goods_rank
양말레그웨어,81,MMASC003-BE,MUSINSA STANDARD,크루 삭스 컬러 베리에이션 7팩 [베이지],"
                                                                                                                                                22900",22900,3245,https://www.musinsa.com/app/goods/1236825?loc=goods_rank
양말레그웨어,82,MMBSC112-WH/BK,MUSINSA STANDARD,라이트웨이트 미드 카프 삭스 7팩 [화이트/블랙],"
                                                                                                                                                22900",22900,772,https://www.musinsa.com/app/goods/2821597?loc=goods_rank
양말레그웨어,83,5005625547,OUTDOOR PRODUCTS,링글 더블 쿠션 크루 5팩,"
                                                                                                                                                22900",22900,1,https://www.musinsa.com/app/goods/3561136?loc=goods_rank
양말레그웨어,84,5005625551,OUTDOOR PRODUCTS,더블 쿠션 크루 5팩,"
                                                                                                                                                22900",22900,7,https://www.musinsa.com/app/goods/3561140?loc=goods_rank
양말레그웨어,85,NY4MP02K,THE NORTH FACE,NY4MP02K 화이트라벨 미드 삭스 세트 3P,25000,22500,64,https://www.musinsa.com/app/goods/3293274?loc=goods_rank
양말레그웨어,86,MMASC004-WH/BK,MUSINSA STANDARD,스케이트 삭스 7팩 [화이트/블랙],23900,21490,3713,https://www.musinsa.com/app/goods/1094834?loc=goods_rank
양말레그웨어,87,MMASC205-WH/BK,MUSINSA STANDARD,페이크 삭스 10팩 [화이트/블랙],23900,21490,2024,https://www.musinsa.com/app/goods/2011852?loc=goods_rank
양말레그웨어,88,MAPOHOS03420380-100,POLO RALPH LAUREN,코튼블렌드 캐주얼 라이너 삭스 3팩 - 화이트,30000,21000,551,https://www.musinsa.com/app/goods/1821475?loc=goods_rank
양말레그웨어,89,MWASC011-BK,MUSINSA STANDARD,니 하이 삭스 5팩 [블랙],"
                                                                                                                                                20900",20900,1617,https://www.musinsa.com/app/goods/1260386?loc=goods_rank
양말레그웨어,90,5002287466,MARDI MERCREDI,LONG SOCKS MRD LOGO_LIGHTBEIGE LATTE,22000,20900,811,https://www.musinsa.com/app/goods/3040535?loc=goods_rank
양말레그웨어,91,5002287468,MARDI MERCREDI,LONG SOCKS MRD LOGO_PINK LATTE,22000,20900,730,https://www.musinsa.com/app/goods/3040538?loc=goods_rank
양말레그웨어,92,MMBSC112-WH,MUSINSA STANDARD,라이트웨이트 미드 카프 삭스 7팩 [화이트],22900,20590,3734,https://www.musinsa.com/app/goods/2821598?loc=goods_rank
양말레그웨어,93,MMBSC112-BK,MUSINSA STANDARD,라이트웨이트 미드 카프 삭스 7팩 [블랙],22900,20590,563,https://www.musinsa.com/app/goods/2821599?loc=goods_rank
양말레그웨어,94,MMASC007-WH,MUSINSA STANDARD,리브드 크루 삭스 7팩 [화이트],"
                                                                                                                                                19900",19900,4857,https://www.musinsa.com/app/goods/1260383?loc=goods_rank
양말레그웨어,95,MMASC103-MN,MUSINSA STANDARD,라이트웨이트 크루 삭스 컬러 베리에이션 7팩 [모노],"
                                                                                                                                                19900",19900,1228,https://www.musinsa.com/app/goods/1360043?loc=goods_rank
양말레그웨어,96,MMASC103-BE,MUSINSA STANDARD,라이트웨이트 크루 삭스 컬러 베리에이션 7팩 [베이지],"
                                                                                                                                                19900",19900,4708,https://www.musinsa.com/app/goods/1360044?loc=goods_rank
양말레그웨어,97,5000715010,SOCKPIENS,[4팩] 슬림 기모 남자 무지 장목 양말,"
                                                                                                                                                19900",19900,214,https://www.musinsa.com/app/goods/2870881?loc=goods_rank
양말레그웨어,98,IB9390,ADIDAS,미드 컷 크루 삭스 3P - 믹스,22000,19900,1091,https://www.musinsa.com/app/goods/3181894?loc=goods_rank
양말레그웨어,99,VN0A3H3NHU01,VANS,체커보드 크루 - 블랙:화이트,9900,4900,1002,https://www.musinsa.com/app/goods/1259759?loc=goods_rank
양말레그웨어,100,5002565370,LMR,144N LETTERING CREW SOCKS IVORY,"
                                                                                                                                                4900",4900,600,https://www.musinsa.com/app/goods/3173248?loc=goods_rank
