﻿카테고리,순위,품번,브랜드명,상품명(한글),판매가,비회원가,좋아요 수,URL
신발,1,CR0011,CUSTOMADE,4.5cm 소가죽 코만도 첼시부츠 루틴(CR0011),99000,86800,45036,https://www.musinsa.com/app/goods/1128656?loc=goods_rank
신발,2,11853001,DR.MARTENS,2976 첼시부츠 스무스 블랙,"
                                                                                                                                                260000",260000,16695,https://www.musinsa.com/app/goods/665782?loc=goods_rank
신발,3,WTRD2600,WETHEROAD,WTRD2600 마일 볼륨 스퀘어토 클로그 블랙 [240~280mm],99000,89100,2513,https://www.musinsa.com/app/goods/3128355?loc=goods_rank
신발,4,1012,ROMANTIC MOVE,셀렉션 스퀘어토 첼시 부츠 R21M025 (블랙),198000,152000,11634,https://www.musinsa.com/app/goods/1548618?loc=goods_rank
신발,5,25567001,DR.MARTENS,1461 쿼드 블랙 폴리시드 스무스,"
                                                                                                                                                250000",250000,13046,https://www.musinsa.com/app/goods/1262092?loc=goods_rank
신발,6,LCMD82I111,ELCANTO,마쯔 남성 페니 로퍼 3.5cm LCMD82I111,129000,129000,1853,https://www.musinsa.com/app/goods/1775338?loc=goods_rank
신발,7,LCMD17M239,ELCANTO,엘칸토 남성 소프트 클래식 정장화,129000,129000,1369,https://www.musinsa.com/app/goods/3028424?loc=goods_rank
신발,8,KNCH000,KINCHI,BLUNT - 000(a),"
                                                                                                                                                110000",110000,775,https://www.musinsa.com/app/goods/2736152?loc=goods_rank
신발,9,NO8_WHITE/BLACK,JERUSALEM SANDALS,NO.8 THE GOOD SHEPHERD_WHITE/BLACK (남여공용),109000,98000,147,https://www.musinsa.com/app/goods/3247657?loc=goods_rank
신발,10,RCDS20,BUTTON SEOUL,어글리 대디 매쉬 운동화 (트리플 블랙),76000,53800,1520,https://www.musinsa.com/app/goods/3416013?loc=goods_rank
신발,11,5003997468,GAP,소프트 워킹 슬리퍼(샌드),"
                                                                                                                                                24900",24900,3071,https://www.musinsa.com/app/goods/3115870?loc=goods_rank
신발,12,5001854255,SALT AND CHOCOLATE,라운드 토 청키힐 펌프스 412311001 (6cm/3color),99000,69300,1257,https://www.musinsa.com/app/goods/3063889?loc=goods_rank
신발,13,2179765,SALT AND CHOCOLATE,레이스업 앵클 워커부츠 412146006 (4cm/1color),109000,65400,4742,https://www.musinsa.com/app/goods/2647263?loc=goods_rank
신발,14,5004802246,23.65,BISBEE BLACK,69000,69000,1525,https://www.musinsa.com/app/goods/3277225?loc=goods_rank
신발,15,2NDS013BS,FIRENZE ATELIER,SECOND.A 벌룬 블로퍼 (Suede) 2NDS013BS [BEIGE],102000,86700,195,https://www.musinsa.com/app/goods/3376301?loc=goods_rank
신발,16,HP6522,ADIDAS,아딜렛 22 - 다크그레이,"
                                                                                                                                                69000",69000,525,https://www.musinsa.com/app/goods/3262218?loc=goods_rank
신발,17,32408-13644,MELISSA,포제션 샌들 Silver Glitter,75000,61200,825,https://www.musinsa.com/app/goods/2374961?loc=goods_rank
신발,18,5004042270,23.65,BAGUETTE 2-PACK,158000,59900,9591,https://www.musinsa.com/app/goods/3161736?loc=goods_rank
신발,19,CW0037,CUSTOMADE WOMAN,5/7cm 포인티드 슬링백 통굽힐 올리브(CW0037),59000,53100,938,https://www.musinsa.com/app/goods/3162211?loc=goods_rank
신발,20,5008721352,SAPPUN,로렌티 스퀘어 삭스 앵클부츠 (2cm),"
                                                                                                                                                52900",52900,26,https://www.musinsa.com/app/goods/3409013?loc=goods_rank
신발,21,2NDF1700MGB,FIRENZE ATELIER,SECOND.A 와이드웰트 볼륨 스퀘어토 더비슈즈  2NDF1700MGB [BLACK],105000,48300,2095,https://www.musinsa.com/app/goods/1829731?loc=goods_rank
신발,22,GZ9503,ADIDAS,알파바운스 슬라이드 2.0 - 그레이,59000,44900,1119,https://www.musinsa.com/app/goods/2957149?loc=goods_rank
신발,23,14345001,DR.MARTENS,1461 3홀 모노 블랙,"
                                                                                                                                                210000",210000,27530,https://www.musinsa.com/app/goods/595040?loc=goods_rank
신발,24,Choco Brown,FRANKLY SLEEPING,[Velboa Collection] Washable Home Office Shoes - Choco Brown,"
                                                                                                                                                34000",34000,45,https://www.musinsa.com/app/goods/3362560?loc=goods_rank
신발,25,Cool-Waffle Unisex Home Office Shoes - Blue Gray,FRANKLY SLEEPING,Cool-Waffle Unisex Home Office Shoes - Blue Gray,"
                                                                                                                                                32000",32000,110,https://www.musinsa.com/app/goods/3370898?loc=goods_rank
신발,26,25764001,DR.MARTENS,닥스 블랙 하이드로 슬리퍼,150000,60000,4256,https://www.musinsa.com/app/goods/1810759?loc=goods_rank
신발,27,5004802423,23.65,BISBEE ECRU,69000,69000,925,https://www.musinsa.com/app/goods/3277255?loc=goods_rank
신발,28,WTRD1203,WETHEROAD,WTRD1203 클리프 스퀘어토 4홀 더비슈즈 블랙 [250~290MM],89000,80100,31251,https://www.musinsa.com/app/goods/2091749?loc=goods_rank
신발,29,2NDF3100GB,FIRENZE ATELIER,SECOND.A 볼드쉐입 미니멀 더비슈즈 2NDF3100GB [BLACK],103000,92700,4269,https://www.musinsa.com/app/goods/2737420?loc=goods_rank
신발,30,2NDF2700GB,FIRENZE ATELIER,SECOND.A 볼륨 라운드토 5CM 더비슈즈 2NDF2700GB [BLACK],102000,91800,16234,https://www.musinsa.com/app/goods/2433538?loc=goods_rank
신발,31,203209051,ROMANTIC MOVE,[삭형x로맨틱무브] 세미 스퀘어토 키높이 더비 R23M350 (블랙),189000,139800,545,https://www.musinsa.com/app/goods/3531650?loc=goods_rank
신발,32,KNCH547,KINCHI,GRAINY - 547(a),"
                                                                                                                                                339000",339000,1798,https://www.musinsa.com/app/goods/3075621?loc=goods_rank
신발,33,A3207COFW23,OUR LEGACY,남성 카미온 부츠 - 올리브,685000,330000,14,https://www.musinsa.com/app/goods/3495477?loc=goods_rank
신발,34,Forik,LOSTGARDEN,Forik_bl,"
                                                                                                                                                295000",295000,8300,https://www.musinsa.com/app/goods/1952910?loc=goods_rank
신발,35,744586,SHOOPEN,[핏더사이즈X슈펜] Seku-shi(세쿠시) 첼시 부읏츠  BYTM20W12,159000,143100,34657,https://www.musinsa.com/app/goods/1568047?loc=goods_rank
신발,36,23SUCL11016_Z100,CROCS,공용 CROCBAND WT (23SUCL11016),64900,57100,6275,https://www.musinsa.com/app/goods/3049328?loc=goods_rank
신발,37,BA8775,ADIDAS,알파바운스 슬라이드 - 블랙:화이트,59000,49900,25853,https://www.musinsa.com/app/goods/497858?loc=goods_rank
신발,38,A2237CAGSS23,OUR LEGACY,남성 카미온 앵클 부츠 - 블랙,780000,440000,32,https://www.musinsa.com/app/goods/3239151?loc=goods_rank
신발,39,176885,OOFOS,OORIGINAL BLACK - 조리 블랙,"
                                                                                                                                                69000",69000,69623,https://www.musinsa.com/app/goods/1092992?loc=goods_rank
신발,40,202344,ROMANTIC MOVE,블랑 티롤리안 로우 R23M702 (아이보리 스웨이드),212000,159000,1404,https://www.musinsa.com/app/goods/3435994?loc=goods_rank
신발,41,202309052,ROMANTIC MOVE,[삭형x로맨틱무브] 세미 스퀘어토 키높이 첼시부츠 R23M351 (블랙),210000,157500,305,https://www.musinsa.com/app/goods/3531673?loc=goods_rank
신발,42,27016001,DR.MARTENS,1B60 20홀 벡스 블랙,"
                                                                                                                                                340000",340000,170,https://www.musinsa.com/app/goods/3467935?loc=goods_rank
신발,43,655,ROMANTIC MOVE,뉴탐페레 첼시 부츠 R17M077 (블랙),198000,148000,26999,https://www.musinsa.com/app/goods/685185?loc=goods_rank
신발,44,1445073,YASE,503 5.5CM 미니멀 스퀘어 더비,87000,82650,10988,https://www.musinsa.com/app/goods/1296051?loc=goods_rank
신발,45,11820008,DR.MARTENS,1B99 버지니아 14홀 부츠 블랙,"
                                                                                                                                                300000",300000,12796,https://www.musinsa.com/app/goods/1724193?loc=goods_rank
신발,46,10361-713,TIMBERLAND,여성 팀버랜드 6인치 프리미엄 부츠,"
                                                                                                                                                268000",268000,5343,https://www.musinsa.com/app/goods/451852?loc=goods_rank
신발,47,1135092CHE,UGG,스웨이드 레더 미니 플랫폼 부츠 (클래식 울트라 미니 플랫폼) - 체스넛,"
                                                                                                                                                268000",268000,405,https://www.musinsa.com/app/goods/2894979?loc=goods_rank
신발,48,1113190NBLC,UGG,UGG 로고 그래픽 클리어 미니 부츠 (클래식 클리어 미니) W - 네츄럴:블랙,"
                                                                                                                                                258000",258000,3301,https://www.musinsa.com/app/goods/2116357?loc=goods_rank
신발,49,5D773D3G48F0002SS23,MIU MIU,여성 빈티지 이펙트 코인 페니 로퍼 - 블랙,1450000,993000,105,https://www.musinsa.com/app/goods/3166530?loc=goods_rank
신발,50,Shark,VATOZ,[바토즈X킨치] 비브람 트레킹화 Shark,269000,242100,673,https://www.musinsa.com/app/goods/3552366?loc=goods_rank
신발,51,Phillip,MAC MOC,Phillip 청키 볼드창 롱부츠 워커 4Cm,129000,58850,4912,https://www.musinsa.com/app/goods/2190788?loc=goods_rank
신발,52,21084001,DR.MARTENS,1461 3홀 벡스 블랙 스무스,"
                                                                                                                                                230000",230000,11484,https://www.musinsa.com/app/goods/1562990?loc=goods_rank
신발,53,MMAFL005-BK,MUSINSA STANDARD,플레인 더비 슈즈 [블랙],"
                                                                                                                                                99900",99900,7180,https://www.musinsa.com/app/goods/2101924?loc=goods_rank
신발,54,1016223CHE,UGG,오버로크 스티치 숏 부츠 (클래식 숏 II) W - 체스넛,278000,222400,5954,https://www.musinsa.com/app/goods/2042868?loc=goods_rank
신발,55,NS98P04A,THE NORTH FACE,NS98P04A 우븐슬라이드,69000,55200,157,https://www.musinsa.com/app/goods/3223317?loc=goods_rank
신발,56,B41720,ADIDAS,알파바운스 슬라이드 - 블랙,59000,49900,7932,https://www.musinsa.com/app/goods/968929?loc=goods_rank
신발,57,Z-FF-BLAJ,TAW&TOE,플립플랍 Zerovity OG 블랙,"
                                                                                                                                                49000",49000,42490,https://www.musinsa.com/app/goods/1439527?loc=goods_rank
신발,58,5000226105,SHOOPEN,스윗버튼 메리제인 1.0  HPWWFD4901,"
                                                                                                                                                29900",29900,2033,https://www.musinsa.com/app/goods/2777084?loc=goods_rank
신발,59,1113190BLK,UGG,UGG 로고 그래픽 클리어 미니 부츠 (클래식 클리어 미니) W - 블랙,258000,180600,1295,https://www.musinsa.com/app/goods/2116358?loc=goods_rank
신발,60,104913-NEGRO,VICTORIA SHOES,오다 메리제인 (104913-NEGRO),79000,67150,21242,https://www.musinsa.com/app/goods/1699941?loc=goods_rank
신발,61,JOS146BL,JOSEPHT,[VIBRAM]DANIEL,"
                                                                                                                                                123000",123000,1861,https://www.musinsa.com/app/goods/1438345?loc=goods_rank
신발,62,1084,ROMANTIC MOVE,투데이즈 더비 R21M046 (블랙),"
                                                                                                                                                119000",119000,6595,https://www.musinsa.com/app/goods/2257887?loc=goods_rank
신발,63,1159893,CHUBASCO,CHUBASCO CONCHA CCT2014 BROWN,29000,19000,7922,https://www.musinsa.com/app/goods/1923286?loc=goods_rank
신발,64,S1958099SS23,GANNI,여성 와이드 버클 슬링백 플랫 슈즈 - 블랙,540000,451000,353,https://www.musinsa.com/app/goods/3347301?loc=goods_rank
신발,65,Z-FF-CRAJ,TAW&TOE,플립플랍 Zerovity OG 크림,"
                                                                                                                                                49000",49000,53622,https://www.musinsa.com/app/goods/1439535?loc=goods_rank
신발,66,MMBFL101-BK,MUSINSA STANDARD,세미 드레스 페니 로퍼 [블랙],"
                                                                                                                                                109900",109900,5272,https://www.musinsa.com/app/goods/2355318?loc=goods_rank
신발,67,AM234401,ANALOG MOOD,볼륨 라운드 더비슈즈 (블랙),69000,48300,360,https://www.musinsa.com/app/goods/3250501?loc=goods_rank
신발,68,LCMD00I326,ELCANTO,인텐스 남성 스퀘어토 더비 정장화,159000,159000,18,https://www.musinsa.com/app/goods/3560573?loc=goods_rank
신발,69,22YSUSL0019MK,YASE,카우하이드 벨로S 모카,109000,103550,2622,https://www.musinsa.com/app/goods/2716430?loc=goods_rank
신발,70,GY9415,ADIDAS,알파바운스 슬라이드 2.0 - 블랙:화이트,59000,44900,6749,https://www.musinsa.com/app/goods/2432733?loc=goods_rank
신발,71,WTRD1602-1,WETHEROAD,WTRD1602-1 마스 볼륨 스퀘어토 2홀 왈라비 더비슈즈 베이지 [240~280mm],109000,98100,4546,https://www.musinsa.com/app/goods/3128322?loc=goods_rank
신발,72,n058,NUUS,아망 버클 바이커 미들부츠[n058]_2color,122000,97600,18,https://www.musinsa.com/app/goods/3544576?loc=goods_rank
신발,73,00875E,REDWING,6인치 목토 875 - 오로 레거시,428000,384900,403,https://www.musinsa.com/app/goods/2114445?loc=goods_rank
신발,74,2NDF 100GB,FIRENZE ATELIER,SECOND.A 코만도솔 4홀 라운드토 더비슈즈 2NDF 100GB,98000,88200,4812,https://www.musinsa.com/app/goods/936094?loc=goods_rank
신발,75,MMBFL508-BK,MUSINSA STANDARD,트라페즈 토 더비 슈즈 [블랙],109900,87890,512,https://www.musinsa.com/app/goods/2731465?loc=goods_rank
신발,76,CR0047,CUSTOMADE,4cm 스웨이드 페니로퍼 피어슨(CR0047),99000,86800,3564,https://www.musinsa.com/app/goods/2196320?loc=goods_rank
신발,77,3ALPCBT33-07WHS,MLB,청키 바운서 투스트랩 LA (White),"
                                                                                                                                                79000",79000,390,https://www.musinsa.com/app/goods/3178660?loc=goods_rank
신발,78,3ASDCBS33-50CRS,MLB,청키샌들 NY (Cream),"
                                                                                                                                                79000",79000,2780,https://www.musinsa.com/app/goods/3197911?loc=goods_rank
신발,79,RF1SHBD3FL004,ROCKFISH WEATHERWEAR,BELLA QUILTED MARYJANE - 6color,83000,74700,4413,https://www.musinsa.com/app/goods/2789983?loc=goods_rank
신발,80,Dive_beige,LOSTGARDEN,Dive_beige,"
                                                                                                                                                295000",295000,8392,https://www.musinsa.com/app/goods/2910082?loc=goods_rank
신발,81,Nobel,MAC MOC,Nobel 베이직 오버솔 로퍼 4cm,92000,73600,3741,https://www.musinsa.com/app/goods/2378316?loc=goods_rank
신발,82,UX_Black,YOWE,UX_Black,"
                                                                                                                                                278000",278000,914,https://www.musinsa.com/app/goods/1503874?loc=goods_rank
신발,83,174574,OOFOS,OOAHH BLACK - 슬리퍼 블랙,"
                                                                                                                                                69000",69000,7692,https://www.musinsa.com/app/goods/1129750?loc=goods_rank
신발,84,5003022356,OOFOS,OORIGINAL NOMAD - 조리 노마드,"
                                                                                                                                                69000",69000,3223,https://www.musinsa.com/app/goods/3346386?loc=goods_rank
신발,85,233SSO86_BG,AFTERPRAY,이노센트 미드 스웨이드 첼시 부츠 베이지,"
                                                                                                                                                269000",269000,49,https://www.musinsa.com/app/goods/3493108?loc=goods_rank
신발,86,191LBB,BSQT by Classy,191 베이직 레더 키높이 첼시 부츠 루시블랙,73800,66400,20363,https://www.musinsa.com/app/goods/668697?loc=goods_rank
신발,87,P2MMS11U,MMGL,미니멀 플립플랍 (블랙),49000,29000,19455,https://www.musinsa.com/app/goods/1417451?loc=goods_rank
신발,88,25685001,DR.MARTENS,2976 첼시부츠 모노 블랙,"
                                                                                                                                                260000",260000,6838,https://www.musinsa.com/app/goods/1590038?loc=goods_rank
신발,89,23SUCL206883_Z94S,CROCS,공용 BAYA TIE DYE CLOG WTM(23SUCL206883),"
                                                                                                                                                64900",64900,484,https://www.musinsa.com/app/goods/3381071?loc=goods_rank
신발,90,Rb1854,RACHEL COX,Long boots_Anuv Rb1854_2cm,528000,258000,315,https://www.musinsa.com/app/goods/2054194?loc=goods_rank
신발,91,5006318314,SAPPUN,헤리엇 스퀘어 로퍼 (2.5cm),"
                                                                                                                                                62900",62900,2953,https://www.musinsa.com/app/goods/2898906?loc=goods_rank
신발,92,KNCH111,KINCHI,OFFICE - 111(a),"
                                                                                                                                                239000",239000,2109,https://www.musinsa.com/app/goods/2735953?loc=goods_rank
신발,93,WFT2353RMA-BLK,HUNTER,[WOMEN] 오리지날 헌터 컬러 백프린트 톨 레인부츠 - 블랙,"
                                                                                                                                                239000",239000,1103,https://www.musinsa.com/app/goods/3167202?loc=goods_rank
신발,94,S2000099SS23,GANNI,여성 버클 더블 스트랩 플랫폼 샌들 - 블랙,495000,232000,228,https://www.musinsa.com/app/goods/3360162?loc=goods_rank
신발,95,27954001,DR.MARTENS,오드릭 10i 부츠,320000,224000,609,https://www.musinsa.com/app/goods/2913902?loc=goods_rank
신발,96,16054001,DR.MARTENS,쳐치 빈티지 스무스 블랙,"
                                                                                                                                                220000",220000,295,https://www.musinsa.com/app/goods/2376306?loc=goods_rank
신발,97,11838001,DR.MARTENS,1461 3홀 블랙 나파,"
                                                                                                                                                210000",210000,7285,https://www.musinsa.com/app/goods/595038?loc=goods_rank
신발,98,11838002,DR.MARTENS,1461 3홀 블랙 스무스,"
                                                                                                                                                210000",210000,16900,https://www.musinsa.com/app/goods/595039?loc=goods_rank
신발,99,DF-070C,DUCKFEET,에뢰 레더 슬리퍼,"
                                                                                                                                                208000",208000,4,https://www.musinsa.com/app/goods/3400052?loc=goods_rank
신발,100,FX1326,ADIDAS,알파바운스 슬라이드 - 화이트:블랙,59000,49900,27128,https://www.musinsa.com/app/goods/1339622?loc=goods_rank
