﻿카테고리,순위,품번,브랜드명,상품명(한글),판매가,비회원가,좋아요 수,URL
반려동물,1,YC07GD0009YE,YALE,[ONEMILE WEAR] REVERSIBLE PAKABLE DOGGY PADDING ORANGE,69000,55200,47,https://www.musinsa.com/app/goods/3022369?loc=goods_rank
반려동물,2,40752,RUFFWEAR,프런트 레인지 리드줄(Front Range™ Leash 2022SS),"
                                                                                                                                                34000",34000,529,https://www.musinsa.com/app/goods/1291266?loc=goods_rank
반려동물,3,2545,RUFFWEAR,프런트 레인지 목줄(Front Range™ Collar 목줄 2022SS),"
                                                                                                                                                30000",30000,333,https://www.musinsa.com/app/goods/1291261?loc=goods_rank
반려동물,4,푸르내당의,MAISON DE DOG,푸르내당의 강아지한복,"
                                                                                                                                                29900",29900,54,https://www.musinsa.com/app/goods/2954591?loc=goods_rank
반려동물,5,YC7GD0001NA,YALE,EMBROIDERY UNIVERSITY DAN DOGGY HOODIE NAVY,32000,28800,498,https://www.musinsa.com/app/goods/2740665?loc=goods_rank
반려동물,6,YC2GD0021BL,YALE,EMBROIDERY UNIVERSITY DAN DOGGY HOODIE BABY BLUE,29000,26100,217,https://www.musinsa.com/app/goods/2319995?loc=goods_rank
반려동물,7,EHL001BG,BARKER,저자극 하네스 베이지,24900,19800,364,https://www.musinsa.com/app/goods/791446?loc=goods_rank
반려동물,8,PP172TS01P,PETDERELLA PROJECT,마린 스트라이프 티셔츠 (베이비 핑크),"
                                                                                                                                                28000",28000,5,https://www.musinsa.com/app/goods/584071?loc=goods_rank
반려동물,9,B-3 MOUTON JACKET 4 BIGDOGS black,DENNYFIELD,B-3 MOUTON JACKET 4 BIGDOGS black,59000,9900,117,https://www.musinsa.com/app/goods/596203?loc=goods_rank
반려동물,10,CARRIER : GRAY,ANDBLANK,CARRIER : GRAY,"
                                                                                                                                                168000",168000,19,https://www.musinsa.com/app/goods/999757?loc=goods_rank
반려동물,11,sizesleevelessbb,FOREVERYBARI,사이즈 나시티 (베이비블루),"
                                                                                                                                                22000",22000,14,https://www.musinsa.com/app/goods/1054392?loc=goods_rank
반려동물,12,e19ac02,E-IT,헤링본 울 빵모자,"
                                                                                                                                                25000",25000,74,https://www.musinsa.com/app/goods/1259390?loc=goods_rank
반려동물,13,30502,RUFFWEAR,프런트 레인지 하네스 (Front Range™ Harness 2022SS),"
                                                                                                                                                62000",62000,1537,https://www.musinsa.com/app/goods/1291259?loc=goods_rank
반려동물,14,55103,RUFFWEAR,더 비콘 세이프티 라이트(The Beacon™ Safety Light),"
                                                                                                                                                42000",42000,266,https://www.musinsa.com/app/goods/1303485?loc=goods_rank
반려동물,15,35731,RUFFWEAR,스테이쉬 백 미니 배변봉투 디스펜서 파우치(Stash Bag Mini™),"
                                                                                                                                                36000",36000,111,https://www.musinsa.com/app/goods/1303529?loc=goods_rank
반려동물,16,CA2002OCNY,MONCHOUCHOU,MCC Oxford Shoulder Bag Navy,"
                                                                                                                                                145000",145000,16,https://www.musinsa.com/app/goods/1317592?loc=goods_rank
반려동물,17,N17-11FSRC-191216,MUNIKUND,스트로베리 레인코트,"
                                                                                                                                                69000",69000,186,https://www.musinsa.com/app/goods/1340052?loc=goods_rank
반려동물,18,N17-11FSRC-201114,MUNIKUND,골드키위 레인코트,"
                                                                                                                                                69000",69000,140,https://www.musinsa.com/app/goods/1340056?loc=goods_rank
반려동물,19,50102,RUFFWEAR,어프로치 팩 반려견 배낭(Approach™ Pack),"
                                                                                                                                                128000",128000,31,https://www.musinsa.com/app/goods/1358391?loc=goods_rank
반려동물,20,25702,RUFFWEAR,체인 리액션 목줄(Chain Reaction™ Collar),"
                                                                                                                                                44000",44000,197,https://www.musinsa.com/app/goods/1391237?loc=goods_rank
반려동물,21,scam9,SCAMPER,플라워 데님 자켓 오키드,"
                                                                                                                                                38000",38000,18,https://www.musinsa.com/app/goods/1416162?loc=goods_rank
반려동물,22,N17-11FSRC-191128,MUNIKUND,블루레몬 레인코트,"
                                                                                                                                                69000",69000,261,https://www.musinsa.com/app/goods/1503724?loc=goods_rank
반려동물,23,nybagch,FOREVERYBARI,뉴욕백 (버건디),"
                                                                                                                                                178000",178000,17,https://www.musinsa.com/app/goods/1631646?loc=goods_rank
반려동물,24,A1A211749B6,PETIT MONDE,스웨이드 벨티드 무스탕 코트 베이비핑크,"
                                                                                                                                                109000",109000,130,https://www.musinsa.com/app/goods/1683837?loc=goods_rank
반려동물,25,72PEC1111-07D,MLB,PET 루키 볼캡 LA (MUSTARD),"
                                                                                                                                                29000",29000,619,https://www.musinsa.com/app/goods/1687364?loc=goods_rank
반려동물,26,72PEC1111-50O,MLB,PET 루키 볼캡 NY (CORAL),"
                                                                                                                                                29000",29000,435,https://www.musinsa.com/app/goods/1687367?loc=goods_rank
반려동물,27,72PEC1111-50L,MLB,PET 루키 볼캡 NY (BLACK),"
                                                                                                                                                29000",29000,939,https://www.musinsa.com/app/goods/1687368?loc=goods_rank
반려동물,28,A1A211749B6,PETIT MONDE,스웨이드 파스텔 무스탕 조끼 스카이블루,"
                                                                                                                                                109000",109000,33,https://www.musinsa.com/app/goods/1690347?loc=goods_rank
반려동물,29,A1A211749B6,PETIT MONDE,스웨이드 파스텔 무스탕 조끼 베이비핑크,"
                                                                                                                                                79000",79000,43,https://www.musinsa.com/app/goods/1690621?loc=goods_rank
반려동물,30,A1A211749B6,PETIT MONDE,밍크 퍼 스트링 베스트 블랙,"
                                                                                                                                                59000",59000,34,https://www.musinsa.com/app/goods/1691001?loc=goods_rank
반려동물,31,A1A211749B6,PETIT MONDE,카이 골지 니트 가디건 브라운,"
                                                                                                                                                19000",19000,26,https://www.musinsa.com/app/goods/1692806?loc=goods_rank
반려동물,32,A1A211749B6,PETIT MONDE,카이 골지 니트 가디건 스카이블루,"
                                                                                                                                                19000",19000,613,https://www.musinsa.com/app/goods/1692807?loc=goods_rank
반려동물,33,유아러피치,DASOM,포인트 후리스,"
                                                                                                                                                16000",16000,154,https://www.musinsa.com/app/goods/1707416?loc=goods_rank
반려동물,34,유아러피치,DASOM,보들보들 후리스,"
                                                                                                                                                16000",16000,88,https://www.musinsa.com/app/goods/1707417?loc=goods_rank
반려동물,35,유아러피치,DASOM,베이직 웜 패딩,"
                                                                                                                                                22000",22000,56,https://www.musinsa.com/app/goods/1707420?loc=goods_rank
반려동물,36,scam19,SCAMPER,플리스 집업 자켓 (화이트),"
                                                                                                                                                47000",47000,66,https://www.musinsa.com/app/goods/1713764?loc=goods_rank
반려동물,37,6 60550 212 J,RUKKAPETS,미드 니트 웨어,"
                                                                                                                                                35000",35000,42,https://www.musinsa.com/app/goods/1716118?loc=goods_rank
반려동물,38,447278,BACON,멍북프로 V2,"
                                                                                                                                                14000",14000,223,https://www.musinsa.com/app/goods/1722079?loc=goods_rank
반려동물,39,447279,BACON,킁로와상,"
                                                                                                                                                17000",17000,81,https://www.musinsa.com/app/goods/1722080?loc=goods_rank
반려동물,40,HOODY03,HEY BUDDY,별사탕 후드티_오렌지,"
                                                                                                                                                29000",29000,9,https://www.musinsa.com/app/goods/1724541?loc=goods_rank
반려동물,41,PCSH-L,PETIFUL,체스체크 울 심플 후디 - 레몬,"
                                                                                                                                                48000",48000,15,https://www.musinsa.com/app/goods/1726694?loc=goods_rank
반려동물,42,455971,BACON,공룡이 되었습니다.,"
                                                                                                                                                20000",20000,64,https://www.musinsa.com/app/goods/1728587?loc=goods_rank
반려동물,43,60502 206 J,RUKKAPETS,써말 패딩 방한 오버올,"
                                                                                                                                                130100",130100,244,https://www.musinsa.com/app/goods/1765030?loc=goods_rank
반려동물,44,N11-11CACR-20,MUNIKUND,버그 아웃 백 2 Colors,"
                                                                                                                                                69000",69000,41,https://www.musinsa.com/app/goods/1778315?loc=goods_rank
반려동물,45,72PEB2111-50N,MLB,PET 모노그램 가방 NY (NAVY),"
                                                                                                                                                49000",49000,212,https://www.musinsa.com/app/goods/1799064?loc=goods_rank
반려동물,46,72PEB1111-50O,MLB,PET LIKE 가방 NY (CORAL),"
                                                                                                                                                49000",49000,100,https://www.musinsa.com/app/goods/1799065?loc=goods_rank
반려동물,47,72PEM2111-07V,MLB,PET 빅로고 맨투맨 LA (VIOLET),"
                                                                                                                                                39000",39000,150,https://www.musinsa.com/app/goods/1799067?loc=goods_rank
반려동물,48,72PEM2111-07S,MLB,PET 빅로고 맨투맨 LA (SKY BLUE),"
                                                                                                                                                39000",39000,297,https://www.musinsa.com/app/goods/1799068?loc=goods_rank
반려동물,49,72PEH2111-50T,MLB,PET LIKE 후디 NY (MINT),"
                                                                                                                                                49000",49000,117,https://www.musinsa.com/app/goods/1799071?loc=goods_rank
반려동물,50,72PEH1111-50W,MLB,PET 모노그램 후드 NY (WHITE),"
                                                                                                                                                49000",49000,141,https://www.musinsa.com/app/goods/1799073?loc=goods_rank
반려동물,51,72PEH1111-50L,MLB,PET 모노그램 후드 NY (BLACK),"
                                                                                                                                                49000",49000,329,https://www.musinsa.com/app/goods/1799074?loc=goods_rank
반려동물,52,25204,RUFFWEAR,플랫 아웃 목줄(Flat Out™ Collar),"
                                                                                                                                                38000",38000,334,https://www.musinsa.com/app/goods/1800368?loc=goods_rank
반려동물,53,40305,RUFFWEAR,플랫 아웃 리드줄(Flat Out™ Leash),"
                                                                                                                                                44000",44000,573,https://www.musinsa.com/app/goods/1800391?loc=goods_rank
반려동물,54,72PET1111-50P,MLB,PET 모노그램 티셔츠 NY (PINK),"
                                                                                                                                                39000",39000,297,https://www.musinsa.com/app/goods/1835666?loc=goods_rank
반려동물,55,72PET2111-50S,MLB,PET 모노그램 빅로고 티셔츠 NY (SKY BLUE),"
                                                                                                                                                39000",39000,373,https://www.musinsa.com/app/goods/1835688?loc=goods_rank
반려동물,56,72PET2111-50L,MLB,PET 모노그램 빅로고 티셔츠 NY (BLACK),"
                                                                                                                                                39000",39000,428,https://www.musinsa.com/app/goods/1835689?loc=goods_rank
반려동물,57,FAB015,FABDOG,고슴도치 파볼 반려견 장난감,"
                                                                                                                                                16000",16000,6,https://www.musinsa.com/app/goods/1900689?loc=goods_rank
반려동물,58,FAB085,FABDOG,마우스 파볼 반려견 장난감,"
                                                                                                                                                16000",16000,4,https://www.musinsa.com/app/goods/1902907?loc=goods_rank
반려동물,59,FAB109,FABDOG,배트 파볼 반려견 장난감,"
                                                                                                                                                16000",16000,8,https://www.musinsa.com/app/goods/1902911?loc=goods_rank
반려동물,60,FAB031,FABDOG,비버 파볼 반려견 장난감,"
                                                                                                                                                16000",16000,10,https://www.musinsa.com/app/goods/1913532?loc=goods_rank
반려동물,61,FAB075,FABDOG,피그 파볼 반려견 장난감,"
                                                                                                                                                16000",16000,18,https://www.musinsa.com/app/goods/1913690?loc=goods_rank
반려동물,62,T081,FABDOG,플로피 개구리 반려견 장난감,"
                                                                                                                                                16000",16000,83,https://www.musinsa.com/app/goods/1914040?loc=goods_rank
반려동물,63,T126,FABDOG,플로피 라마 반려견 장난감 (LARGE),"
                                                                                                                                                20000",20000,10,https://www.musinsa.com/app/goods/1914064?loc=goods_rank
반려동물,64,T272,FABDOG,플로피 돌고래 반려견 장난감,"
                                                                                                                                                16000",16000,26,https://www.musinsa.com/app/goods/1916626?loc=goods_rank
반려동물,65,T183,FABDOG,플루피 오랑우탄 반려견 장난감,"
                                                                                                                                                18000",18000,35,https://www.musinsa.com/app/goods/1916630?loc=goods_rank
반려동물,66,60203,RUFFWEAR,런커 반려견 장난감(Lunker™),"
                                                                                                                                                38000",38000,34,https://www.musinsa.com/app/goods/1918674?loc=goods_rank
반려동물,67,GDT003,FABDOG,그레이트풀데드 댄싱 베어 반려견 장난감,"
                                                                                                                                                18000",18000,58,https://www.musinsa.com/app/goods/1923673?loc=goods_rank
반려동물,68,GDT005,FABDOG,그레이트풀데드 콘서트 티켓 반려견 장난감,"
                                                                                                                                                16000",16000,48,https://www.musinsa.com/app/goods/1923677?loc=goods_rank
반려동물,69,RQA-TS009,REALPET,컬러풀 스트라이프 라운드 티셔츠 네이비,"
                                                                                                                                                20800",20800,5,https://www.musinsa.com/app/goods/1936122?loc=goods_rank
반려동물,70,RQA_TS006,REALPET,유니크 후드 레드,"
                                                                                                                                                27100",27100,1,https://www.musinsa.com/app/goods/1936277?loc=goods_rank
반려동물,71,RQA-TS015,REALPET,세인트 후드 레드,"
                                                                                                                                                22800",22800,6,https://www.musinsa.com/app/goods/1936362?loc=goods_rank
반려동물,72,T175,FABDOG,플로피 랍스터 반려견 장난감,"
                                                                                                                                                16000",16000,32,https://www.musinsa.com/app/goods/1946954?loc=goods_rank
반려동물,73,T157,FABDOG,플로피 카우 반려견 장난감,"
                                                                                                                                                16000",16000,27,https://www.musinsa.com/app/goods/1947153?loc=goods_rank
반려동물,74,72PEM2111-50L,MLB,PET 빅로고 맨투맨 NY (BLACK),"
                                                                                                                                                39000",39000,267,https://www.musinsa.com/app/goods/1951232?loc=goods_rank
반려동물,75,SCAMPER-SU06,SCAMPER,쿨링 자켓 (블루),"
                                                                                                                                                24000",24000,32,https://www.musinsa.com/app/goods/1967511?loc=goods_rank
반려동물,76,N17-11FSRC-211131,MUNIKUND,그레이프 레인코트,"
                                                                                                                                                69000",69000,104,https://www.musinsa.com/app/goods/1971738?loc=goods_rank
반려동물,77,TH21202,ONUGA,로즈패치 벨벳후드티,"
                                                                                                                                                55000",55000,15,https://www.musinsa.com/app/goods/1975613?loc=goods_rank
반려동물,78,QJ21203,ONUGA,홀로그램 후드점퍼,"
                                                                                                                                                65000",65000,14,https://www.musinsa.com/app/goods/1976251?loc=goods_rank
반려동물,79,0LM21SBG018RED,LMC,LMC x PUPPIA DOG LEASH BAG red,45000,18000,230,https://www.musinsa.com/app/goods/1993845?loc=goods_rank
반려동물,80,PEEK-A-BOO BAG CR01 LGM,ICANDOR,피카부백 러쉬그레이,"
                                                                                                                                                134000",134000,44,https://www.musinsa.com/app/goods/2054335?loc=goods_rank
반려동물,81,iBAG COMBO,ICANDOR,set 아이백 &플러피쿠션 콤보 2가지 컬러,"
                                                                                                                                                200000",200000,190,https://www.musinsa.com/app/goods/2092290?loc=goods_rank
반려동물,82,40205,RUFFWEAR,낫 어 리쉬 리드줄(Knot-a-Leash™),"
                                                                                                                                                58000",58000,313,https://www.musinsa.com/app/goods/2100166?loc=goods_rank
반려동물,83,HMPOPAP5BD20002-600,POLO RALPH LAUREN,케이블 캐시미어 도그 스웨터 - 레드,"
                                                                                                                                                219000",219000,43,https://www.musinsa.com/app/goods/2111004?loc=goods_rank
반려동물,84,HMPOPAP5BD20003-020,POLO RALPH LAUREN,케이블 캐시미어 도그 스웨터 - 그레이,"
                                                                                                                                                219000",219000,89,https://www.musinsa.com/app/goods/2111005?loc=goods_rank
반려동물,85,7APEBM114-50BKS,MLB,PET MONOGRAM 가방 NY (Black),"
                                                                                                                                                49000",49000,321,https://www.musinsa.com/app/goods/2129381?loc=goods_rank
반려동물,86,7APEM0314-10MTS,MLB,PET MLB LIKE PLANET 맨투맨 P (Mint),"
                                                                                                                                                43000",43000,11,https://www.musinsa.com/app/goods/2129409?loc=goods_rank
반려동물,87,7APEM0214-50BLL,MLB,PET MLB LIKE 맨투맨 NY (L.Blue),"
                                                                                                                                                43000",43000,36,https://www.musinsa.com/app/goods/2129412?loc=goods_rank
반려동물,88,7APEM0114-43RDS,MLB,PET 빅로고 맨투맨 B (Red),"
                                                                                                                                                39000",39000,17,https://www.musinsa.com/app/goods/2129416?loc=goods_rank
반려동물,89,7APEM0114-43BRS,MLB,PET 빅로고 맨투맨 B (Brown),"
                                                                                                                                                39000",39000,39,https://www.musinsa.com/app/goods/2129417?loc=goods_rank
반려동물,90,7APEM0114-07LDL,MLB,PET 빅로고 맨투맨 LA (L.Lavender),"
                                                                                                                                                39000",39000,53,https://www.musinsa.com/app/goods/2129421?loc=goods_rank
반려동물,91,7APEJ0114-50CRS,MLB,PET 메가로고 후리스 점퍼 NY (Cream),"
                                                                                                                                                69000",69000,847,https://www.musinsa.com/app/goods/2129482?loc=goods_rank
반려동물,92,7APEJ0114-50BLL,MLB,PET 메가로고 후리스 점퍼 NY (L.Blue),"
                                                                                                                                                69000",69000,576,https://www.musinsa.com/app/goods/2129483?loc=goods_rank
반려동물,93,7APEH0214-43NYL,MLB,PET MLB LIKE 후드 B (L.Navy),"
                                                                                                                                                49000",49000,25,https://www.musinsa.com/app/goods/2129509?loc=goods_rank
반려동물,94,7APEH0114-50PKD,MLB,PET MONOGRAM 후드 NY (D.Pink),"
                                                                                                                                                49000",49000,56,https://www.musinsa.com/app/goods/2129511?loc=goods_rank
반려동물,95,7APEH0114-50BKS,MLB,PET MONOGRAM 후드 NY (Black),"
                                                                                                                                                49000",49000,132,https://www.musinsa.com/app/goods/2129512?loc=goods_rank
반려동물,96,7APEDM114-50BKS,MLB,PET 모노그램 다운점퍼 NY (Black),"
                                                                                                                                                79000",79000,463,https://www.musinsa.com/app/goods/2129515?loc=goods_rank
반려동물,97,7APEDM114-43BGS,MLB,PET 모노그램 다운점퍼 B (Beige),"
                                                                                                                                                79000",79000,142,https://www.musinsa.com/app/goods/2129516?loc=goods_rank
반려동물,98,7APED0114-50BKS,MLB,PET 메가로고 다운점퍼 NY (Black),"
                                                                                                                                                69000",69000,421,https://www.musinsa.com/app/goods/2129518?loc=goods_rank
반려동물,99,7APED0114-43RDS,MLB,PET 메가로고 다운점퍼 B (Red),"
                                                                                                                                                69000",69000,51,https://www.musinsa.com/app/goods/2129519?loc=goods_rank
반려동물,100,YB10GD0011NA,YALE,EMBROIDERY UNIVERSITY DAN DOGGY HOODIE NAVY,29000,26100,507,https://www.musinsa.com/app/goods/2156665?loc=goods_rank
