﻿카테고리,순위,품번,브랜드명,상품명(한글),판매가,비회원가,좋아요 수,URL
모자,1,COTA01,TYPESERVICE,Typeservice Web Cap [Dark Gray],39000,35100,52036,https://www.musinsa.com/app/goods/2134140?loc=goods_rank
모자,2,CTHTDC003BL,CRITIC,WORMHOLE LOGO BEANIE BLUE,29000,26100,2552,https://www.musinsa.com/app/goods/3440367?loc=goods_rank
모자,3,MAPOHGS0J420229-001,POLO RALPH LAUREN,코튼 치노 베이스볼 캡 - 블랙,79000,55300,2325,https://www.musinsa.com/app/goods/2381335?loc=goods_rank
모자,4,680739410B24061SS22,BALENCIAGA,남성 유니티 스노우보드 볼캡 - 네이비 블루,650000,513000,180,https://www.musinsa.com/app/goods/2477001?loc=goods_rank
모자,5,BAUF25,BAUF,B LOGO 볼캡 [블랙],55000,49500,28270,https://www.musinsa.com/app/goods/2879419?loc=goods_rank
모자,6,21SSBCGR1,OGARP,KNOCKIN LOGO B.B CAP GREEN,42000,39900,14117,https://www.musinsa.com/app/goods/1855444?loc=goods_rank
모자,7,CLHTDD007,CLOVE,Logo Teddy Hat_Women (Beige),69000,55200,2804,https://www.musinsa.com/app/goods/2904101?loc=goods_rank
모자,8,3ABNM0726-50BKS,MLB,뉴 젤리 비니 NY (Black),"
                                                                                                                                                39000",39000,66836,https://www.musinsa.com/app/goods/1214193?loc=goods_rank
모자,9,21SSBCOG1,OGARP,KNOCKIN LOGO B.B CAP ORANGE,42000,39900,8907,https://www.musinsa.com/app/goods/1906772?loc=goods_rank
모자,10,20237,WICK,Executive 클랙식 워싱 볼캡-네이비,19000,17100,23218,https://www.musinsa.com/app/goods/2306874?loc=goods_rank
모자,11,Pigment Washed Cotton Ball Cap,DUMARO,피그먼트 워시드 코튼 볼캡,39900,27930,4066,https://www.musinsa.com/app/goods/2289283?loc=goods_rank
모자,12,3ACP6601N-50WHS,MLB,N-COVER 언스트럭쳐 볼캡 NY (Off White),"
                                                                                                                                                36000",36000,3544,https://www.musinsa.com/app/goods/2256179?loc=goods_rank
모자,13,12836257,NEW ERA,MLB 화이트 온 블랙 뉴욕 양키스 볼캡,39000,35100,3417,https://www.musinsa.com/app/goods/3088347?loc=goods_rank
모자,14,NM11HG01M1DG,NOMANUAL,DOODLE BALL CAP - FOREST,39000,34710,12059,https://www.musinsa.com/app/goods/2329376?loc=goods_rank
모자,15,LP7647,LUOESPAC,오버핏 버킷햇 (블랙),37000,29600,21855,https://www.musinsa.com/app/goods/1086824?loc=goods_rank
모자,16,5005060512,DAKINE,서프 모자 DK1895BAC,"
                                                                                                                                                59000",59000,9,https://www.musinsa.com/app/goods/3384855?loc=goods_rank
모자,17,RR233AC009NAVY,REST&RECREATION,RR STITCH BALL CAP_NAVY,58000,55100,55,https://www.musinsa.com/app/goods/3535653?loc=goods_rank
모자,18,NOI1022,NOIAGO,NOI1022 시그니처 로고 비니 (아이보리),33000,26400,1305,https://www.musinsa.com/app/goods/3451758?loc=goods_rank
모자,19,LAUF33,BAUF,HWC 볼캡 [블랙],55000,49500,3333,https://www.musinsa.com/app/goods/2650966?loc=goods_rank
모자,20,BAUF27,BAUF,B 빈티지 워싱 볼캡 [워시드 네이비],55000,49500,3838,https://www.musinsa.com/app/goods/2879422?loc=goods_rank
모자,21,BAUF155,BAUF,플레임 빈티지 워싱 볼캡 [워시드 블랙],55000,49500,441,https://www.musinsa.com/app/goods/3300526?loc=goods_rank
모자,22,K3343LCP13BLK,KODAK,베이직 버킷햇 BLACK,"
                                                                                                                                                49000",49000,277,https://www.musinsa.com/app/goods/2375235?loc=goods_rank
모자,23,P00000MG,DONTFORGETME,디에프엠 스크립트3 옐로우-볼캡,"
                                                                                                                                                49000",49000,32,https://www.musinsa.com/app/goods/2548434?loc=goods_rank
모자,24,N235AHA620099,NATIONALGEOGRAPHIC,N235AHA620 카미캡 BLACK,"
                                                                                                                                                49000",49000,18,https://www.musinsa.com/app/goods/3019773?loc=goods_rank
모자,25,1MG23SHG101,MARITHE FRANCOIS GIRBAUD,CLASSIC LOGO CAP ivory,"
                                                                                                                                                49000",49000,664,https://www.musinsa.com/app/goods/3035402?loc=goods_rank
모자,26,SL233KHWBE02LV,SUNLOVE,Cali Shaggy Beanie Lavender,"
                                                                                                                                                49000",49000,180,https://www.musinsa.com/app/goods/3511818?loc=goods_rank
모자,27,WL234WCA01UPIK,WOOALONG,Corduroy signature ball cap - PINK,52000,46800,190,https://www.musinsa.com/app/goods/3521784?loc=goods_rank
모자,28,AXMHALABN01NA,APIECEOFCAKE,HTT Beanie_Navy,39000,39000,392,https://www.musinsa.com/app/goods/2324269?loc=goods_rank
모자,29,FV B_R/S C,VVELOCE,FV 볼캡 소프트핏 블랙R,57000,45800,140,https://www.musinsa.com/app/goods/2287568?loc=goods_rank
모자,30,GDBHT003BURGUNDY,GRAM OUNCE POUND,Sunset 6-Panel Cap,"
                                                                                                                                                45000",45000,253,https://www.musinsa.com/app/goods/3269396?loc=goods_rank
모자,31,22FWAC01BE,GOTTER GALLERY,SYMBOL UNCUFFED BEANIE_BE,49000,44100,7084,https://www.musinsa.com/app/goods/2740725?loc=goods_rank
모자,32,COTA01,TYPESERVICE,Typeservice Web Cap [Black],39000,35100,16049,https://www.musinsa.com/app/goods/2356711?loc=goods_rank
모자,33,project 13,THE COLDEST MOMENT,TCM cure cap,46000,41400,674,https://www.musinsa.com/app/goods/3428914?loc=goods_rank
모자,34,CTA0CP02CR,CITY BREEZE,아치 로고 자수 볼캡_CREAM,42000,37800,6965,https://www.musinsa.com/app/goods/3363218?loc=goods_rank
모자,35,cap_logo_001bk,WOOALONG,Signature Small Logo ball cap - BLACK,"
                                                                                                                                                37000",37000,5886,https://www.musinsa.com/app/goods/2287268?loc=goods_rank
모자,36,APOHFWABC01,APIECEOFCAKE,Archive Cap_Black,45000,18000,225,https://www.musinsa.com/app/goods/2893778?loc=goods_rank
모자,37,TRTHSUBC05UC6,TRAVEL,워크샵 오리지널 로고 캡 블랙,42000,35900,205,https://www.musinsa.com/app/goods/3225043?loc=goods_rank
모자,38,varzar1097,VARZAR,VA 스퀘어 스터드 6패널 버킷햇 블랙,42000,35700,23,https://www.musinsa.com/app/goods/3514062?loc=goods_rank
모자,39,LPMN03,LUOESPAC,[미누의 코디] 나인티스 워싱 볼캡 (네이비),39000,35100,203,https://www.musinsa.com/app/goods/3326087?loc=goods_rank
모자,40,20220103-01,ESPIONAGE,Nylon Hiking Cap Black,42000,35000,3916,https://www.musinsa.com/app/goods/2288644?loc=goods_rank
모자,41,PERRY LOUPER RETLOGO OLD SKOOL SNAPBACK BLACK,PHILIPPAKER,페리로퍼 레트로고 올드 스쿨 스냅백 블랙,"
                                                                                                                                                35000",35000,214,https://www.musinsa.com/app/goods/3102488?loc=goods_rank
모자,42,AXMHALABN01PK,APIECEOFCAKE,HTT Beanie_Pink,39000,39000,450,https://www.musinsa.com/app/goods/2324234?loc=goods_rank
모자,43,20245,WICK,Ready to drop 워싱 볼캡-차콜,19000,17100,1866,https://www.musinsa.com/app/goods/2306902?loc=goods_rank
모자,44,LP0251,LUOESPAC,엘 로고 볼캡 (버건디),39000,31200,262,https://www.musinsa.com/app/goods/2234534?loc=goods_rank
모자,45,MG2AFMAB23ABL,MAHAGRID,ORIGIN LOGO SHORT BEANIE BLUE(MG2AFMAB23A),"
                                                                                                                                                15000",15000,1702,https://www.musinsa.com/app/goods/1526861?loc=goods_rank
모자,46,TT35AACU07,TNP,TT35AACU07_WH LABEL 6PANEL BUCKET HAT,39000,39000,224,https://www.musinsa.com/app/goods/3208566?loc=goods_rank
모자,47,5001948229,AMERICAN NEEDLE,HEPCAT YOSEMITE NP,39000,25740,214,https://www.musinsa.com/app/goods/2994939?loc=goods_rank
모자,48,FN7AH88U,PENFIELD,ORIGINAL LOGO BALL CAP RED_FN7AH88U,39000,15600,72,https://www.musinsa.com/app/goods/2916794?loc=goods_rank
모자,49,ML056,MILLO,홀리데이 시그니처 볼 캡 [그린],39000,35100,64479,https://www.musinsa.com/app/goods/2280117?loc=goods_rank
모자,50,COTA01,TYPESERVICE,Typeservice Web Cap [Beige Gray],39000,35100,29780,https://www.musinsa.com/app/goods/2356713?loc=goods_rank
모자,51,20RCFWEHTU003BR,ROMANTIC CROWN,LAUREL LOGO SUEDE NEWS BOY CAP_BROWN,42000,42000,196,https://www.musinsa.com/app/goods/1623650?loc=goods_rank
모자,52,cap,NONAMENEED,노스텔지어 볼캡 그레이,39000,39000,137,https://www.musinsa.com/app/goods/1844960?loc=goods_rank
모자,53,BAUF28,BAUF,B 빈티지 워싱 볼캡 [워시드 핑크],55000,49500,14999,https://www.musinsa.com/app/goods/2879425?loc=goods_rank
모자,54,BAUF46,BAUF,B 빈티지 볼캡 [카모],55000,49500,3835,https://www.musinsa.com/app/goods/2996006?loc=goods_rank
모자,55,HX0263,CALVIN KLEIN JEANS,6color 남녀공용 모노그램 엠브로이더리 볼캡 HX0263,69000,65550,35750,https://www.musinsa.com/app/goods/1822717?loc=goods_rank
모자,56,23HS-NEW CLASSIC LOGO BALLCAP (BLACK),ETCE,NEW CLASSIC LOGO BALLCAP (BLACK),46000,41400,289,https://www.musinsa.com/app/goods/3415018?loc=goods_rank
모자,57,MAPOHGS0J420546-300,POLO RALPH LAUREN,코튼 치노 베이스볼 캡 - 카키,79000,55300,3986,https://www.musinsa.com/app/goods/1836697?loc=goods_rank
모자,58,3ACP7701N-07BKS,MLB,루키 언스트럭쳐 볼캡 LA (Black),"
                                                                                                                                                36000",36000,22556,https://www.musinsa.com/app/goods/1214173?loc=goods_rank
모자,59,A231UAA01OB,AEAE,WEB LOGO MESH CAP - [OLIVE/BEIGE],"
                                                                                                                                                49000",49000,9856,https://www.musinsa.com/app/goods/3185977?loc=goods_rank
모자,60,LPMN03,LUOESPAC,[미누의 코디] 나인티스 워싱 볼캡 (블랙),39000,35100,857,https://www.musinsa.com/app/goods/3325941?loc=goods_rank
모자,61,CTHTDC003BK,CRITIC,WORMHOLE LOGO BEANIE BLACK,29000,26100,703,https://www.musinsa.com/app/goods/3440370?loc=goods_rank
모자,62,LE2301CA01NA,LEE,스몰 트위치로고 코튼 커브 볼캡 네이비,29000,26100,28670,https://www.musinsa.com/app/goods/1771133?loc=goods_rank
모자,63,LE2301CA01BE,LEE,스몰 트위치로고 코튼 커브 볼캡 베이지,"
                                                                                                                                                29000",29000,70460,https://www.musinsa.com/app/goods/1771137?loc=goods_rank
모자,64,cap_logo_002bk,WOOALONG,Signature Logo ball cap - BLACK,"
                                                                                                                                                37000",37000,45385,https://www.musinsa.com/app/goods/2286829?loc=goods_rank
모자,65,COTA01,TYPESERVICE,Typeservice Web Cap [Sky Blue],39000,35100,35565,https://www.musinsa.com/app/goods/1920929?loc=goods_rank
모자,66,COTA01,TYPESERVICE,Typeservice Web Cap [Green],39000,35100,31963,https://www.musinsa.com/app/goods/2028240?loc=goods_rank
모자,67,COTA01,TYPESERVICE,Typeservice Web Cap [Navy],39000,35100,27685,https://www.musinsa.com/app/goods/2134158?loc=goods_rank
모자,68,CTHTDA002BK,CRITIC,Goth Logo 5P Cap Black,39000,35100,1955,https://www.musinsa.com/app/goods/3119125?loc=goods_rank
모자,69,MAPOHGS0J420120-400,POLO RALPH LAUREN,폴로 치노 베이스볼 캡-누벅,"
                                                                                                                                                89000",89000,28293,https://www.musinsa.com/app/goods/1022014?loc=goods_rank
모자,70,LP7745,LUOESPAC,오버핏 라운드 버킷햇 (블랙),37000,29600,20860,https://www.musinsa.com/app/goods/1497550?loc=goods_rank
모자,71,FUXKING WORLD,DEFYCLUBROBBERS,You are not at fault,49000,39200,35136,https://www.musinsa.com/app/goods/2591291?loc=goods_rank
모자,72,NE3BP54A,THE NORTH FACE,NE3BP54A 플리스 이어머프 비니,"
                                                                                                                                                39000",39000,1463,https://www.musinsa.com/app/goods/3467099?loc=goods_rank
모자,73,project 8-8,THE COLDEST MOMENT,TCM bgc cap,43000,38700,31351,https://www.musinsa.com/app/goods/2123132?loc=goods_rank
모자,74,32CP88111-50X,MLB,조이 언스트럭쳐 볼캡 NY (BLACK),33000,23100,4170,https://www.musinsa.com/app/goods/1863414?loc=goods_rank
모자,75,3ACP7701N-07GNS,MLB,루키 언스트럭쳐 볼캡 LA (Green),"
                                                                                                                                                36000",36000,46345,https://www.musinsa.com/app/goods/1214109?loc=goods_rank
모자,76,3ACP7701N-50BKS,MLB,루키 언스트럭쳐 볼캡 NY (Black),"
                                                                                                                                                36000",36000,82125,https://www.musinsa.com/app/goods/1214164?loc=goods_rank
모자,77,3ACP6601N-50BKS,MLB,N-COVER 볼캡 NY (BLACK),"
                                                                                                                                                36000",36000,48821,https://www.musinsa.com/app/goods/1272626?loc=goods_rank
모자,78,3ACP6601N-07BKS,MLB,N-COVER 언스트럭쳐 볼캡 LA (Black),"
                                                                                                                                                36000",36000,14873,https://www.musinsa.com/app/goods/1524720?loc=goods_rank
모자,79,MAPOHGS0J421218-410,POLO RALPH LAUREN,아플리케 트윌 볼 캡 - 네이비,"
                                                                                                                                                139000",139000,952,https://www.musinsa.com/app/goods/3406665?loc=goods_rank
모자,80,FA2301CA05BK,FALLETT,빈티지 데님 볼캡 블랙,49000,34300,4114,https://www.musinsa.com/app/goods/3187506?loc=goods_rank
모자,81,Pigment Washed Cotton Ball Cap,DUMARO,피그먼트 워시드 코튼 볼캡,39900,27930,15000,https://www.musinsa.com/app/goods/2289281?loc=goods_rank
모자,82,Pigment Washed Cotton Ball Cap,DUMARO,피그먼트 워시드 코튼 볼캡,39900,27930,3881,https://www.musinsa.com/app/goods/2289282?loc=goods_rank
모자,83,LAUF31,BAUF,HWC 볼캡 [피그먼트 그레이],55000,49500,5688,https://www.musinsa.com/app/goods/2650964?loc=goods_rank
모자,84,BAUF152,BAUF,컴아웃 나일론 볼캡 [카모],55000,49500,1170,https://www.musinsa.com/app/goods/3300518?loc=goods_rank
모자,85,2202151700,AEAE,Web Logo 5pannel Cap [Blue/Red],"
                                                                                                                                                49000",49000,1877,https://www.musinsa.com/app/goods/2789771?loc=goods_rank
모자,86,A231UAA02EB,AEAE,WEB LOGO 5 PANNEL BALL CAP - [ECRU/BLACK],"
                                                                                                                                                49000",49000,6917,https://www.musinsa.com/app/goods/3185980?loc=goods_rank
모자,87,NE3CP03A,THE NORTH FACE,NE3CP03A 고어텍스 볼 캡,59000,47200,542,https://www.musinsa.com/app/goods/3287848?loc=goods_rank
모자,88,115400,NIKE GOLF,드라이 핏 클럽 FB6451,"
                                                                                                                                                25900",25900,1226,https://www.musinsa.com/app/goods/3435270?loc=goods_rank
모자,89,23RCFWEHTU001OA,ROMANTIC CROWN,핸드 스티치 니트 트루퍼 햇_오트밀,48000,43200,81,https://www.musinsa.com/app/goods/3487889?loc=goods_rank
모자,90,021 ACC,MY DEEP BLUE MEMORIES,[mdbm] MM Double Logo cap,"
                                                                                                                                                43000",43000,761,https://www.musinsa.com/app/goods/2862958?loc=goods_rank
모자,91,21SSBCBK1,OGARP,KNOCKIN LOGO B.B CAP BLACK,42000,39900,2642,https://www.musinsa.com/app/goods/1906773?loc=goods_rank
모자,92,WW9P3QUAC201,OCEANPACIFIC,[OP]코듀로이 오션퍼시픽1972 볼캡[OP]COURDUROY OCEAN PACIFIC 1972 BALLCAP,"
                                                                                                                                                39900",39900,114,https://www.musinsa.com/app/goods/2893124?loc=goods_rank
모자,93,5003095429,TONES,톤즈 배색 볼캡 (NV),39000,39000,194,https://www.musinsa.com/app/goods/3084573?loc=goods_rank
모자,94,673318410B20926SS22,BALENCIAGA,여성 로고 비저 볼캡 - 화이트,475000,348000,304,https://www.musinsa.com/app/goods/2483265?loc=goods_rank
모자,95,XL HIGHLAND CAP BLACK,PLATEAU,빅사이즈 볼캡 XL HIGHLAND CAP BLACK,43000,38500,1939,https://www.musinsa.com/app/goods/1141872?loc=goods_rank
모자,96,SE5AAC109BK,WOOALONG,Deep signature logo ball cap - BLACK,"
                                                                                                                                                37000",37000,8528,https://www.musinsa.com/app/goods/2859190?loc=goods_rank
모자,97,3ACP7701N-07BLS,MLB,루키 언스트럭쳐 볼캡 LA (Blue),"
                                                                                                                                                36000",36000,48366,https://www.musinsa.com/app/goods/1214174?loc=goods_rank
모자,98,COTA01,TYPESERVICE,Typeservice Web Cap [Light Orange],39000,35100,8377,https://www.musinsa.com/app/goods/1920840?loc=goods_rank
모자,99,JN5GCU192BB,JEEP,Small Logo Cap (JN5GCU192BB),"
                                                                                                                                                35000",35000,11082,https://www.musinsa.com/app/goods/1374020?loc=goods_rank
모자,100,47685,WICK,WICK UNIVERSE 워싱 볼캡-카키,21000,18900,9608,https://www.musinsa.com/app/goods/2510298?loc=goods_rank
