﻿카테고리,순위,품번,브랜드명,상품명(한글),판매가,비회원가,좋아요 수,URL
액세서리,1,DF22SS707,DOFFJASON,미니멀 스퀘어 하드레더 벨트,43000,29800,36297,https://www.musinsa.com/app/goods/1961481?loc=goods_rank
액세서리,2,MIBE0005,MUSINSA STANDARD,사피아노 신세틱 레더 벨트,"
                                                                                                                                                15900",15900,82733,https://www.musinsa.com/app/goods/1220731?loc=goods_rank
액세서리,3,130004,GIORDANO,130004 베이직 레더 벨트,19800,17800,8821,https://www.musinsa.com/app/goods/1648533?loc=goods_rank
액세서리,4,2021AW-1-NRLGB-1,REORG,NUE REORG LOGO BELT BLACK,"
                                                                                                                                                24000",24000,17410,https://www.musinsa.com/app/goods/2073191?loc=goods_rank
액세서리,5,5002917562,LMR,SSANGNYOUNGEE KEY RING BLACK,"
                                                                                                                                                35000",35000,6630,https://www.musinsa.com/app/goods/3296962?loc=goods_rank
액세서리,6,MMBBE106,MUSINSA STANDARD,오토매틱 플레이트 레더 벨트,35900,32290,1744,https://www.musinsa.com/app/goods/2625572?loc=goods_rank
액세서리,7,IM2J2AC02BK,INSILENCE,미니멀 레더 벨트 BLACK,36000,32000,13615,https://www.musinsa.com/app/goods/1144382?loc=goods_rank
액세서리,8,MMBBE109,MUSINSA STANDARD,베이식 이탈리안 레더 벨트,29900,23890,2091,https://www.musinsa.com/app/goods/2584859?loc=goods_rank
액세서리,9,YK23SSAC01,WAIKEI,말티즈 구름 토이 키링,49000,44100,8040,https://www.musinsa.com/app/goods/3273350?loc=goods_rank
액세서리,10,D1NA007,EZIO,다크네이비 사선 슬럽 패턴 타이,"
                                                                                                                                                34000",34000,21,https://www.musinsa.com/app/goods/1907330?loc=goods_rank
액세서리,11,NM_PRE-FALL,NICK&NICOLE,레더 매쉬 벨트_블랙,45000,31500,308,https://www.musinsa.com/app/goods/2071730?loc=goods_rank
액세서리,12,YK23FWAC19,WAIKEI,돌핀 자수 스트라이프 머플러 4 COLOR,25000,21250,80,https://www.musinsa.com/app/goods/3505512?loc=goods_rank
액세서리,13,m1037_685523,LAFUDGESTORE,솔리드 울타이_Black,23800,18900,344,https://www.musinsa.com/app/goods/3450107?loc=goods_rank
액세서리,14,18fw_a1black,SMITHARMOR,SA D 링 웨빙 롱 벨트_블랙,"
                                                                                                                                                18000",18000,100,https://www.musinsa.com/app/goods/883231?loc=goods_rank
액세서리,15,293782WY9D,8SECONDS,30mm 말머리 버클 벨트  브라운 (293782WY9D),"
                                                                                                                                                17900",17900,16,https://www.musinsa.com/app/goods/3389880?loc=goods_rank
액세서리,16,DF22SS705,DOFFJASON,심플 웨스턴 하드레더 벨트,43000,29800,13155,https://www.musinsa.com/app/goods/2086104?loc=goods_rank
액세서리,17,a3b32023081742,A3B3,(Keyring) Doodle Frog,"
                                                                                                                                                11000",11000,9,https://www.musinsa.com/app/goods/3471432?loc=goods_rank
액세서리,18,MITI0001-BK,MUSINSA STANDARD,실크 솔리드 타이 [블랙],"
                                                                                                                                                23900",23900,6102,https://www.musinsa.com/app/goods/1010295?loc=goods_rank
액세서리,19,MG2201TC11IV,WHATITISNT,슈무 키링  아이보리,12900,10320,1668,https://www.musinsa.com/app/goods/2098552?loc=goods_rank
액세서리,20,PM20FAC006YL,THISISNEVERTHAT,PKM Pikachu Key Ring Yellow,15000,7500,728,https://www.musinsa.com/app/goods/1726910?loc=goods_rank
액세서리,21,MITI0001-NA,MUSINSA STANDARD,실크 솔리드 타이 [네이비],"
                                                                                                                                                23900",23900,2085,https://www.musinsa.com/app/goods/1010296?loc=goods_rank
액세서리,22,113539V001D7585SS23,BOTTEGA VENETA,공용 인트레치아토 나파 키링 - 오렌지,350000,213000,97,https://www.musinsa.com/app/goods/3199650?loc=goods_rank
액세서리,23,YJCRB01,YUJE,BASIC REVERSIBLE LEATHER BELT,"
                                                                                                                                                78000",78000,2030,https://www.musinsa.com/app/goods/1722682?loc=goods_rank
액세서리,24,MTK223AC002W0BB,MATIN KIM,WESTERN STYLE BELT IN BLACK,"
                                                                                                                                                58000",58000,3933,https://www.musinsa.com/app/goods/2357572?loc=goods_rank
액세서리,25,293782WE15,8SECONDS,[리얼레더] 20mm 웨스턴 슬림 벨트  블랙 (293782WE15),"
                                                                                                                                                29900",29900,12415,https://www.musinsa.com/app/goods/1762873?loc=goods_rank
액세서리,26,BT002,SIGNATURE,베이직 웨스턴 레더 벨트,39900,29900,3139,https://www.musinsa.com/app/goods/3095989?loc=goods_rank
액세서리,27,OS23FWBT01,OUTSTANDING,OSTD COWHIDE BELT,58000,52200,241,https://www.musinsa.com/app/goods/3434611?loc=goods_rank
액세서리,28,FRK710228,CPGN STUDIO,헤리티지 체크 머플러 챠콜,43000,27950,23083,https://www.musinsa.com/app/goods/1214814?loc=goods_rank
액세서리,29,PCBE0001-BK/SI,PAPERISM,이탈리안 불하이드 레더 벨트 [블랙/실버],"
                                                                                                                                                24900",24900,7140,https://www.musinsa.com/app/goods/64040?loc=goods_rank
액세서리,30,Architect Slim Tie Ver.2 (Black),WHAGI,아키택트 슬림 타이 Ver.2 (블랙),"
                                                                                                                                                98000",98000,93,https://www.musinsa.com/app/goods/3395799?loc=goods_rank
액세서리,31,6755420464231FW22,SALVATORE FERRAGAMO,남성 리버시블 간치니 벨트 - 블랙:다크 브라운,790000,357000,317,https://www.musinsa.com/app/goods/2745285?loc=goods_rank
액세서리,32,987840,THOMASMORE,TI9401 넥타이,"
                                                                                                                                                35700",35700,4723,https://www.musinsa.com/app/goods/1356705?loc=goods_rank
액세서리,33,UB-1260,UNIFORM BRIDGE,og logo army belt black,"
                                                                                                                                                19000",19000,4572,https://www.musinsa.com/app/goods/1025517?loc=goods_rank
액세서리,34,lot.125,DEMIL,LOT. 125 엘라스틱 퀵 웹벨트,17500,16625,521,https://www.musinsa.com/app/goods/2633088?loc=goods_rank
액세서리,35,MIBE0001,MUSINSA STANDARD,레더 드레스 벨트,29900,26890,5151,https://www.musinsa.com/app/goods/1031294?loc=goods_rank
액세서리,36,MIBE0021,MUSINSA STANDARD,우먼즈 베이식 이탈리안 레더 벨트,29900,26890,10674,https://www.musinsa.com/app/goods/1243054?loc=goods_rank
액세서리,37,MNPONKW39O20451-410,POLO RALPH LAUREN,폴로 베어 실크 타이 - 네이비,"
                                                                                                                                                219000",219000,475,https://www.musinsa.com/app/goods/2940617?loc=goods_rank
액세서리,38,MMJBE011,MUSINSA STANDARD,사피아노 레더 벨트,26900,24190,9108,https://www.musinsa.com/app/goods/1640887?loc=goods_rank
액세서리,39,21FW-TS011,TLEYOUNG,TY 스탠다드 타이_Black,25000,23750,1288,https://www.musinsa.com/app/goods/3022304?loc=goods_rank
액세서리,40,608783VO0BG8803SS23,BOTTEGA VENETA,공용 인트레치아토 나파 키링 - 블랙,350000,198000,392,https://www.musinsa.com/app/goods/3199653?loc=goods_rank
액세서리,41,IM2J4BT01BK,INSILENCE,미니멀 웨스턴 벨트 BLACK,54000,48000,3647,https://www.musinsa.com/app/goods/1581922?loc=goods_rank
액세서리,42,APU705,ALPACHINO,베이직 골프 벨트 APU705,"
                                                                                                                                                39900",39900,7,https://www.musinsa.com/app/goods/2876514?loc=goods_rank
액세서리,43,DF22SS709,DOFFJASON,웨스턴 하드레더 벨트,52000,39000,5398,https://www.musinsa.com/app/goods/1595795?loc=goods_rank
액세서리,44,DF22SS7017,DOFFJASON,미니멀 스퀘어 더블스틸 하드레더 벨트,52000,39000,1946,https://www.musinsa.com/app/goods/2086096?loc=goods_rank
액세서리,45,20SMACC001BR,GAC,REAL LEATHER MESH BELT brown,43000,38700,443,https://www.musinsa.com/app/goods/1459014?loc=goods_rank
액세서리,46,DFBT1001BKF,DRAW FIT,오블리크 미니멀 레더 벨트 [BLACK],42000,37800,1913,https://www.musinsa.com/app/goods/1316433?loc=goods_rank
액세서리,47,CV2DFUAB63ABK,CAVISH,MEGA CYCLONE KEYRING BLACK(CV2DFUAB63A),39000,35100,1996,https://www.musinsa.com/app/goods/3444439?loc=goods_rank
액세서리,48,979937,THOMASMORE,ac0103 마네 벨트 -블랙,"
                                                                                                                                                35000",35000,1777,https://www.musinsa.com/app/goods/2305802?loc=goods_rank
액세서리,49,A2208BBRFW23,OUR LEGACY,남성 웨스턴 벨트 - 브라운,245000,139000,8,https://www.musinsa.com/app/goods/3495482?loc=goods_rank
액세서리,50,D1NA013,EZIO,브라운 슬림 스퀘어 니트 타이,"
                                                                                                                                                34000",34000,1284,https://www.musinsa.com/app/goods/1907324?loc=goods_rank
액세서리,51,DF22SS708,DOFFJASON,미니멀 스퀘어 하드레더 벨트 (다크브라운),43000,34000,1201,https://www.musinsa.com/app/goods/2086102?loc=goods_rank
액세서리,52,MMJBE010,MUSINSA STANDARD,스퀘어 이탈리안 레더 벨트,33900,30490,5371,https://www.musinsa.com/app/goods/1548409?loc=goods_rank
액세서리,53,222889217200SS23,TOTEME,여성 모노그램 실크 스카프 - 블랙,170000,119000,123,https://www.musinsa.com/app/goods/3192413?loc=goods_rank
액세서리,54,레이스 스카프 (블랙),KOOKEESEE,레이스 스카프 (블랙),"
                                                                                                                                                29000",29000,47,https://www.musinsa.com/app/goods/3394663?loc=goods_rank
액세서리,55,OS20FWMF01SET,ODDSTUDIO,베이직 니트 체크 머플러 - 21COLOR,39000,28800,67752,https://www.musinsa.com/app/goods/1688909?loc=goods_rank
액세서리,56,WK23SSAC02BK,WKNDRS,STAR CLIP BELT (BLACK),32000,28800,1998,https://www.musinsa.com/app/goods/3147303?loc=goods_rank
액세서리,57,MMBBE101,MUSINSA STANDARD,이탈리안 레더 웨스턴 벨트,33900,28790,2335,https://www.musinsa.com/app/goods/2559402?loc=goods_rank
액세서리,58,cap2,SODAMON,미민 투홀 터치장갑 18colors,"
                                                                                                                                                27500",27500,9596,https://www.musinsa.com/app/goods/2285288?loc=goods_rank
액세서리,59,MHBE0001,MUSINSA STANDARD,이지 웨빙 벨트,"
                                                                                                                                                11900",11900,5736,https://www.musinsa.com/app/goods/735511?loc=goods_rank
액세서리,60,S0484-D03,ABRAHAM MOON,메리노울 숄머플러 50cm - 웨스트민스터 네이비,"
                                                                                                                                                99000",99000,96,https://www.musinsa.com/app/goods/2252887?loc=goods_rank
액세서리,61,MITI0002-NA,MUSINSA STANDARD,실크 레지멘탈 타이 [네이비],"
                                                                                                                                                23900",23900,1603,https://www.musinsa.com/app/goods/1010298?loc=goods_rank
액세서리,62,MMBTI501-BK,MUSINSA STANDARD,실크 내로우 솔리드 타이 [블랙],"
                                                                                                                                                23900",23900,495,https://www.musinsa.com/app/goods/3020250?loc=goods_rank
액세서리,63,JUBE3F071BK,JILLSTUART MEN ACC,블랙 라운드 버클 프리미엄 사피아노 가죽 벨트,98000,88200,151,https://www.musinsa.com/app/goods/2041625?loc=goods_rank
액세서리,64,101705,WILD BRICKS,CL WOVEN LEATHER BELT (dark brown),"
                                                                                                                                                79000",79000,127,https://www.musinsa.com/app/goods/2890755?loc=goods_rank
액세서리,65,101804,WILD BRICKS,WL WESTERN BELT (dark brown),"
                                                                                                                                                79000",79000,150,https://www.musinsa.com/app/goods/3113080?loc=goods_rank
액세서리,66,-,METALIZE,Mahjong Brass Charm,"
                                                                                                                                                78000",78000,7,https://www.musinsa.com/app/goods/3357951?loc=goods_rank
액세서리,67,AM22FWM01AC,AMOMENTO,SHEARLING MITTENS,109000,76300,1414,https://www.musinsa.com/app/goods/2706670?loc=goods_rank
액세서리,68,m1037_685523,LAFUDGESTORE,솔리드 울타이_Midnight Blue,23800,18900,159,https://www.musinsa.com/app/goods/3450111?loc=goods_rank
액세서리,69,000011,NOCONTENT,캐시미어 울 글러브 ( 솔리드 투톤 ) _ 그린,"
                                                                                                                                                75000",75000,62,https://www.musinsa.com/app/goods/2874079?loc=goods_rank
액세서리,70,JUBE3F251BK,JILLSTUART MEN ACC,블랙 단색 소가죽 벨트,78000,74100,7,https://www.musinsa.com/app/goods/3515269?loc=goods_rank
액세서리,71,11480735,JBANS CLASSIC,베이비울 블랜드 미니 니트머플러 (C2104-AM102_BE),25000,17500,74,https://www.musinsa.com/app/goods/2259968?loc=goods_rank
액세서리,72,P00000NO,BAG TO BASICS,HEART BEAR KEYRING,"
                                                                                                                                                16000",16000,1818,https://www.musinsa.com/app/goods/3266415?loc=goods_rank
액세서리,73,AOCWNT001CH,ANOTHER OFFICE,CRAFT KNIT-TIE (Charcoal),"
                                                                                                                                                62000",62000,466,https://www.musinsa.com/app/goods/2944263?loc=goods_rank
액세서리,74,LMDM38,LMOOD,유러피안 웨스턴 벨트 새틴 블랙,68000,61200,788,https://www.musinsa.com/app/goods/3136453?loc=goods_rank
액세서리,75,682837,ARCTERYX,컨베이어 벨트 32mm,"
                                                                                                                                                60000",60000,149,https://www.musinsa.com/app/goods/3366258?loc=goods_rank
액세서리,76,MMAMU701-MR,MUSINSA STANDARD,메리노 울 100 머플러 [미디엄 그레이],"
                                                                                                                                                59900",59900,1157,https://www.musinsa.com/app/goods/2106621?loc=goods_rank
액세서리,77,tv_zip_zetbk_slim,THOMAS VAILEY,자동/지퍼넥타이- 예장 블랙 슬림 7cm,"
                                                                                                                                                14900",14900,3128,https://www.musinsa.com/app/goods/1728479?loc=goods_rank
액세서리,78,19378OWY2D,8SECONDS,20mm 사각 버클 벨트  브라운 (19378OWY2D),"
                                                                                                                                                14900",14900,111,https://www.musinsa.com/app/goods/3400724?loc=goods_rank
액세서리,79,1556654,MANNERGRAM,프리미엄 울타이 그레이,"
                                                                                                                                                59000",59000,25,https://www.musinsa.com/app/goods/1731330?loc=goods_rank
액세서리,80,VC2333BT001M,VOCAVACA,Classic Italy Leather Belt VC2399BT001M,"
                                                                                                                                                59000",59000,285,https://www.musinsa.com/app/goods/3257741?loc=goods_rank
액세서리,81,P0000DWU,MANGO MANY PLEASE,WEAVING BELT (2colors),"
                                                                                                                                                57000",57000,21,https://www.musinsa.com/app/goods/3533657?loc=goods_rank
액세서리,82,m1037_1087792,VUNQUE,Memory Photo Keyring (메모리 포토 키링) Pink,"
                                                                                                                                                55000",55000,170,https://www.musinsa.com/app/goods/3465133?loc=goods_rank
액세서리,83,BRWLBT302BK,BRANDED,302 MINIMAL LAYERED BELT [BLACK],58000,52200,202,https://www.musinsa.com/app/goods/3329366?loc=goods_rank
액세서리,84,FL-722_KeyRing,FLAREUP,2.Ethnic Key Ring (FL-722),68000,49800,1039,https://www.musinsa.com/app/goods/2596919?loc=goods_rank
액세서리,85,DJ23SS3,DOFFJASON,[2PACK] 미니멀 스퀘어&심플 웨스턴 하드레더 벨트,86000,49800,471,https://www.musinsa.com/app/goods/3345786?loc=goods_rank
액세서리,86,680267,RIFLE PAPER,Lottie Pearl 진주 머리띠,62000,49600,18,https://www.musinsa.com/app/goods/2399122?loc=goods_rank
액세서리,87,N22SAC01-BK,NOIRER,[천연소가죽] 레더 키링 벨트 (BLACK),52000,46800,3101,https://www.musinsa.com/app/goods/1385437?loc=goods_rank
액세서리,88,GB3FW-AMF001BEIGE,GROVE,23FW LAWSON SHAWL MUFFLER_BEIGE,48000,43200,235,https://www.musinsa.com/app/goods/3534779?loc=goods_rank
액세서리,89,MIBE0006,MUSINSA STANDARD,이지 웨빙 벨트 30mm,11900,10690,2441,https://www.musinsa.com/app/goods/1224998?loc=goods_rank
액세서리,90,CA-BK852,CAPACCI,CA-BK852 - 소가죽 남성벨트 정장 캐주얼벨트,"
                                                                                                                                                42300",42300,6,https://www.musinsa.com/app/goods/1735354?loc=goods_rank
액세서리,91,M19FAC1010,MAISON MINED,ESSENTIAL BELT,59000,41300,7780,https://www.musinsa.com/app/goods/1224173?loc=goods_rank
액세서리,92,CXD2BE02K-BLK,COOR,핀버클 크로크엠보스드 벨트 (블랙),45000,40500,198,https://www.musinsa.com/app/goods/3094432?loc=goods_rank
액세서리,93,CXD2BE01K-BLK,COOR,핀버클 카프스킨 벨트 (블랙),45000,40500,657,https://www.musinsa.com/app/goods/3094436?loc=goods_rank
액세서리,94,FK3AC03BKF,FENNEC,KNIT TIMI MUFFLER_ver.4 - BLACK,33000,33000,379,https://www.musinsa.com/app/goods/2172180?loc=goods_rank
액세서리,95,레인보우 머플러 네이비,MARTINCOKS,레인보우 울머플러 네이비,19900,9900,3518,https://www.musinsa.com/app/goods/2949871?loc=goods_rank
액세서리,96,레인보우 머플러 오렌지옐로우,MARTINCOKS,레인보우 울머플러 오렌지옐로우,19900,9900,656,https://www.musinsa.com/app/goods/2949875?loc=goods_rank
액세서리,97,레인보우 머플러 블랙베이지,MARTINCOKS,레인보우 울머플러 블랙베이지,19900,9900,1695,https://www.musinsa.com/app/goods/2949877?loc=goods_rank
액세서리,98,DF22SS7019,DOFFJASON,아메리칸 웨스턴 벨트,52000,39000,1241,https://www.musinsa.com/app/goods/2086097?loc=goods_rank
액세서리,99,DF22SS7021,DOFFJASON,아메리칸 하드레더 벨트,52000,39000,3192,https://www.musinsa.com/app/goods/2086100?loc=goods_rank
액세서리,100,DF22SS7010,DOFFJASON,웨스턴 하드레더 벨트 (다크브라운),52000,39000,596,https://www.musinsa.com/app/goods/2086101?loc=goods_rank
