﻿카테고리,순위,품번,브랜드명,상품명(한글),판매가,비회원가,좋아요 수,URL
시계,1,788055,CASIO,A-158WA-1UWDF,"
                                                                                                                                                43000",43000,12142,https://www.musinsa.com/app/goods/1880626?loc=goods_rank
시계,2,939020,CASIO,F-91WM-1BDF,"
                                                                                                                                                28000",28000,759,https://www.musinsa.com/app/goods/2410444?loc=goods_rank
시계,3,NL1AC01KHF,FENNEC,CNS APPLE WATCH 40mm STRAP - KHAKI,28000,9900,182,https://www.musinsa.com/app/goods/2493794?loc=goods_rank
시계,4,118515,SAMSUNG ELECTRONICS,갤럭시 워치6 클래식 골프 에디션 (47mm),559000,519870,22,https://www.musinsa.com/app/goods/3413134?loc=goods_rank
시계,5,워치,SAMSUNG ELECTRONICS,갤럭시 워치6 클래식 블루투스 43mm,429000,398970,61,https://www.musinsa.com/app/goods/3414141?loc=goods_rank
시계,6,워치,SAMSUNG ELECTRONICS,갤럭시 워치6 블루투스 44mm,369000,343170,93,https://www.musinsa.com/app/goods/3414138?loc=goods_rank
시계,7,워치,SAMSUNG ELECTRONICS,갤럭시 워치6 블루투스 40mm,329000,305970,180,https://www.musinsa.com/app/goods/3414115?loc=goods_rank
시계,8,VW-Beetle2B-SV,VOLKSVAGEN WATCH,남여공용 디지털 메탈시계 VW-Beetle2B-SV,80000,24900,2789,https://www.musinsa.com/app/goods/934747?loc=goods_rank
시계,9,1718549,INVICTA,SPEEDWAY 남성용 크로노그래프 메탈손목시계 9223,650000,170000,11,https://www.musinsa.com/app/goods/2386787?loc=goods_rank
시계,10,SG010L,SIARGO,SG-010L-RBR 펜넬 컬렉션 남자 가죽 손목 시계 (사은품 증정),189000,159000,135,https://www.musinsa.com/app/goods/1728950?loc=goods_rank
시계,11,1549609,TANDY,시그니쳐 럭셔리 커플 메탈 손목시계(스와로브스키 식입) T-3915 실버 남여세트,1040000,1040000,186,https://www.musinsa.com/app/goods/1708214?loc=goods_rank
시계,12,970083,CASIO,DBC-611G-1DF,"
                                                                                                                                                131000",131000,89,https://www.musinsa.com/app/goods/2558201?loc=goods_rank
시계,13,T77L-SLBK,TORSO,T77L-SLBK 무소음 투핸즈 심플리 데이트 커플 워치 남여 가죽 시계,230000,91000,76,https://www.musinsa.com/app/goods/3255417?loc=goods_rank
시계,14,D10231RGB,Disney,미키 타임리스 31mm 패션 큐빅장식 손목시계 D10231RGB,"
                                                                                                                                                79000",79000,4,https://www.musinsa.com/app/goods/1549904?loc=goods_rank
시계,15,788057,CASIO,A-168WA-1UWD,"
                                                                                                                                                51000",51000,2172,https://www.musinsa.com/app/goods/1880648?loc=goods_rank
시계,16,fW 프리미엄 체르마트 가죽 스트랩 7종 택1,LLOYD,[애플워치/갤럭시워치 호환] fW 프리미엄 체르마트 가죽 스트랩 7종 택1,79900,49900,116,https://www.musinsa.com/app/goods/2946679?loc=goods_rank
시계,17,LL2G22600MSR,LLOYD,가독성 좋은 아라빅 브라운 수능 가죽시계 LL2G22600MSR,79900,49900,13,https://www.musinsa.com/app/goods/3561631?loc=goods_rank
시계,18,102414,MOOAS,올라운더 4 in 1 고속 무선충전 무드등 시계,51900,48800,757,https://www.musinsa.com/app/goods/2742527?loc=goods_rank
시계,19,1707300,DIEUAMOUR,여성 메쉬밴드시계 DAW3301MS-SW 다이아몬드 시계,158000,158000,114,https://www.musinsa.com/app/goods/2569543?loc=goods_rank
시계,20,VW-Arteon,VOLKSVAGEN WATCH,커플메탈시계 남성용 VW-ArteonM-40,110000,45000,103,https://www.musinsa.com/app/goods/1145265?loc=goods_rank
시계,21,2640021,VALENTINO RUDY,VR1117B-WTWT 남자시계 메탈시계 Collaboration Set,218000,45000,11438,https://www.musinsa.com/app/goods/1466244?loc=goods_rank
시계,22,5000100339,ST.SCOTT LONDON,ST5088SWBK 브렌타 레더 워치,198000,42000,3796,https://www.musinsa.com/app/goods/2746593?loc=goods_rank
시계,23,RE5485M_BK,RENOMA WATCH,RE5485M_BK  남자 메쉬밴드 시계_ 블랙,148000,41000,41,https://www.musinsa.com/app/goods/1713048?loc=goods_rank
시계,24,2903162,VALENTINO RUDY,VR1208A-WTBKM 남자시계 가죽시계,158000,39900,563,https://www.musinsa.com/app/goods/1803470?loc=goods_rank
시계,25,3078571,VALENTINO RUDY,VRA203-WT 애플워치 스트랩 메탈밴드 6 5 4 3 2 1 SE 세대 38 40 42 44mm,79000,39900,5376,https://www.musinsa.com/app/goods/1990388?loc=goods_rank
시계,26,102481,MOOAS,15W 미니 스퀘어 거치형 무선충전 탁상시계,39800,36800,7,https://www.musinsa.com/app/goods/3472108?loc=goods_rank
시계,27,3352706,VALENTINO RUDY,VR6575B-BKWT 디지털 전자시계 남여 공용시계,158000,28900,6537,https://www.musinsa.com/app/goods/2329969?loc=goods_rank
시계,28,788059,CASIO,MQ-24-7B2LDF,"
                                                                                                                                                23000",23000,517,https://www.musinsa.com/app/goods/1880676?loc=goods_rank
시계,29,939046,CASIO,MQ-24-1ELDF,"
                                                                                                                                                23000",23000,287,https://www.musinsa.com/app/goods/2410501?loc=goods_rank
시계,30,1711070,NIVADA,애플워치 스트랩 3종 메탈밴드 5003 7 SE 6 5 4 3 2 1 세대 38 40 41mm,89000,89000,383,https://www.musinsa.com/app/goods/2353943?loc=goods_rank
시계,31,3078567,VALENTINO RUDY,VRA205-WT 애플워치 스트랩 메탈밴드 6 5 4 3 2 1 SE 세대 38 40 42 44mm,49000,19900,6477,https://www.musinsa.com/app/goods/1990393?loc=goods_rank
시계,32,LL2B22T00PBB,LLOYD,[사은품 증정] 쉬머 브라이트 애플워치용 블랙 메쉬 스트랩 LL2B22T00PBB,49900,19900,106,https://www.musinsa.com/app/goods/2975893?loc=goods_rank
시계,33,GW_SWS,SINJIMORU,갤럭시워치 3·S2·액티브·클래식·스포츠·4·5·프로·S3·프론티어 스테인리스 메탈 쥬빌레 밴드 스트랩(20-22mm),17900,14320,89,https://www.musinsa.com/app/goods/2851271?loc=goods_rank
시계,34,2115064,DAYNEEDS,애플워치 레더 스트랩 2번 투버클 가죽 밴드,"
                                                                                                                                                13900",13900,319,https://www.musinsa.com/app/goods/2925708?loc=goods_rank
시계,35,AW_SB,SINJIMORU,애플워치 8·7·6·5·4·세대·울트라·38·40·41·42·44·45·49·mm 슬림 메탈 밀레니즈 스테인레스 밴드 스트랩,"
                                                                                                                                                12900",12900,46,https://www.musinsa.com/app/goods/3444501?loc=goods_rank
시계,36,GW_LB,SINJIMORU,갤럭시워치 5/4/3/프로/기어/스포츠/클래식/프론티어/S3/S2 밀레니즈 루프 밴드 메탈 스트랩,14900,10430,808,https://www.musinsa.com/app/goods/2240097?loc=goods_rank
시계,37,NL1AC02YEF,FENNEC,CNS APPLE WATCH 44mm STRAP - YELLOW,28000,9900,51,https://www.musinsa.com/app/goods/2493786?loc=goods_rank
시계,38,구스페리,MERCURY,애플워치8 울트라 SE 7 6 5 전기종 호환 일체형 네온 실리콘 스트랩 밴드 투명,13900,7900,375,https://www.musinsa.com/app/goods/2936085?loc=goods_rank
시계,39,5002982241,DEVERS,애플워치 8/7/6/5/4/3/2/SE 세대 밀레니즈 스트랩 투명 TPU밴드 41mm/40mm/38mm,16900,7900,99,https://www.musinsa.com/app/goods/3169483?loc=goods_rank
시계,40,ROTHCOWATCH002,ROTHCO,4321 SMITH & WESSON 밀리터리 와치셋 블랙다이얼,"
                                                                                                                                                55000",55000,74,https://www.musinsa.com/app/goods/121736?loc=goods_rank
시계,41,VW1421L-GD,VOLKSVAGEN WATCH,[Volkswagen] 폭스바겐 VW1421L-GD 본사정품,90000,59000,19,https://www.musinsa.com/app/goods/270410?loc=goods_rank
시계,42,VW1421V-RG,VOLKSVAGEN WATCH,[Volkswagen] 폭스바겐 VW1421V-RG 본사정품,90000,59000,15,https://www.musinsa.com/app/goods/270415?loc=goods_rank
시계,43,OW-059DY,Disney,[Disney] 디즈니 OW-059DY 미키마우스 메탈시계 남여공용,"
                                                                                                                                                139000",139000,16,https://www.musinsa.com/app/goods/466949?loc=goods_rank
시계,44,115024,MTM,레드 (그레이),"
                                                                                                                                                2500000",2500000,7,https://www.musinsa.com/app/goods/488364?loc=goods_rank
시계,45,OW-096RG,Disney,[Disney] 디즈니 OW-096RG 남여공용 가죽시계 본사정품,"
                                                                                                                                                55000",55000,8,https://www.musinsa.com/app/goods/580656?loc=goods_rank
시계,46,VW1425M-BK,VOLKSVAGEN WATCH,멀티펑션 남자 메탈시계 VW1425M-BK,210000,69000,296,https://www.musinsa.com/app/goods/589113?loc=goods_rank
시계,47,JA-544,JULIUS1,JA-544 여성손목시계,"
                                                                                                                                                21600",21600,417,https://www.musinsa.com/app/goods/668279?loc=goods_rank
시계,48,BD7113G-B03,BESTDON,6시 오픈형 오토매틱 메탈시계 BD7113G-B03,"
                                                                                                                                                162000",162000,10,https://www.musinsa.com/app/goods/789496?loc=goods_rank
시계,49,BD7113GRS,BESTDON,6시 오픈형 오토매틱 가죽시계 BD7113GRS,"
                                                                                                                                                141000",141000,15,https://www.musinsa.com/app/goods/789504?loc=goods_rank
시계,50,BD7125G-B06,BESTDON,오토매틱·문페이즈 가죽시계 BD7125G-B06,"
                                                                                                                                                180000",180000,34,https://www.musinsa.com/app/goods/790922?loc=goods_rank
시계,51,VW1472M-SB,VOLKSVAGEN WATCH,남자 메탈시계 VW1472M-SB,180000,49000,34,https://www.musinsa.com/app/goods/794662?loc=goods_rank
시계,52,OTW917617TPP,OST,분홍자개 다이얼 로즈골드 메탈시계 OTW917617TPP,"
                                                                                                                                                49900",49900,10,https://www.musinsa.com/app/goods/923863?loc=goods_rank
시계,53,OB-908 STBK,OBERON,남성 가죽시계 OB-908 STBK,178000,124600,5,https://www.musinsa.com/app/goods/945637?loc=goods_rank
시계,54,A001-04,GREEN STUFF,풀문 손목시계 001 [가죽][로즈핑크-실버][카멜밴드],55000,24750,95,https://www.musinsa.com/app/goods/988915?loc=goods_rank
시계,55,JA-1071,JULIUS1,JA-1071 여성시계+투링팔찌 증정,78000,31200,3249,https://www.musinsa.com/app/goods/1010859?loc=goods_rank
시계,56,2160015,VALENTINO RUDY,VR1301A-WTBK 남자시계 가죽시계,168000,39800,900,https://www.musinsa.com/app/goods/1025196?loc=goods_rank
시계,57,932433,BOXY,워치와인더 BWS-F(DG) Dark Grey,158000,134300,8,https://www.musinsa.com/app/goods/1040210?loc=goods_rank
시계,58,게이즈,GAZE,애플워치 6/SE 가죽밴드 40mm 시리즈 5/4/3 38mm 호환 스트랩,"
                                                                                                                                                30900",30900,368,https://www.musinsa.com/app/goods/1058232?loc=goods_rank
시계,59,2210351,VALENTINO RUDY,발렌티노루디 VR1301B-BKWT 메쉬 남자시계 메탈시계,168000,34900,609,https://www.musinsa.com/app/goods/1062069?loc=goods_rank
시계,60,2210352,VALENTINO RUDY,발렌티노루디 VR1301B-WTWT 메쉬 남자시계 메탈시계,168000,39900,4009,https://www.musinsa.com/app/goods/1062070?loc=goods_rank
시계,61,2217431,VALENTINO RUDY,발렌티노루디 VR2533B-WTRG 여성시계 메쉬밴드시계,228000,228000,135,https://www.musinsa.com/app/goods/1069968?loc=goods_rank
시계,62,2219022,VALENTINO RUDY,VR6531B-BKWT 남자시계 메탈시계,288000,288000,243,https://www.musinsa.com/app/goods/1070814?loc=goods_rank
시계,63,1735A,BREDA,Esther - Silver/Moss,"
                                                                                                                                                226000",226000,741,https://www.musinsa.com/app/goods/1088920?loc=goods_rank
시계,64,2263514,VALENTINO RUDY,VR5084A-RGDKBR 남자시계 가죽시계,350000,350000,191,https://www.musinsa.com/app/goods/1088999?loc=goods_rank
시계,65,TS1103A,TACS,채널큐트_Channel Cute_퍼플_TS1103A,"
                                                                                                                                                220000",220000,9,https://www.musinsa.com/app/goods/1089934?loc=goods_rank
시계,66,VW-Allspace-BB,VOLKSVAGEN WATCH,폭스바겐 멀티펑션 메탈시계 VW-Allspace-BB,250000,250000,59,https://www.musinsa.com/app/goods/1098139?loc=goods_rank
시계,67,2281885,VALENTINO RUDY,VR6538A-RGBK 남자시계 가죽시계,188000,38900,2081,https://www.musinsa.com/app/goods/1100079?loc=goods_rank
시계,68,2281895,VALENTINO RUDY,VR2542B-WTRG 여자시계 메탈시계,198000,198000,205,https://www.musinsa.com/app/goods/1100089?loc=goods_rank
시계,69,2282424,VALENTINO RUDY,VR5506A-WTBK 남자시계 가죽시계,198000,198000,534,https://www.musinsa.com/app/goods/1100200?loc=goods_rank
시계,70,PCM19021L BU,PRIMA CLASSE,PCM19021L BU 여성시계 메탈밴드 패션시계,"
                                                                                                                                                151000",151000,4,https://www.musinsa.com/app/goods/1101217?loc=goods_rank
시계,71,2367243,CATERPILLAR WATCH,시계 NO.161.21.121,185000,148000,11,https://www.musinsa.com/app/goods/1118285?loc=goods_rank
시계,72,MA-AUTOWH,Disney,어벤져스 오토매틱 메탈시계 MA-AUTOWH,"
                                                                                                                                                530000",530000,30,https://www.musinsa.com/app/goods/1174506?loc=goods_rank
시계,73,SP3350M-WRG,SCORPION,Sebek 빅데이트 크로노 메탈시계 SP3350M-WRG,389000,272300,2,https://www.musinsa.com/app/goods/1189879?loc=goods_rank
시계,74,VW-Ti,VOLKSVAGEN WATCH,커플메탈시계 여성용 VW-Ti-30BK,110000,45000,284,https://www.musinsa.com/app/goods/1200095?loc=goods_rank
시계,75,VW-Ti,VOLKSVAGEN WATCH,커플메탈시계 여성용 VW-Ti-30SV,110000,45000,1851,https://www.musinsa.com/app/goods/1200100?loc=goods_rank
시계,76,VW-Ti,VOLKSVAGEN WATCH,커플메탈시계 VW-Ti 4종 택1,110000,45000,611,https://www.musinsa.com/app/goods/1203673?loc=goods_rank
시계,77,VW-BeetleSNOW,VOLKSVAGEN WATCH,VW-BeetleSNOW-YL,80000,29800,14,https://www.musinsa.com/app/goods/1213310?loc=goods_rank
시계,78,10956508,ST.SCOTT LONDON,ST1006M-SSS 남성 메탈시계,196000,59000,10,https://www.musinsa.com/app/goods/1218026?loc=goods_rank
시계,79,2428732,CRONOUS,CRD88019B-WTWT 남자시계 메탈시계,238000,74900,54,https://www.musinsa.com/app/goods/1219741?loc=goods_rank
시계,80,2428759,CRONOUS,CRD77017A-RGBL 여자시계 가죽시계,"
                                                                                                                                                198000",198000,3,https://www.musinsa.com/app/goods/1219775?loc=goods_rank
시계,81,2428781,CRONOUS,CRD33028B-CB M 남자시계 메탈시계,"
                                                                                                                                                208000",208000,29,https://www.musinsa.com/app/goods/1219798?loc=goods_rank
시계,82,FM1927L-WRG,FOCE LADY,22.5mm 여성 가죽시계 FM1927L-WRG,148000,109000,118,https://www.musinsa.com/app/goods/1221157?loc=goods_rank
시계,83,FM1905L-RG,FOCE LADY,18mm 여성 가죽시계 FM1905L-RG,128000,83200,78,https://www.musinsa.com/app/goods/1221225?loc=goods_rank
시계,84,CHRONO WX,WILS FABRIK,나무 남성 손목시계 -  CHRONO WX,"
                                                                                                                                                269000",269000,126,https://www.musinsa.com/app/goods/1230091?loc=goods_rank
시계,85,VW-BeetleNewtro,VOLKSVAGEN WATCH,VW-BeetleNewtro-WH,80000,24900,958,https://www.musinsa.com/app/goods/1230173?loc=goods_rank
시계,86,VW-BeetleNewtro,VOLKSVAGEN WATCH,VW-BeetleNewtro-BK,80000,24900,671,https://www.musinsa.com/app/goods/1230175?loc=goods_rank
시계,87,ZEON BLACK COUPLE,WILS FABRIK,나무 커플 손목시계 - ZEON BLACK,"
                                                                                                                                                308000",308000,14,https://www.musinsa.com/app/goods/1243515?loc=goods_rank
시계,88,OTW119C07TSS,OST,영롱한 은하수 여성 실버 메쉬시계 OTW119C07TSS,"
                                                                                                                                                52400",52400,30,https://www.musinsa.com/app/goods/1248572?loc=goods_rank
시계,89,WU-BeetleNewtro,VOLKSVAGEN WATCH,WU-BeetleNewtro 10종 택1,80000,24900,398,https://www.musinsa.com/app/goods/1251519?loc=goods_rank
시계,90,VW-Arteon,VOLKSVAGEN WATCH,커플메탈시계 여성용 VW-ArteonL-OG32,110000,49000,30,https://www.musinsa.com/app/goods/1255458?loc=goods_rank
시계,91,OTW119C03ASG,OST,산뜻한 그린 여성 가죽시계 OTW119C03ASG,"
                                                                                                                                                52400",52400,7,https://www.musinsa.com/app/goods/1257418?loc=goods_rank
시계,92,VW-Beetle2-GG,VOLKSVAGEN WATCH,폭스바겐 메탈시계 VW-Beetle10-NewTro10 20종 택1,80000,24900,1538,https://www.musinsa.com/app/goods/1263401?loc=goods_rank
시계,93,1400781,NIVADA,클래식 여성용 캘린더 메탈시계 3013 (사은품증정),290000,290000,12,https://www.musinsa.com/app/goods/1282644?loc=goods_rank
시계,94,1400796,NIVADA,남성 크로노 메탈시계 3종 중 택1 (1001/1002/1003),390000,390000,22,https://www.musinsa.com/app/goods/1282659?loc=goods_rank
시계,95,1400799,NIVADA,여성용 SUNLIGHT 메탈 시계 3009,190000,190000,50,https://www.musinsa.com/app/goods/1282662?loc=goods_rank
시계,96,1400812,NIVADA,남성용 멀티펑션 가죽 시계 1008,260000,260000,37,https://www.musinsa.com/app/goods/1282675?loc=goods_rank
시계,97,1400819,NIVADA,남성용 크로노그래프 메탈 시계 1001,390000,390000,62,https://www.musinsa.com/app/goods/1282683?loc=goods_rank
시계,98,1400882,INVICTA,Pro Diver Collection 오토매틱 카렌다 메탈시계 8928OB,650000,179000,88,https://www.musinsa.com/app/goods/1282815?loc=goods_rank
시계,99,1403352,TANDY,클래식 남성용 멀티펑션 메탈시계 3713 블루,378000,378000,42,https://www.musinsa.com/app/goods/1284174?loc=goods_rank
시계,100,1403353,TANDY,클래식 남성용 멀티펑션 메탈시계 3713 로즈골드,378000,378000,341,https://www.musinsa.com/app/goods/1284176?loc=goods_rank
