﻿카테고리,순위,품번,브랜드명,상품명(한글),판매가,비회원가,좋아요 수,URL
스포츠용품,1,w-jst23-006,BADBLOOD LOUNGE WEAR,새턴 바디수트(스윔수트) - 네온,86000,77400,109,https://www.musinsa.com/app/goods/3349802?loc=goods_rank
스포츠용품,2,M3321PKT04NVY,MALBON GOLF,빅 버킷 로고 스웨터 NAVY (MAN),"
                                                                                                                                                439000",439000,6,https://www.musinsa.com/app/goods/3512797?loc=goods_rank
스포츠용품,3,1-1,HUGVONE,무지 머슬핏 반팔 13컬러,22000,17600,16081,https://www.musinsa.com/app/goods/2690691?loc=goods_rank
스포츠용품,4,M3322PSK16CHC,MALBON GOLF,2단 플리츠 스커트 CHARCOAL (WOMAN),"
                                                                                                                                                359000",359000,13,https://www.musinsa.com/app/goods/3512789?loc=goods_rank
스포츠용품,5,S08817,JELEVE,[2pack] 루즈핏 롱슬리브,124000,65900,1044,https://www.musinsa.com/app/goods/3050501?loc=goods_rank
스포츠용품,6,SO323LCR72_BEG0,DESCENTE,크론 레이서 운동화 베이지,"
                                                                                                                                                149000",149000,10,https://www.musinsa.com/app/goods/3360431?loc=goods_rank
스포츠용품,7,5000640061,MASMARULEZ,빅 트래블백 _ 블랙,67500,34500,14202,https://www.musinsa.com/app/goods/1377156?loc=goods_rank
스포츠용품,8,1326413-001,UNDERARMOUR,테크 2.0 반팔티 1326413-001,39000,35100,3979,https://www.musinsa.com/app/goods/1880961?loc=goods_rank
스포츠용품,9,300,GLIMMER,[2PACK] 에어쿨링 드라이 기능성 무지 반팔티,25000,15200,7310,https://www.musinsa.com/app/goods/2028864?loc=goods_rank
스포츠용품,10,SP0WRCDX043,SKECHERS,여성 맥스쿠셔닝 엘리트_SP0WRCDX043,119000,109000,516,https://www.musinsa.com/app/goods/3048666?loc=goods_rank
스포츠용품,11,SO123LSN13_WHT0,DESCENTE,드리블 스니커즈 화이트,"
                                                                                                                                                99000",99000,48,https://www.musinsa.com/app/goods/3209515?loc=goods_rank
스포츠용품,12,YS2233TL003,YONEX,233TL003U 멜란지 그레이 공용 시그니처 그래픽 맨투맨,"
                                                                                                                                                99000",99000,2,https://www.musinsa.com/app/goods/3437064?loc=goods_rank
스포츠용품,13,P3ATSA01,GOALSTUDIO,TEAM KOREA OF E-SPORTS T-SHIRT,"
                                                                                                                                                49000",49000,157,https://www.musinsa.com/app/goods/3555410?loc=goods_rank
스포츠용품,14,AYL00165,KLATTERMUSEN,엘드림너 룸버팩 5L,119000,91630,6,https://www.musinsa.com/app/goods/3442664?loc=goods_rank
스포츠용품,15,A3SM1CF61BLK,ARENA,윈도우 선수 3부 A3SM1CF61BLK,"
                                                                                                                                                89000",89000,28,https://www.musinsa.com/app/goods/3273916?loc=goods_rank
스포츠용품,16,4-3,HUGVONE,드라이 숏팬츠 5컬러,28000,22400,2234,https://www.musinsa.com/app/goods/2734431?loc=goods_rank
스포츠용품,17,BM230212,BLACK MONSTER FIT,몬스터서핑 래쉬가드 롱슬리브 (3color),"
                                                                                                                                                28900",28900,1964,https://www.musinsa.com/app/goods/3218817?loc=goods_rank
스포츠용품,18,2033B427-001,ASICS,나일론 아노락 자켓 - 블랙,109000,87200,1134,https://www.musinsa.com/app/goods/2312311?loc=goods_rank
스포츠용품,19,P0000DXR,BEARBONES,포레스트 랜턴,"
                                                                                                                                                87000",87000,33,https://www.musinsa.com/app/goods/2889520?loc=goods_rank
스포츠용품,20,M32001APS40BLK,MUSINSA STANDARD SPORTS,드라이액션™ 5-inch 쇼츠 (브리프 내장) [블랙],37900,28420,620,https://www.musinsa.com/app/goods/3056151?loc=goods_rank
스포츠용품,21,1 Dry Regular,HUGVONE,드라이 긴팔 레귤러 핏 4컬러,23000,21000,1671,https://www.musinsa.com/app/goods/3238682?loc=goods_rank
스포츠용품,22,KF4EX23640WHX,HEAD,여성 리볼트 프로 테니스화 KF4EX23640WHX,119000,83300,78,https://www.musinsa.com/app/goods/3277101?loc=goods_rank
스포츠용품,23,NBNAD32843_62,NEW BALANCE,NBNAD32843/ UNI 컬러블록 웜업자켓 (HUNTER),"
                                                                                                                                                179000",179000,6640,https://www.musinsa.com/app/goods/3049849?loc=goods_rank
스포츠용품,24,YS2235TS022,YONEX,235TS022U 화이트 공용 반팔 카라 맨투맨,"
                                                                                                                                                79000",79000,54,https://www.musinsa.com/app/goods/3472165?loc=goods_rank
스포츠용품,25,A3AC1AG46BLK,ARENA,돌핀 트레이닝 미러 수경 A3AC1AG46BLK,"
                                                                                                                                                36000",36000,310,https://www.musinsa.com/app/goods/3019891?loc=goods_rank
스포츠용품,26,8173216288,WEEK9,베이비 모노키니,"
                                                                                                                                                34900",34900,2714,https://www.musinsa.com/app/goods/3158494?loc=goods_rank
스포츠용품,27,HD22STS11M01,HDEX,[2pack] 스탠다드 오버핏 반팔티,78000,69900,571,https://www.musinsa.com/app/goods/3189398?loc=goods_rank
스포츠용품,28,WTB0516,WILSON,EVOLUTION BASKETBALL,"
                                                                                                                                                69000",69000,115,https://www.musinsa.com/app/goods/3204858?loc=goods_rank
스포츠용품,29,AMSRO-03BLK,ANDAR,풀앤비치 원숄더 원피스 수영복_블랙,"
                                                                                                                                                69000",69000,369,https://www.musinsa.com/app/goods/3339859?loc=goods_rank
스포츠용품,30,SO323UBG71_BLK0,DESCENTE,스포츠베이직 슬링백 S 블랙,"
                                                                                                                                                69000",69000,95,https://www.musinsa.com/app/goods/3360336?loc=goods_rank
스포츠용품,31,YS2235TS021,YONEX,235TS021U 오트밀 멜란지 공용 테니스 볼 디자인 반팔 티셔츠,"
                                                                                                                                                69000",69000,45,https://www.musinsa.com/app/goods/3472130?loc=goods_rank
스포츠용품,32,AKFJL-03BLK,ANDAR,에어스트 에센셜 슬림핏 조거팬츠_블랙,69000,59000,567,https://www.musinsa.com/app/goods/2213521?loc=goods_rank
스포츠용품,33,YS2235PH007,YONEX,235PH007U 오트밀 멜란지 공용 절개 라인 포인트 반바지,"
                                                                                                                                                59000",59000,33,https://www.musinsa.com/app/goods/3472295?loc=goods_rank
스포츠용품,34,MWWCLP702_,MULAWEAR,[1&1]피치 프리 투 업 조거 팬츠 MWWCLP702,138000,49000,75,https://www.musinsa.com/app/goods/2863443?loc=goods_rank
스포츠용품,35,ALP3L-02_MM,ANDAR,[1&1] 에어쿨링 3부 레깅스,84000,49000,585,https://www.musinsa.com/app/goods/3358703?loc=goods_rank
스포츠용품,36,MA1001,MALDEN,클래식 머슬핏 무지 티셔츠,"
                                                                                                                                                24000",24000,9576,https://www.musinsa.com/app/goods/2082054?loc=goods_rank
스포츠용품,37,loov04,LOFIX,[2Pack]헤비코튼 심플 오버핏 반팔 9 color,"
                                                                                                                                                47000",47000,1,https://www.musinsa.com/app/goods/3566331?loc=goods_rank
스포츠용품,38,MMBBE050,MUSINSA STANDARD SPORTS,퍼포레이티드 레더 골프 벨트,49900,44790,324,https://www.musinsa.com/app/goods/2625575?loc=goods_rank
스포츠용품,39,NN2PP03N,THE NORTH FACE,NN2PP03N 슈퍼 크로스 백,49000,44100,180,https://www.musinsa.com/app/goods/3030663?loc=goods_rank
스포츠용품,40,1328496-001,UNDERARMOUR,테크 2.0 긴팔티 1328496-001,"
                                                                                                                                                39000",39000,722,https://www.musinsa.com/app/goods/1851460?loc=goods_rank
스포츠용품,41,WWM21293R2,WIDEANGLE,VA 워딩포인트 반팔 티셔츠 L_Red,55000,39000,6,https://www.musinsa.com/app/goods/2673228?loc=goods_rank
스포츠용품,42,FWW-FB4013-JB-F,WILD WILD WEST,팩가방,"
                                                                                                                                                39000",39000,11,https://www.musinsa.com/app/goods/3406374?loc=goods_rank
스포츠용품,43,300+325SET,GLIMMER,[SET UP] 에어쿨링 드라이 기능성 반팔티+반바지 세트,30000,18900,2189,https://www.musinsa.com/app/goods/2662484?loc=goods_rank
스포츠용품,44,M32001ATS52NVY,MUSINSA STANDARD SPORTS,드라이액션™ 폴로 골프 반팔 티셔츠 (집업) [네이비],41900,37710,37,https://www.musinsa.com/app/goods/3075883?loc=goods_rank
스포츠용품,45,m20230704b628efa50,NATIONAL GEOGRAPHIC MOBILE,IPX8 모바일 방수 크로스백 NGM-WCB,"
                                                                                                                                                28600",28600,45,https://www.musinsa.com/app/goods/3393999?loc=goods_rank
스포츠용품,46,M32001APS40RED,MUSINSA STANDARD SPORTS,드라이액션™ 5-inch 쇼츠 (브리프 내장) [레드],37900,28420,92,https://www.musinsa.com/app/goods/3056147?loc=goods_rank
스포츠용품,47,HD23SSC01C01,HDEX,메인로고 스트라이프 삭스 3 컬러 5packs,35000,28000,82,https://www.musinsa.com/app/goods/3119446?loc=goods_rank
스포츠용품,48,NSTS01,NINEZ,시그니처 코튼 머슬핏 티셔츠 NSTS01,39000,29800,6281,https://www.musinsa.com/app/goods/2628632?loc=goods_rank
스포츠용품,49,BYCM001MC01BK,BYC,B-맨즈 스포츠 머슬 런닝 블랙 1p,29900,29900,674,https://www.musinsa.com/app/goods/2968980?loc=goods_rank
스포츠용품,50,XT2219GStateWhite,XEXYMIX,머슬핏 듀얼 슬리브리스 스테이트화이트,36000,26000,26,https://www.musinsa.com/app/goods/3449545?loc=goods_rank
스포츠용품,51,1127953-BBLC,HOKA,( (남성) 본디 8 와이드 - 블랙,"
                                                                                                                                                219000",219000,639,https://www.musinsa.com/app/goods/3377428?loc=goods_rank
스포츠용품,52,콘치 더블 라인 크로스탑,CONCHWEAR,콘치 더블 라인 크로스탑,"
                                                                                                                                                25000",25000,928,https://www.musinsa.com/app/goods/2574122?loc=goods_rank
스포츠용품,53,5PP3532,MOREOUT,여성요가복 바스락 튤립 쇼츠 5PP3532,32000,25000,725,https://www.musinsa.com/app/goods/3300735?loc=goods_rank
스포츠용품,54,001,GREENBUTTER,Butter Long Socks (Butter),"
                                                                                                                                                11900",11900,565,https://www.musinsa.com/app/goods/3346269?loc=goods_rank
스포츠용품,55,양말,YONEX,여성 스포츠양말 배드민턴 테니스 5족세트,"
                                                                                                                                                24000",24000,20,https://www.musinsa.com/app/goods/2597634?loc=goods_rank
스포츠용품,56,E-186UBK,EVERLAST,트레이닝 슬리브리스 탑 나시티 민소매티 SLEEVELESS TOP [블랙],"
                                                                                                                                                23900",23900,11,https://www.musinsa.com/app/goods/2456514?loc=goods_rank
스포츠용품,57,M33001ATN81DGR,MUSINSA STANDARD SPORTS,드라이액션™ 짐 탱크 슬리브리스 [다크 그레이],27900,23710,13,https://www.musinsa.com/app/goods/3275323?loc=goods_rank
스포츠용품,58,M33001ATN81BLK,MUSINSA STANDARD SPORTS,드라이액션™ 짐 탱크 슬리브리스 [블랙],27900,23710,18,https://www.musinsa.com/app/goods/3275325?loc=goods_rank
스포츠용품,59,ZL254543MASK,ZIKLAG,UV 차단 스포츠 메쉬 쿨 마스크 2color,27900,27900,736,https://www.musinsa.com/app/goods/3286165?loc=goods_rank
스포츠용품,60,309010,BUBBLELIME,마린 UPF50+ 라인 숏슬리브 레쉬가드 반팔 수영복_F01,"
                                                                                                                                                21700",21700,287,https://www.musinsa.com/app/goods/1642930?loc=goods_rank
스포츠용품,61,ADGB-12413~6,ADIDAS FITNESS,에센셜 벨크로 헬스장갑,31500,21200,148,https://www.musinsa.com/app/goods/2699333?loc=goods_rank
스포츠용품,62,리버서블 TPE 요가매트,TRATAC,리버서블 TPE 요가매트,22000,19800,86,https://www.musinsa.com/app/goods/2948040?loc=goods_rank
스포츠용품,63,300-3PACK,GLIMMER,[3PACK] 에어쿨링 드라이 기능성 무지 반팔티,35000,21400,16402,https://www.musinsa.com/app/goods/2029969?loc=goods_rank
스포츠용품,64,5005210544,MIZUNO,이중 쿠셔닝 크루삭스 5족,21900,18900,1042,https://www.musinsa.com/app/goods/3414027?loc=goods_rank
스포츠용품,65,M33001ESC92WHT,MUSINSA STANDARD SPORTS,하이브리드 쿠셔닝 스포츠 미들 삭스(5팩) 드라이액션™,18900,16065,38,https://www.musinsa.com/app/goods/3417319?loc=goods_rank
스포츠용품,66,NM2DP51A,THE NORTH FACE,NM2DP51A 빅샷,150000,135000,61351,https://www.musinsa.com/app/goods/1034480?loc=goods_rank
스포츠용품,67,YS2235SN004,YONEX,235SN004F 화이트 테니스 양말 여성장목,"
                                                                                                                                                15000",15000,37,https://www.musinsa.com/app/goods/3472430?loc=goods_rank
스포츠용품,68,NM2DP55A,THE NORTH FACE,NM2DP55A 미니 샷,99000,89100,11745,https://www.musinsa.com/app/goods/1597319?loc=goods_rank
스포츠용품,69,HD23STS12M01,HDEX,[2pack] 메인 스몰 로고 에어 머슬핏 숏 슬리브,72000,64800,2975,https://www.musinsa.com/app/goods/3158061?loc=goods_rank
스포츠용품,70,NM2DP52A,THE NORTH FACE,NM2DP52A 핫샷,145000,130500,5029,https://www.musinsa.com/app/goods/3045584?loc=goods_rank
스포츠용품,71,XACY10176,WILLIAMSBURG NEWYORK CITY,WBNYC Casual Socks_Red,"
                                                                                                                                                9000",9000,23,https://www.musinsa.com/app/goods/2538658?loc=goods_rank
스포츠용품,72,IV5786,ADIDAS,아르헨티나 22 3 스타 홈 어센틱 저지 IV5786,"
                                                                                                                                                189000",189000,166,https://www.musinsa.com/app/goods/3531870?loc=goods_rank
스포츠용품,73,5002506941,CLAYMORE,이너프7,"
                                                                                                                                                179000",179000,303,https://www.musinsa.com/app/goods/3214518?loc=goods_rank
스포츠용품,74,OJ5JP11A,THE NORTH FACE,OJ5JP11A 2023 팀코리아 트레이닝 자켓,"
                                                                                                                                                168000",168000,281,https://www.musinsa.com/app/goods/3554627?loc=goods_rank
스포츠용품,75,1028110,KEEN,재스퍼 스니커즈 Deep Lagoon,159000,151500,3211,https://www.musinsa.com/app/goods/3411474?loc=goods_rank
스포츠용품,76,1002672,KEEN,재스퍼 스니커즈 Beige,159000,151100,1618,https://www.musinsa.com/app/goods/3046006?loc=goods_rank
스포츠용품,77,A2AC1AS01BLK,ARENA,스판수모 A2AC1AS01BLK,"
                                                                                                                                                6000",6000,615,https://www.musinsa.com/app/goods/2616054?loc=goods_rank
스포츠용품,78,BS02010161WT,BALLOP,BSR 런닝화 티바트2.0 화이트,119000,75000,78,https://www.musinsa.com/app/goods/3555435?loc=goods_rank
스포츠용품,79,93353402,PUMA,배구 국가대표 SS 저지 M(93353402) 반팔 티셔츠,"
                                                                                                                                                129000",129000,38,https://www.musinsa.com/app/goods/3509048?loc=goods_rank
스포츠용품,80,21019,NINETY PLUS,테크 조거팬츠-블랙,"
                                                                                                                                                42900",42900,4056,https://www.musinsa.com/app/goods/1870255?loc=goods_rank
스포츠용품,81,PT3LT23M261,PROSPECS,2023 LG트윈스 어센틱 유광점퍼,"
                                                                                                                                                249000",249000,157,https://www.musinsa.com/app/goods/3096183?loc=goods_rank
스포츠용품,82,NJ3NP55A,THE NORTH FACE,NJ3NP55A 남성 눕시 온볼 자켓,"
                                                                                                                                                249000",249000,2534,https://www.musinsa.com/app/goods/3411703?loc=goods_rank
스포츠용품,83,16-1,HUGVONE,헤비 무지 머슬핏 반팔 11컬러,22000,20200,2702,https://www.musinsa.com/app/goods/3115951?loc=goods_rank
스포츠용품,84,LC1048200,SALOMON,트레일블레이저 30 - 블랙:블랙,"
                                                                                                                                                108000",108000,2601,https://www.musinsa.com/app/goods/2413103?loc=goods_rank
스포츠용품,85,116590,TAYLOR MADE,SIM2 MAX 아이언 (카본 샤프트),"
                                                                                                                                                899000",899000,18,https://www.musinsa.com/app/goods/2772262?loc=goods_rank
스포츠용품,86,DO12METS21,DESCENTE GOLF,남성 등판 포인트 반팔 티셔츠,"
                                                                                                                                                219000",219000,11,https://www.musinsa.com/app/goods/3233363?loc=goods_rank
스포츠용품,87,NM5MP53J,THE NORTH FACE,NM5MP53J 화이트라벨 알바니 크루넥,"
                                                                                                                                                88000",88000,453,https://www.musinsa.com/app/goods/3435002?loc=goods_rank
스포츠용품,88,C1K5TK3001,CAMPLINE,"산티아고 다크브라운, 다크 그레이",242000,193600,697,https://www.musinsa.com/app/goods/2117213?loc=goods_rank
스포츠용품,89,NJ3BP51J,THE NORTH FACE,NJ3BP51J 화이트라벨 닐튼 자켓,"
                                                                                                                                                188000",188000,459,https://www.musinsa.com/app/goods/3451113?loc=goods_rank
스포츠용품,90,NJ3BP81J,THE NORTH FACE,NJ3BP81J 화이트라벨 여성 닐튼 자켓,"
                                                                                                                                                188000",188000,1842,https://www.musinsa.com/app/goods/3483269?loc=goods_rank
스포츠용품,91,VISCARIA,BUTTERFLY,버터플라이 탁구라켓 비스카리아,"
                                                                                                                                                184800",184800,4,https://www.musinsa.com/app/goods/3387235?loc=goods_rank
스포츠용품,92,FAS160AY1503001SS23,THOM BROWNE,여성 울 캐시미어 립 4바 심리스 레깅스 - 블랙,1260000,719000,8,https://www.musinsa.com/app/goods/3196503?loc=goods_rank
스포츠용품,93,MGSBSB01CL400GO0CH,MINIMALWORKS,카멜레온 400 차콜,"
                                                                                                                                                178000",178000,50,https://www.musinsa.com/app/goods/3342367?loc=goods_rank
스포츠용품,94,UO323SBG98_BLK0,UMBRO,스포츠 더플백 블랙(UO323SBG98),"
                                                                                                                                                79000",79000,373,https://www.musinsa.com/app/goods/3447198?loc=goods_rank
스포츠용품,95,18113,NINETY PLUS,우븐 조거 팬츠(블랙),"
                                                                                                                                                42900",42900,15322,https://www.musinsa.com/app/goods/1317598?loc=goods_rank
스포츠용품,96,HD21FSS004,HDEX,메인로고 삭스 4컬러 3packs,21000,18900,2121,https://www.musinsa.com/app/goods/2959926?loc=goods_rank
스포츠용품,97,1027425,KEEN,재스퍼 락 스니커즈 Safari Blue,179000,169500,5479,https://www.musinsa.com/app/goods/3046014?loc=goods_rank
스포츠용품,98,5005210850,MIZUNO,쿠션 미드 5족,20900,17900,503,https://www.musinsa.com/app/goods/3414085?loc=goods_rank
스포츠용품,99,10555,HELINOX,체어제로 라지 - 블랙,"
                                                                                                                                                160000",160000,41,https://www.musinsa.com/app/goods/2969384?loc=goods_rank
스포츠용품,100,1043A017100,ASICS,젤-레졸루션 9 와이드(1043A017100) 테니스화,"
                                                                                                                                                159000",159000,220,https://www.musinsa.com/app/goods/3201140?loc=goods_rank
