﻿카테고리,순위,품번,브랜드명,상품명(한글),판매가,비회원가,좋아요 수,URL
아우터,1,1111,LAFUDGESTORE,솔라노 에어플로우 윈드 자켓_Black,74900,37000,3594,https://www.musinsa.com/app/goods/3417474?loc=goods_rank
아우터,2,IA4778,ADIDAS,베켄바우어 트랙탑 - 블랙,105000,90900,10444,https://www.musinsa.com/app/goods/3042936?loc=goods_rank
아우터,3,IA4776,ADIDAS,베켄바우어 트랙탑 - 네이비,105000,90900,7109,https://www.musinsa.com/app/goods/3042935?loc=goods_rank
아우터,4,MMJJK601-BK,MUSINSA STANDARD,릴렉스드 베이식 블레이저 [블랙],81900,73690,57268,https://www.musinsa.com/app/goods/1558197?loc=goods_rank
아우터,5,Pack_13,URBANDTYPE,[ 리뉴얼 ] UB 바람막이 쓰리피스 셋업_블랙,109000,54000,15676,https://www.musinsa.com/app/goods/2288426?loc=goods_rank
아우터,6,TAF-2WHZU01MG,TOFFEE,2WAY 스웻 후드 집업 (MELANGE GREY),45000,39000,199098,https://www.musinsa.com/app/goods/1778404?loc=goods_rank
아우터,7,IN4683,ADIDAS,파이어버드 트랙탑 - 마룬,"
                                                                                                                                                119000",119000,2433,https://www.musinsa.com/app/goods/3503551?loc=goods_rank
아우터,8,5004509854,MARDI MERCREDI,RACCOON BLENDED CARDIGAN V NECK SPADE_MINT,158000,150100,5527,https://www.musinsa.com/app/goods/3556311?loc=goods_rank
아우터,9,fudge,LAFUDGESTORE,[3M 신슐레이트]오리지널 M-1965 피쉬테일 파카_Original Khaki,138000,94900,75260,https://www.musinsa.com/app/goods/2064478?loc=goods_rank
아우터,10,TRSJK01BK,TRILLION,워싱 스티치 데님자켓 (BLACK),86000,59000,64886,https://www.musinsa.com/app/goods/1790383?loc=goods_rank
아우터,11,Pack50,URBANDTYPE,[ 리뉴얼 ]린넨 쓰리피스 셋업_블랙,99000,33900,4154,https://www.musinsa.com/app/goods/2458191?loc=goods_rank
아우터,12,WBC3L04503GR,GENERALIDEA,GNRL 에센셜 가디건 [GREY],85000,49000,11267,https://www.musinsa.com/app/goods/3434621?loc=goods_rank
아우터,13,2170225,FP142,유스풀 벌룬 후드집업 그레이 SJHD1327,57000,39800,36901,https://www.musinsa.com/app/goods/2122596?loc=goods_rank
아우터,14,20230119-11,ESPIONAGE,Ray Yacht Parka Carrot,129000,109000,3857,https://www.musinsa.com/app/goods/3034336?loc=goods_rank
아우터,15,MMCNJ901-CR,MUSINSA STANDARD,팀코리아 데님 트러커 재킷 [크림],"
                                                                                                                                                129900",129900,551,https://www.musinsa.com/app/goods/3504248?loc=goods_rank
아우터,16,MMJJK101-BK,MUSINSA STANDARD,오버사이즈 블레이저 [블랙],83900,75490,42488,https://www.musinsa.com/app/goods/1283757?loc=goods_rank
아우터,17,MG2300HZ01GR,WHATITISNT,엔젤 와펜 후드집업 그레이,79000,47400,8702,https://www.musinsa.com/app/goods/3029811?loc=goods_rank
아우터,18,000413,SORANO,SORANO 11-SPORTY HOODIE ZIP-UP [3Color],98000,69000,13109,https://www.musinsa.com/app/goods/3426543?loc=goods_rank
아우터,19,23FW-REVERSIBLE OVERSIZED BOMBER (BROWN),ETCE,REVERSIBLE OVERSIZED BOMBER (BROWN),319000,287100,58,https://www.musinsa.com/app/goods/3554536?loc=goods_rank
아우터,20,2170224,FP142,유스풀 벌룬 후드집업 네이비 SJHD1327,57000,39800,23246,https://www.musinsa.com/app/goods/2122594?loc=goods_rank
아우터,21,WBC3L04503BK,GENERALIDEA,GNRL 에센셜 가디건 [BLACK],85000,49000,8849,https://www.musinsa.com/app/goods/3434619?loc=goods_rank
아우터,22,LMDC001,LMOOD,화란 세미오버 가디건 블랙,94900,71100,30933,https://www.musinsa.com/app/goods/1139192?loc=goods_rank
아우터,23,5004509831,MARDI MERCREDI,RACCOON BLENDED CARDIGAN ROUND NECK SPADE_BABYBLUE,158000,150100,1671,https://www.musinsa.com/app/goods/3556304?loc=goods_rank
아우터,24,MG2300HZ01BK,WHATITISNT,엔젤 와펜 후드집업 블랙,79000,47400,3367,https://www.musinsa.com/app/goods/3029809?loc=goods_rank
아우터,25,vvain_536,VERYVAIN,GAFF TEX CARDIGAN (BLACK),38000,29900,22381,https://www.musinsa.com/app/goods/2159724?loc=goods_rank
아우터,26,IRO097,IRONYPORNO WHITELINE,IRO097 [비건스웨이드] 크루얼티프리 알파 스웨이드 자켓 블랙,94000,47000,24356,https://www.musinsa.com/app/goods/2085156?loc=goods_rank
아우터,27,IM2C4JP20BK,INSILENCE,아스트로 패디드 자켓 BLACK,220000,198000,220,https://www.musinsa.com/app/goods/3454008?loc=goods_rank
아우터,28,MJT022H00535068SS23,THOM BROWNE,남성 루프백 저지 니트 엔지니어드 4바 클래식 집업 후드 - 라이트 그레이,1490000,745000,67,https://www.musinsa.com/app/goods/3196479?loc=goods_rank
아우터,29,SPJJD25C21,SPAO,라이트 패커블 윈드브레이커_SPJJD25C21,39900,35910,30945,https://www.musinsa.com/app/goods/1856181?loc=goods_rank
아우터,30,m1037_685405,LAFUDGESTORE,드로잉 워싱 데님 레이서 자켓_Light Blue,99800,79800,2217,https://www.musinsa.com/app/goods/3453036?loc=goods_rank
아우터,31,SLO15JK22501,SLOW RECORD HOUSE,파이핑 라인 나일론 자켓_네이비,138000,89000,48116,https://www.musinsa.com/app/goods/2471405?loc=goods_rank
아우터,32,NM31WB01M1BK,NOMANUAL,PENON WIND SHELL - BLACK,149000,129630,33222,https://www.musinsa.com/app/goods/2329532?loc=goods_rank
아우터,33,DF22SS4011,DOFFJASON,오버핏 비건레더 싱글 자켓,129000,89000,59330,https://www.musinsa.com/app/goods/1576700?loc=goods_rank
아우터,34,20230725-02,ESPIONAGE,Miller Heavyweight Cardigan Forest Green,132000,112000,1173,https://www.musinsa.com/app/goods/3426603?loc=goods_rank
아우터,35,20230220-16,ESPIONAGE,Hunting Blouson Jacket Olive,184000,156000,5669,https://www.musinsa.com/app/goods/3094153?loc=goods_rank
아우터,36,CBCFUTC003BK,CODEGRAPHY,CGP 아치 로고 후드 집업_블랙,69000,54900,12615,https://www.musinsa.com/app/goods/2283930?loc=goods_rank
아우터,37,20220913-11,ESPIONAGE,Relaxed Denim Jacket Indigo,159000,135000,4281,https://www.musinsa.com/app/goods/2788219?loc=goods_rank
아우터,38,MMJJK601-MR,MUSINSA STANDARD,릴렉스드 베이식 블레이저 [미디엄 그레이],81900,73690,10333,https://www.musinsa.com/app/goods/1558683?loc=goods_rank
아우터,39,IM2C4JK01BK,INSILENCE,오버사이즈 울 블레이저 BLACK,172000,154000,16294,https://www.musinsa.com/app/goods/841230?loc=goods_rank
아우터,40,2170221,FP142,유스풀 벌룬 후드집업 블랙 SJHD1327,57000,39800,13117,https://www.musinsa.com/app/goods/2122590?loc=goods_rank
아우터,41,m1037_685405,LAFUDGESTORE,드로잉 워싱 데님 레이서 자켓_Middle Blue,99800,79800,4927,https://www.musinsa.com/app/goods/3453035?loc=goods_rank
아우터,42,WHJJD4T12U,WHO.A.U,유니 바시티 자켓 WHJJD4T12U,159000,143100,656,https://www.musinsa.com/app/goods/3466744?loc=goods_rank
아우터,43,UO421CPJO3_PBE0,UMBRO,더블데커 히든후드 스탠넥 패딩자켓 플래티넘 베이지(UO421CPJO3),"
                                                                                                                                                199000",199000,56,https://www.musinsa.com/app/goods/3507923?loc=goods_rank
아우터,44,5004509922,MARDI MERCREDI,CASHMERE BLENDED CARDIGAN ROUND NECK_NAVY CREAM,138000,131100,820,https://www.musinsa.com/app/goods/3556316?loc=goods_rank
아우터,45,m1037_685405,LAFUDGESTORE,에센셜 플리츠 폰테 블루종_Black,113000,89800,1678,https://www.musinsa.com/app/goods/3452999?loc=goods_rank
아우터,46,TN233TSWHZ01NAV,THISISNEVERTHAT,CP INTL. Logo Zip Hoodie Navy,"
                                                                                                                                                89000",89000,398,https://www.musinsa.com/app/goods/3498194?loc=goods_rank
아우터,47,NJ3NP55A,THE NORTH FACE,NJ3NP55A 남성 눕시 온볼 자켓,"
                                                                                                                                                249000",249000,2531,https://www.musinsa.com/app/goods/3411703?loc=goods_rank
아우터,48,COOSCD001SET,COSTUME O’CLOCK,[2PACK][코튼100]소프트 베이직 가디건  COOSCD001,118000,53100,730,https://www.musinsa.com/app/goods/3440440?loc=goods_rank
아우터,49,BC22SPJK70BK,BEYOND CLOSET,노맨틱 히든 라이닝 HQ 블레이저 자켓 블랙,258000,232200,2758,https://www.musinsa.com/app/goods/2351082?loc=goods_rank
아우터,50,DF22SS203,DOFFJASON,램스킨 100 라이더 자켓,339000,245000,9181,https://www.musinsa.com/app/goods/621574?loc=goods_rank
아우터,51,22FWOUT023,LETTERCOMO,빅 어워드 스타디움 울 바시티자켓 블랙,105300,84200,55359,https://www.musinsa.com/app/goods/2752332?loc=goods_rank
아우터,52,JK044NY,NOT4NERD,Tribal Logo Nylon Racing Jacket - Navy,111500,89000,12465,https://www.musinsa.com/app/goods/3209862?loc=goods_rank
아우터,53,DBCSJK12BE,DIMITRI BLACK,해링턴 블루종 자켓_샌드베이지,99000,35000,1568,https://www.musinsa.com/app/goods/3029724?loc=goods_rank
아우터,54,L3AO0029SD,LMOOD,로데오 트러커 블루종 자켓 빈티지 블랙,248000,223200,412,https://www.musinsa.com/app/goods/3406272?loc=goods_rank
아우터,55,MMJNJ108-WC,MUSINSA STANDARD,릴렉스드 데님 트러커 재킷 [워시드 블랙],"
                                                                                                                                                69900",69900,19437,https://www.musinsa.com/app/goods/1337094?loc=goods_rank
아우터,56,IEJU3F103W2,IL CORSO,웨이브 울 블루종 브라운 IEJU3F103W2,259000,229000,178,https://www.musinsa.com/app/goods/3436566?loc=goods_rank
아우터,57,UNION-JK02,UNION BLUE,TIPICO COTTON CHINO JACKET,244000,244000,286,https://www.musinsa.com/app/goods/2170147?loc=goods_rank
아우터,58,1111,LAFUDGESTORE,솔라노 에어플로우 윈드 자켓_Ecru,74900,37000,710,https://www.musinsa.com/app/goods/3417478?loc=goods_rank
아우터,59,CBCS1JP004GR,CODEGRAPHY,2-WAY 테크 숏 자켓_그레이,79000,74900,35036,https://www.musinsa.com/app/goods/1530517?loc=goods_rank
아우터,60,2170223,FP142,유스풀 벌룬 후드집업 다크그레이 SJHD1327,57000,39800,7974,https://www.musinsa.com/app/goods/2122593?loc=goods_rank
아우터,61,TRTTSSWB04UC6,TRAVEL,고프 후드 윈드 브레이커 블랙,89000,59900,12870,https://www.musinsa.com/app/goods/2340574?loc=goods_rank
아우터,62,23F8893-3100,PLACE STUDIO,비건 투웨이 블루종 스웨이드 밴딩 점퍼 자켓 [브라운],97000,58200,20631,https://www.musinsa.com/app/goods/2701875?loc=goods_rank
아우터,63,SA23FWMJ22MG,SATUR,테오 코튼 올 데이 후드 집업 멜란지 그레이,149000,134100,25623,https://www.musinsa.com/app/goods/2718413?loc=goods_rank
아우터,64,m1037_722242,LAFUDGESTORE,[리뉴얼 ver.][3M 신슐레이트] M-1965 피쉬테일 숏 파카_Vintage Black,129000,98900,64955,https://www.musinsa.com/app/goods/2102252?loc=goods_rank
아우터,65,LQ2340680FW22,NEEDLES,남성 R.C 트랙 재킷 - 네이비,490000,383000,587,https://www.musinsa.com/app/goods/3165026?loc=goods_rank
아우터,66,A60280990FW22,ACNE STUDIOS,여성 페이스 패치 울 가디건 - 그레이 멜란지,460000,382000,193,https://www.musinsa.com/app/goods/3303993?loc=goods_rank
아우터,67,m1037_6854051,LAFUDGESTORE,버프워시 버핑레더 인시전 바이커 자켓_Washing Black&Ivory,113000,89800,19278,https://www.musinsa.com/app/goods/3036129?loc=goods_rank
아우터,68,MNPOOTW16020001-400,POLO RALPH LAUREN,페이디드 데님 트럭커 재킷 - 블루,"
                                                                                                                                                359000",359000,791,https://www.musinsa.com/app/goods/2091622?loc=goods_rank
아우터,69,MMCUJ801-KH,MUSINSA STANDARD,시티 레저 후디드 윈드브레이커 재킷 [카키],129900,116890,865,https://www.musinsa.com/app/goods/3405534?loc=goods_rank
아우터,70,OL238,URBANDTYPE,코듀로이 래글런 자켓_핑크_OL238,89000,69000,2540,https://www.musinsa.com/app/goods/3439975?loc=goods_rank
아우터,71,5005456422,INTEMPOMOOD,웨스턴 트윌 코튼 재킷_라이트카키,148000,118400,579,https://www.musinsa.com/app/goods/3469758?loc=goods_rank
아우터,72,Sheer Hood Vest Black,PARTIMENTO,시어 후드 베스트 블랙,47400,32900,18525,https://www.musinsa.com/app/goods/3349832?loc=goods_rank
아우터,73,LRTS3302MGYF,LEATHERY,커버 스티치 크롭 후드 집업 [GREY],77000,65450,2627,https://www.musinsa.com/app/goods/3435365?loc=goods_rank
아우터,74,CMD4JP02V-BLK,COOR,테일 드로스트링 윈드브레이커 (블랙),180000,162000,512,https://www.musinsa.com/app/goods/3480810?loc=goods_rank
아우터,75,2308876473,STUDIO TOMBOY,[MEN] 데님 트러커자켓_그레이 9153313835,359000,323100,8,https://www.musinsa.com/app/goods/3520756?loc=goods_rank
아우터,76,20220103-12,ESPIONAGE,Miller Heavyweight Cardigan Burnt Orange,132000,112000,14936,https://www.musinsa.com/app/goods/2288704?loc=goods_rank
아우터,77,O-12,LEMARD,미니멀 절개 블루종 - 블랙,162000,145800,2073,https://www.musinsa.com/app/goods/2352851?loc=goods_rank
아우터,78,PY-23166 BK,PARTIMENTO,풋볼 저지 트랙 자켓 블랙,62400,49900,6265,https://www.musinsa.com/app/goods/3536974?loc=goods_rank
아우터,79,BCFWIFCD01,INSTANTFUNK,베이직 자수 울 가디건,"
                                                                                                                                                149000",149000,242,https://www.musinsa.com/app/goods/3453959?loc=goods_rank
아우터,80,DUW225511Z,EIDER,STOOKY (스투키) UNI 다운 자켓_Ebony,399000,299000,3235,https://www.musinsa.com/app/goods/2059311?loc=goods_rank
아우터,81,AH497E-53N166,LACOSTE,남성 링스링스 브이넥 가디건 [네이비],"
                                                                                                                                                299000",299000,66,https://www.musinsa.com/app/goods/3429408?loc=goods_rank
아우터,82,MMJJK601-UI,MUSINSA STANDARD,릴렉스드 베이식 블레이저 [더스티 베이지],81900,73690,9672,https://www.musinsa.com/app/goods/1558688?loc=goods_rank
아우터,83,A23FWTBW986_MUPI,ANDERSSON BELL for WOMEN,(WOMEN) 스트라이프 푸들 니트 가디건 atb986w(MULTI PINK),"
                                                                                                                                                298000",298000,26,https://www.musinsa.com/app/goods/3486177?loc=goods_rank
아우터,84,MK2312KV002M0BR,MATIN KIM,SPELL POINT STRIPE KNIT VEST IN BROWN,"
                                                                                                                                                148000",148000,2250,https://www.musinsa.com/app/goods/3125669?loc=goods_rank
아우터,85,ZKSFST001,ZEROSTREET,[2컬러] [세트] 브이넥 트위드 자켓 & 스커트,269000,147950,1799,https://www.musinsa.com/app/goods/2807021?loc=goods_rank
아우터,86,IRO086,IRONYPORNO WHITELINE,IRO086 [비건레더] 크루얼티프리 싱글 카라넥 레더 자켓 블랙,96000,48000,26377,https://www.musinsa.com/app/goods/2029419?loc=goods_rank
아우터,87,LC001CD,LMOOD,화란 세미오버 가디건 클라우드 그레이,94900,71100,25263,https://www.musinsa.com/app/goods/1139338?loc=goods_rank
아우터,88,5000144264,MARDI MERCREDI,RACCOON BLENDED CARDIGAN V NECK_GREY IVORY,148000,140600,5539,https://www.musinsa.com/app/goods/2740332?loc=goods_rank
아우터,89,VBC8JP03BK,DIMITRI BLACK,(VLAD) D-Layer™더블레이어 윈드브레이커 자켓_블랙,78000,62500,1566,https://www.musinsa.com/app/goods/3457749?loc=goods_rank
아우터,90,1111,LAFUDGESTORE,레이어쉘 후드 집업 자켓_Black,99800,69000,677,https://www.musinsa.com/app/goods/3453024?loc=goods_rank
아우터,91,DFJK1304GY,DRAW FIT,리에디션 스웨이드 자켓 [GREY],168000,134400,2637,https://www.musinsa.com/app/goods/407074?loc=goods_rank
아우터,92,N22SJK06-BK,NOIRER,오버핏 크롭 데님 자켓 (블랙),198000,118800,2193,https://www.musinsa.com/app/goods/2359414?loc=goods_rank
아우터,93,20220307-12,ESPIONAGE,French Wide Work Jacket French Blue,146000,124000,3855,https://www.musinsa.com/app/goods/2403367?loc=goods_rank
아우터,94,T3S-HNHZUV403,TOFFEE,하이넥 나일론 후드 집업 베스트 (BLACK),79000,49000,11411,https://www.musinsa.com/app/goods/3158825?loc=goods_rank
아우터,95,AHS40A19OC,ANOBLIR,오버핏 크롭 카라 가디건 [블랙],110500,77300,20747,https://www.musinsa.com/app/goods/2286964?loc=goods_rank
아우터,96,DFKN3103BK,DRAW FIT,오버사이즈 PBT 라운드 가디건 [BLACK],85000,76500,1282,https://www.musinsa.com/app/goods/3037099?loc=goods_rank
아우터,97,5000094650,LUV IS TRUE,MZ 2-WAY GLITTER HOOD ZIP UP(BLACK),89000,80100,8556,https://www.musinsa.com/app/goods/2724609?loc=goods_rank
아우터,98,LE2301HZ01GR,LEE,트위치 로고 후드집업 그레이,79000,63200,14186,https://www.musinsa.com/app/goods/2710931?loc=goods_rank
아우터,99,FZZJTC92WT,FCMM,클럽 팀 사이드라인 트랙 자켓 - 화이트,59000,47200,10616,https://www.musinsa.com/app/goods/2054619?loc=goods_rank
아우터,100,DBCSJK03GR DBCSPL03GR,DIMITRI BLACK,(2023.ver) 사이드픽스 슈팅 수트 셋업_그레이,156000,119000,2370,https://www.musinsa.com/app/goods/3059721?loc=goods_rank
