﻿카테고리,순위,품번,브랜드명,상품명(한글),판매가,비회원가,좋아요 수,URL
가방,1,S#ak11,HAHARCHIVE,아크 블랙 메신저백,"
                                                                                                                                                79000",79000,117852,https://www.musinsa.com/app/goods/1789507?loc=goods_rank
가방,2,21N-010A,STAND OIL,Oblong bag · 오블롱백,"
                                                                                                                                                119000",119000,37851,https://www.musinsa.com/app/goods/2344538?loc=goods_rank
가방,3,5005325217,MASMARULEZ,Daily string bobu bag _ butter cream,62000,46500,10981,https://www.musinsa.com/app/goods/3408132?loc=goods_rank
가방,4,CR23S501GY,SCULPTOR,Vintage Canvas Duffel Bag Pale Gray,72000,50400,45562,https://www.musinsa.com/app/goods/3034751?loc=goods_rank
가방,5,FMRFABA852M,MAISON MINED,LEATHER SADDLEBAG BLACK,129000,109650,1278,https://www.musinsa.com/app/goods/3426541?loc=goods_rank
가방,6,P0000DFG,MATIN KIM,ACCORDION WALLET IN BLACK,"
                                                                                                                                                88000",88000,55623,https://www.musinsa.com/app/goods/1969507?loc=goods_rank
가방,7,S1001,SQUARELINE,Layer shoulder/cross bag - S1001 (7color),84000,58800,19781,https://www.musinsa.com/app/goods/3045081?loc=goods_rank
가방,8,H73305020,CARLYN,트위 4colors_H73305020,130000,117000,162,https://www.musinsa.com/app/goods/3386060?loc=goods_rank
가방,9,COCSXM61445IAIFW23,A.P.C.,공용 로르 로고 데님 숄더백 - 블루,119000,69000,616,https://www.musinsa.com/app/goods/3459610?loc=goods_rank
가방,10,MK2377BG902M0SV,MATIN KIM,MATIN TARPAULIN SHOPPER BAG IN SILVER,18000,16200,1611,https://www.musinsa.com/app/goods/3551295?loc=goods_rank
가방,11,MAPOBGS0G620067-001,POLO RALPH LAUREN,캔버스 쇼퍼 토트 - 블랙,"
                                                                                                                                                139000",139000,2157,https://www.musinsa.com/app/goods/2110432?loc=goods_rank
가방,12,A043CD2B,AGED GRAY,코듀라더블버클2웨이백팩,98000,98000,5185,https://www.musinsa.com/app/goods/1241170?loc=goods_rank
가방,13,21A-006C,STAND OIL,Butter bag · 버터백,"
                                                                                                                                                89000",89000,18511,https://www.musinsa.com/app/goods/2343664?loc=goods_rank
가방,14,MK2279BG030M0SV,MATIN KIM,ACCORDION MINI BAG IN SILVER,"
                                                                                                                                                138000",138000,13139,https://www.musinsa.com/app/goods/3024801?loc=goods_rank
가방,15,S221AC01BK,SALAD BOWLS,SYMBOL NYLON BACKPACK [BLACK],98000,88200,14394,https://www.musinsa.com/app/goods/2392115?loc=goods_rank
가방,16,MK2377BG902M0BB,MATIN KIM,MATIN TARPAULIN SHOPPER BAG IN BLACK,18000,16200,3162,https://www.musinsa.com/app/goods/3551298?loc=goods_rank
가방,17,ALLSEASON,SATUR,누오로 3Way 백 글로시 블랙,"
                                                                                                                                                249000",249000,2975,https://www.musinsa.com/app/goods/2836187?loc=goods_rank
가방,18,S#bi,HAHARCHIVE,블랙 나일론 아이패드백,"
                                                                                                                                                59000",59000,26254,https://www.musinsa.com/app/goods/1453531?loc=goods_rank
가방,19,5004514697,MASMARULEZ,Daily string bobu bag _ Black,62000,52700,23298,https://www.musinsa.com/app/goods/3345187?loc=goods_rank
가방,20,Cushiony Hobo Bag,DUMARO,쿠셔니 호보 백,94000,94000,273,https://www.musinsa.com/app/goods/2402762?loc=goods_rank
가방,21,breeze,FFROI,브리즈,"
                                                                                                                                                100000",100000,27372,https://www.musinsa.com/app/goods/2630526?loc=goods_rank
가방,22,TN233WBABP02BKA,THISISNEVERTHAT,INTL-Logo Backpack 30 Black,"
                                                                                                                                                169000",169000,789,https://www.musinsa.com/app/goods/3465883?loc=goods_rank
가방,23,D1094,DONKIE,Enoch 에녹 - 8color,118000,76700,286,https://www.musinsa.com/app/goods/3498818?loc=goods_rank
가방,24,5000640061,MASMARULEZ,빅 트래블백 _ 블랙,67500,34500,14202,https://www.musinsa.com/app/goods/1377156?loc=goods_rank
가방,25,5004514699,MASMARULEZ,Layered backpack _ black,81000,68900,3881,https://www.musinsa.com/app/goods/3345194?loc=goods_rank
가방,26,LVSO3FM01MF1BL0171,LOUIS QUATORZE,남성장지갑 SO3FM01BL,188000,131600,116,https://www.musinsa.com/app/goods/1885611?loc=goods_rank
가방,27,AAHO3F351D3,ATHE VANESSABRUNO,버건디 보딸라또 명함 카드지갑 AAHO3F351D3,138000,131100,2899,https://www.musinsa.com/app/goods/3325944?loc=goods_rank
가방,28,4861190493_02,ILLIO,[LOGOPLAY] STRINGBAG(GYM SACK)_BLACK,"
                                                                                                                                                43000",43000,15046,https://www.musinsa.com/app/goods/1527984?loc=goods_rank
가방,29,5000904411,D.LAB,비건가죽 램번트 숄더백-2color,58000,36800,8984,https://www.musinsa.com/app/goods/2966165?loc=goods_rank
가방,30,하프문 나일론 슬링백 크로스백 - 블랙,BYMOSS,하프문 나일론 슬링백 크로스백 - 블랙,61000,37800,825,https://www.musinsa.com/app/goods/3246353?loc=goods_rank
가방,31,NOI991,NOIAGO,NOI991 드로우 스트링 백 (네이비),62000,49600,1771,https://www.musinsa.com/app/goods/3376261?loc=goods_rank
가방,32,K3343LBG11KHK,KODAK,코다크롬 버킷 백팩 KHAKI,"
                                                                                                                                                99000",99000,1187,https://www.musinsa.com/app/goods/3115013?loc=goods_rank
가방,33,YS233WBAMB01BLK,YESEYESEE,Y.E.S Contour Sling Bag Black,"
                                                                                                                                                99000",99000,285,https://www.musinsa.com/app/goods/3480166?loc=goods_rank
가방,34,231AAC94,AFTERPRAY,락스타 풀 프린트 크로스백 블랙,109000,98000,436,https://www.musinsa.com/app/goods/3401912?loc=goods_rank
가방,35,401054521,PIECE MAKER,EQUIPMENT BASIC BACKPACK (BLACK),65000,49000,930,https://www.musinsa.com/app/goods/1273611?loc=goods_rank
가방,36,MMLGBC2A016,MMLG,[Mmlg] MMLG RUCKSACK (BEIGE),"
                                                                                                                                                92000",92000,13383,https://www.musinsa.com/app/goods/2279619?loc=goods_rank
가방,37,MMLGBC2A016,MMLG,[Mmlg] MMLG RUCKSACK (BLACK),"
                                                                                                                                                92000",92000,5914,https://www.musinsa.com/app/goods/2279622?loc=goods_rank
가방,38,AYL00165,KLATTERMUSEN,엘드림너 룸버팩 5L,119000,91630,6,https://www.musinsa.com/app/goods/3442664?loc=goods_rank
가방,39,CR23A504PK,SCULPTOR,Faux Mongolian Shoulder Bag Fuchsia,98000,88200,79,https://www.musinsa.com/app/goods/3537102?loc=goods_rank
가방,40,23ss001,DOUBLE QUOTES,버터 카드 홀더 2번째,"
                                                                                                                                                39000",39000,3729,https://www.musinsa.com/app/goods/3138218?loc=goods_rank
가방,41,kulpb05,KUL,Pocket bag (Black),"
                                                                                                                                                78000",78000,424,https://www.musinsa.com/app/goods/3360863?loc=goods_rank
가방,42,S23FUCCB23LK,SNOWPEAK APPAREL,S23FUCCB23 캠플 플랩 크로스백 Light Khaki,79000,75050,56,https://www.musinsa.com/app/goods/3394474?loc=goods_rank
가방,43,LILIA-BASIL,MARTINCOKS,Lilia Shoulder (릴리아 숄더백) Basil,115000,75000,265,https://www.musinsa.com/app/goods/3348035?loc=goods_rank
가방,44,RR233AC002BEIGE,REST&RECREATION,RR WASHED COTTON MINI BAG_BEIGE,78000,74100,17,https://www.musinsa.com/app/goods/3535635?loc=goods_rank
가방,45,RBP5043BKZF,RAWROW,스트링 슬림 백팩 503 ep.2 Black,"
                                                                                                                                                69000",69000,2737,https://www.musinsa.com/app/goods/1507136?loc=goods_rank
가방,46,SO323UBG71_BLK0,DESCENTE,스포츠베이직 슬링백 S 블랙,"
                                                                                                                                                69000",69000,95,https://www.musinsa.com/app/goods/3360336?loc=goods_rank
가방,47,M20SBB1020,MAISON MINED,RE BIKER BAG,79000,67150,11673,https://www.musinsa.com/app/goods/1284230?loc=goods_rank
가방,48,LRBG2303BKO,LEATHERY,크랙드 크로스백 [BLACK],82000,65600,8013,https://www.musinsa.com/app/goods/2688927?loc=goods_rank
가방,49,FM1PK01BKF,FENNEC,CRINKLE TRIANGLE ACCORDION POCKET - BLACK,"
                                                                                                                                                65000",65000,17032,https://www.musinsa.com/app/goods/2975285?loc=goods_rank
가방,50,2007848,DINAIENT,스탠다드 데이백 블랙,69000,59000,226,https://www.musinsa.com/app/goods/2638834?loc=goods_rank
가방,51,15color shoulder strap,MASMARULEZ,15컬러 와이드 숄더 스트랩,19700,14500,1991,https://www.musinsa.com/app/goods/1376542?loc=goods_rank
가방,52,LN2704,LEXON,PREMIUM 13 14인치 노트북 싱글 백팩 - LN2704,73000,58400,31,https://www.musinsa.com/app/goods/2683056?loc=goods_rank
가방,53,N225UBSB01BK0FR,NATIONAL PUBLICITY,HARBOR SF 가죽 크로스 슬링백,72000,57600,1569,https://www.musinsa.com/app/goods/2614930?loc=goods_rank
가방,54,Salt Bag,DUMARO,솔트백,98000,98000,1361,https://www.musinsa.com/app/goods/3446244?loc=goods_rank
가방,55,5000024445,KANGOL,코드 Ⅴ 포켓 버켓백 3884 브라운,75000,52500,130,https://www.musinsa.com/app/goods/2707130?loc=goods_rank
가방,56,DF22SS8010,DOFFJASON,램스킨,89000,49700,17068,https://www.musinsa.com/app/goods/1256451?loc=goods_rank
가방,57,MIBG0003-BK,MUSINSA STANDARD,코듀라 웨이스트 백 [블랙],"
                                                                                                                                                23900",23900,6516,https://www.musinsa.com/app/goods/937529?loc=goods_rank
가방,58,043,NAKED SURF CLUB,리사이클 워터프루프 백 (Magenta),"
                                                                                                                                                45000",45000,1858,https://www.musinsa.com/app/goods/3329523?loc=goods_rank
가방,59,NN2PP03N,THE NORTH FACE,NN2PP03N 슈퍼 크로스 백,49000,44100,180,https://www.musinsa.com/app/goods/3030663?loc=goods_rank
가방,60,H73302010,CARLYN,[23FW] 코지 글로우 4colors_H73302010,100000,90000,68,https://www.musinsa.com/app/goods/3539475?loc=goods_rank
가방,61,D1035,DONKIE,anemone 아네모네 - 7color,64000,41600,90,https://www.musinsa.com/app/goods/3272330?loc=goods_rank
가방,62,CSB4,SUENO STUDIO,크링클 슬링백(블루),69000,41400,30,https://www.musinsa.com/app/goods/3429929?loc=goods_rank
가방,63,WBP001-667,THIRDWEAVE,ESSENTIAL DAYPACK,64000,64000,290,https://www.musinsa.com/app/goods/1255952?loc=goods_rank
가방,64,FK1CW01TYF,FENNEC,SOFT CARD CASE - TINT YELLOW,"
                                                                                                                                                38000",38000,4007,https://www.musinsa.com/app/goods/1863992?loc=goods_rank
가방,65,2197623,EARPEARP,GOOD THINGS TAKE TIME-BLACK(노트북파우치),44000,37900,3512,https://www.musinsa.com/app/goods/2691315?loc=goods_rank
가방,66,NB15ABG080,NEIKIDNIS,메쉬 스트링 백팩 블랙,90000,65000,38841,https://www.musinsa.com/app/goods/1264107?loc=goods_rank
가방,67,YD02BG1012BK,YALE,2WAY LIGHT COMFORT SACOCHE BAG BLACK,45000,36000,1403,https://www.musinsa.com/app/goods/3218114?loc=goods_rank
가방,68,1176680,BRIGHTON,본드 20/24/28형 여행용캐리어 여행가방 화물용 케리어,230000,74900,15422,https://www.musinsa.com/app/goods/1447194?loc=goods_rank
가방,69,메신저백7탄 - 블랙(2020),BYMOSS,메신저백7탄 - 블랙(2020),59000,32000,50945,https://www.musinsa.com/app/goods/1216585?loc=goods_rank
가방,70,1,BY ATELIER,아틀리에 코듀로이 백_6컬러,"
                                                                                                                                                27000",27000,4547,https://www.musinsa.com/app/goods/2200716?loc=goods_rank
가방,71,CR22A512GR,SCULPTOR,Oldschool Slouchy Backpack Sage,84000,58800,25084,https://www.musinsa.com/app/goods/3034745?loc=goods_rank
가방,72,JS0A4QUE1008,JANSPORT,슈퍼브레이크 플러스 랩탑 BLACK,59000,55900,18388,https://www.musinsa.com/app/goods/1534526?loc=goods_rank
가방,73,JS0A4QUT008,JANSPORT,슈퍼브레이크 BLACK,54000,51200,34526,https://www.musinsa.com/app/goods/1528287?loc=goods_rank
가방,74,CBCFUBP001BK,CODEGRAPHY,CGP 아치 로고 백팩_블랙(+미니 파우치),89000,79900,11526,https://www.musinsa.com/app/goods/3011494?loc=goods_rank
가방,75,5000575073,MASMARULEZ,Daily backpack _ Black,69000,46000,31241,https://www.musinsa.com/app/goods/2245910?loc=goods_rank
가방,76,H73116010,CARLYN,[23FW] 포잉 코튼 캔디_H73116010,"
                                                                                                                                                100000",100000,133,https://www.musinsa.com/app/goods/3512050?loc=goods_rank
가방,77,21N-017A,STAND OIL,Oblong bag Mini · 오블롱백 미니,"
                                                                                                                                                96000",96000,51839,https://www.musinsa.com/app/goods/2344540?loc=goods_rank
가방,78,NFP1806012MTI,NTFP,Give out a Flash CROSS BAG (MULTI) NFP1806012MTI,58000,58000,56,https://www.musinsa.com/app/goods/1466501?loc=goods_rank
가방,79,NM2DP51A,THE NORTH FACE,NM2DP51A 빅샷,150000,135000,61351,https://www.musinsa.com/app/goods/1034480?loc=goods_rank
가방,80,NM2DP55A,THE NORTH FACE,NM2DP55A 미니 샷,99000,89100,11745,https://www.musinsa.com/app/goods/1597319?loc=goods_rank
가방,81,CO2300CB01BK,COVERNAT,어센틱 메신저백 블랙,79000,55300,26748,https://www.musinsa.com/app/goods/2271789?loc=goods_rank
가방,82,M21SSBG01BK,MATIN KIM,BUCKLE BAG IN BLACK,"
                                                                                                                                                98000",98000,49533,https://www.musinsa.com/app/goods/1835080?loc=goods_rank
가방,83,CO2300BP01BK,COVERNAT,어센틱 로고 백팩 27L 블랙,89000,62300,41165,https://www.musinsa.com/app/goods/938746?loc=goods_rank
가방,84,23sbn,MUR,보네백 (6color),102000,61200,16093,https://www.musinsa.com/app/goods/2997152?loc=goods_rank
가방,85,NM2DP52A,THE NORTH FACE,NM2DP52A 핫샷,145000,130500,5029,https://www.musinsa.com/app/goods/3045584?loc=goods_rank
가방,86,NG2CFUAB88ABK,NICEGHOSTCLUB,NGC 슬링 백_블랙(NG2CFUAB88A),159000,127200,27371,https://www.musinsa.com/app/goods/2702033?loc=goods_rank
가방,87,NB15ABG070,NEIKIDNIS,앱솔루트 백팩 블랙,110000,79000,34093,https://www.musinsa.com/app/goods/693318?loc=goods_rank
가방,88,YB1BG0031BK,YALE,THINK PACK,119000,79000,42198,https://www.musinsa.com/app/goods/2066837?loc=goods_rank
가방,89,halfmoon cross bag_khaki beige,MASMARULEZ,halfmoon cross bag_khaki beige,51000,39000,16617,https://www.musinsa.com/app/goods/2320960?loc=goods_rank
가방,90,essentialMB(bk),PEEPS,에센셜 메신져백 블랙,52000,37700,67792,https://www.musinsa.com/app/goods/342189?loc=goods_rank
가방,91,23S-039B,STAND OIL,Chubby Bag Combi · 츄비백 콤비,119000,113050,246,https://www.musinsa.com/app/goods/3474455?loc=goods_rank
가방,92,JS00T45G9RU,JANSPORT,엔보이 DESERT BEIGE,119000,112900,8093,https://www.musinsa.com/app/goods/1744100?loc=goods_rank
가방,93,1176684,BRIGHTON,아이레 20+26인치 PC 캐리어 세트,750000,198000,63,https://www.musinsa.com/app/goods/3563831?loc=goods_rank
가방,94,JS47JK008K3,JANSPORT,빅스튜던트 BLACK,89000,71200,21990,https://www.musinsa.com/app/goods/1581689?loc=goods_rank
가방,95,LUXURY_BLACK,BUBILIAN,럭셔리 백팩_Black,135000,69800,24718,https://www.musinsa.com/app/goods/1320752?loc=goods_rank
가방,96,448065DTD1T1000SS23,GUCCI,여성 미니 GG 마틀라세 숄더백 - 블랙,1780000,1699000,107,https://www.musinsa.com/app/goods/3193641?loc=goods_rank
가방,97,8800660102241,LENEE B,엘라백 블랙,39000,33000,6702,https://www.musinsa.com/app/goods/3323403?loc=goods_rank
가방,98,23sst,MUR,솔트백  (8color),102000,61200,6909,https://www.musinsa.com/app/goods/2997154?loc=goods_rank
가방,99,m1037_893276,VUNQUE,Occam Doux Shoulder L (오캄 두 숄더 라지)_4colors,"
                                                                                                                                                365000",365000,2515,https://www.musinsa.com/app/goods/3029931?loc=goods_rank
가방,100,BG0000LL095BR490FW23,LEMAIRE,공용 라지 크로와상 백 - 다크 초콜릿,2480000,1449000,115,https://www.musinsa.com/app/goods/3464407?loc=goods_rank
